[11:44:35] Thread pool started with 4 worker threads.
[11:44:35] Server started in MULTITHREADED mode on port 8080
[11:44:40] Normal request processed for: Browser
[11:44:54] Normal request processed for: Rishabh
[11:45:06] Normal request processed for: Browser
[11:48:01] Thread pool started with 10 worker threads.
[11:48:01] Server started in MULTITHREADED mode on port 8080
[11:48:06] Normal request processed for: Browser
[11:55:20] Thread pool started with 10 worker threads.
[11:55:20] Server started in MULTITHREADED mode on port 8080
[11:55:26] Normal request processed for: Browser
[11:55:36] Normal request processed for: Rishabh
[11:55:36] Normal request processed for: Abhi
[11:55:36] Normal request processed for: Avi
[11:56:00] Thread pool started with 10 worker threads.
[11:56:00] Server started in MULTITHREADED mode on port 8080
[11:56:02] Normal request processed for: Abhi
[11:56:03] Normal request processed for: Rishabh
[11:56:04] Normal request processed for: Avi
[11:56:05] Normal request processed for: Browser
[11:56:08] Priority request processed for: Inder
[11:56:10] Normal request processed for: Avi
[11:56:10] Normal request processed for: Abhi
[11:56:10] Normal request processed for: Rishabh
[11:58:04] Thread pool started with 10 worker threads.
[11:58:04] Server started in MULTITHREADED mode on port 8080
[11:58:08] Normal request processed for: Rishabh
[11:58:08] Normal request processed for: Avi
[11:58:09] Normal request processed for: Browser
[11:58:10] Normal request processed for: Abhi
[11:58:12] Priority request processed for: Inder
[11:59:45] Thread pool started with 10 worker threads.
[11:59:45] Server started in MULTITHREADED mode on port 8080
[11:59:48] Normal request processed for: Rishabh
[11:59:48] Normal request processed for: Avi
[11:59:49] Normal request processed for: Abhi
[11:59:50] Normal request processed for: Browser
[11:59:52] Normal request processed for: Rishabh
[11:59:53] Normal request processed for: Avi
[11:59:54] Normal request processed for: Abhi
[11:59:57] Priority request processed for: Inder
[11:59:59] Normal request processed for: Rishabh
[11:59:59] Normal request processed for: Avi
[12:00:00] Normal request processed for: Abhi
[12:00:04] Normal request processed for: Rishabh
[12:00:04] Normal request processed for: Avi
[12:00:05] Normal request processed for: Abhi
[12:00:08] Normal request processed for: Rishabh
[12:00:09] Normal request processed for: Avi
[12:08:57] Server stopped.
[12:11:51] Thread pool started with 10 worker threads.
[12:11:51] Server started in MULTITHREADED mode on port 8080
[12:11:55] Normal request processed for: Rishabh
[12:11:55] Normal request processed for: Abhi
[12:11:55] Normal request processed for: Avi
[12:11:57] Normal request processed for: Browser
[12:11:59] Normal request processed for: Rishabh
[12:12:00] Normal request processed for: Avi
[12:12:00] Normal request processed for: Abhi
[12:12:04] Normal request processed for: Rishabh
[12:12:07] Priority request processed for: Inder
[12:12:09] Normal request processed for: Avi
[12:12:09] Normal request processed for: Abhi
[12:12:09] Normal request processed for: Rishabh
[12:12:13] Normal request processed for: Rishabh
[12:12:14] Normal request processed for: Avi
[12:12:14] Normal request processed for: Abhi
[12:12:18] Normal request processed for: Rishabh
[12:12:19] Normal request processed for: Avi
[12:12:21] Priority request processed for: Inder
[12:12:23] Normal request processed for: Abhi
[12:12:23] Normal request processed for: Rishabh
[12:12:24] Normal request processed for: Avi
[12:12:28] Normal request processed for: Rishabh
[12:12:29] Normal request processed for: Abhi
[12:12:29] Normal request processed for: Avi
[12:12:32] Normal request processed for: Rishabh
[12:12:36] Priority request processed for: Inder
[12:12:38] Normal request processed for: Avi
[12:12:38] Normal request processed for: Rishabh
[12:12:38] Normal request processed for: Abhi
[12:12:42] Normal request processed for: Rishabh
[12:12:43] Normal request processed for: Avi
[12:12:43] Normal request processed for: Abhi
[12:12:47] Normal request processed for: Rishabh
[12:12:48] Normal request processed for: Avi
[12:12:51] Priority request processed for: Inder
[12:12:53] Normal request processed for: Abhi
[12:12:53] Normal request processed for: Rishabh
[12:12:53] Normal request processed for: Avi
[12:12:57] Normal request processed for: Rishabh
[12:12:58] Normal request processed for: Abhi
[12:12:58] Normal request processed for: Avi
[12:13:02] Normal request processed for: Rishabh
[12:13:05] Priority request processed for: Inder
[12:13:07] Normal request processed for: Rishabh
[12:13:07] Normal request processed for: Abhi
[12:13:07] Normal request processed for: Avi
[12:13:12] Normal request processed for: Rishabh
[12:13:12] Normal request processed for: Avi
[12:13:13] Normal request processed for: Abhi
[12:13:16] Normal request processed for: Rishabh
[12:13:17] Normal request processed for: Avi
[12:13:20] Priority request processed for: Inder
[12:13:22] Normal request processed for: Rishabh
[12:13:22] Normal request processed for: Abhi
[12:13:22] Normal request processed for: Avi
[12:13:26] Normal request processed for: Rishabh
[12:13:27] Normal request processed for: Abhi
[12:13:27] Normal request processed for: Avi
[12:13:31] Normal request processed for: Rishabh
[12:13:34] Priority request processed for: Inder
[12:13:36] Normal request processed for: Rishabh
[12:13:36] Normal request processed for: Avi
[12:13:36] Normal request processed for: Abhi
[12:13:41] Normal request processed for: Rishabh
[12:13:41] Normal request processed for: Avi
[12:13:42] Normal request processed for: Abhi
[12:13:45] Normal request processed for: Rishabh
[12:13:46] Normal request processed for: Avi
[12:13:49] Priority request processed for: Inder
[12:13:51] Normal request processed for: Rishabh
[12:13:51] Normal request processed for: Abhi
[12:13:51] Normal request processed for: Avi
[12:13:55] Normal request processed for: Rishabh
[12:13:56] Normal request processed for: Abhi
[12:13:56] Normal request processed for: Avi
[12:14:00] Normal request processed for: Rishabh
[12:14:03] Priority request processed for: Inder
[12:14:05] Normal request processed for: Rishabh
[12:14:05] Normal request processed for: Avi
[12:14:05] Normal request processed for: Abhi
[12:14:10] Normal request processed for: Rishabh
[12:14:10] Normal request processed for: Avi
[12:14:11] Normal request processed for: Abhi
[12:14:14] Normal request processed for: Rishabh
[12:14:15] Normal request processed for: Avi
[12:14:18] Priority request processed for: Inder
[12:14:20] Normal request processed for: Rishabh
[12:14:20] Normal request processed for: Abhi
[12:14:20] Normal request processed for: Avi
[12:14:24] Normal request processed for: Rishabh
[12:14:25] Normal request processed for: Abhi
[12:14:26] Normal request processed for: Avi
[12:14:29] Normal request processed for: Rishabh
[12:14:32] Priority request processed for: Inder
[12:14:34] Normal request processed for: Rishabh
[12:14:34] Normal request processed for: Avi
[12:14:34] Normal request processed for: Abhi
[12:14:39] Normal request processed for: Rishabh
[12:14:39] Normal request processed for: Avi
[12:14:40] Normal request processed for: Abhi
[12:14:43] Normal request processed for: Rishabh
[12:14:44] Normal request processed for: Avi
[12:14:47] Priority request processed for: Inder
[12:14:49] Normal request processed for: Rishabh
[12:14:49] Normal request processed for: Abhi
[12:14:49] Normal request processed for: Avi
[12:14:53] Normal request processed for: Rishabh
[12:14:55] Normal request processed for: Abhi
[12:14:55] Normal request processed for: Avi
[12:14:58] Normal request processed for: Rishabh
[12:15:02] Priority request processed for: Inder
[12:15:04] Normal request processed for: Avi
[12:15:04] Normal request processed for: Rishabh
[12:15:04] Normal request processed for: Abhi
[12:15:08] Normal request processed for: Rishabh
[12:15:09] Normal request processed for: Avi
[12:15:09] Normal request processed for: Abhi
[12:15:13] Normal request processed for: Rishabh
[12:15:14] Normal request processed for: Avi
[12:15:16] Priority request processed for: Inder
[12:15:18] Normal request processed for: Rishabh
[12:15:18] Normal request processed for: Abhi
[12:15:19] Normal request processed for: Avi
[12:15:23] Normal request processed for: Rishabh
[12:15:24] Normal request processed for: Abhi
[12:15:24] Normal request processed for: Avi
[12:15:27] Normal request processed for: Rishabh
[12:15:31] Priority request processed for: Inder
[12:15:33] Normal request processed for: Rishabh
[12:15:33] Normal request processed for: Avi
[12:15:33] Normal request processed for: Abhi
[12:15:37] Normal request processed for: Rishabh
[12:15:38] Normal request processed for: Avi
[12:15:38] Normal request processed for: Abhi
[12:15:42] Normal request processed for: Rishabh
[12:15:43] Normal request processed for: Avi
[12:15:45] Priority request processed for: Inder
[12:15:47] Normal request processed for: Abhi
[12:15:47] Normal request processed for: Rishabh
[12:15:48] Normal request processed for: Avi
[12:15:52] Normal request processed for: Rishabh
[12:15:53] Normal request processed for: Abhi
[12:15:53] Normal request processed for: Avi
[12:15:56] Normal request processed for: Rishabh
[12:16:00] Priority request processed for: Inder
[12:16:02] Normal request processed for: Rishabh
[12:16:02] Normal request processed for: Avi
[12:16:02] Normal request processed for: Abhi
[12:16:06] Normal request processed for: Rishabh
[12:16:07] Normal request processed for: Avi
[12:16:07] Normal request processed for: Abhi
[12:16:11] Normal request processed for: Rishabh
[12:16:12] Normal request processed for: Avi
[12:16:14] Priority request processed for: Inder
[12:16:16] Normal request processed for: Rishabh
[12:16:16] Normal request processed for: Abhi
[12:16:17] Normal request processed for: Avi
[12:16:21] Normal request processed for: Rishabh
[12:16:22] Normal request processed for: Abhi
[12:16:22] Normal request processed for: Avi
[12:16:25] Normal request processed for: Rishabh
[12:16:29] Priority request processed for: Inder
[12:16:31] Normal request processed for: Abhi
[12:16:31] Normal request processed for: Avi
[12:16:31] Normal request processed for: Rishabh
[12:16:35] Normal request processed for: Rishabh
[12:16:36] Normal request processed for: Avi
[12:16:36] Normal request processed for: Abhi
[12:16:40] Normal request processed for: Rishabh
[12:16:41] Normal request processed for: Avi
[12:16:43] Priority request processed for: Inder
[12:16:45] Normal request processed for: Rishabh
[12:16:45] Normal request processed for: Abhi
[12:16:46] Normal request processed for: Avi
[12:16:50] Normal request processed for: Rishabh
[12:16:51] Normal request processed for: Abhi
[12:16:51] Normal request processed for: Avi
[12:16:54] Normal request processed for: Rishabh
[12:16:58] Priority request processed for: Inder
[12:17:00] Normal request processed for: Avi
[12:17:00] Normal request processed for: Abhi
[12:17:00] Normal request processed for: Rishabh
[12:17:05] Normal request processed for: Rishabh
[12:17:05] Normal request processed for: Avi
[12:17:06] Normal request processed for: Abhi
[12:17:09] Normal request processed for: Rishabh
[12:17:10] Normal request processed for: Avi
[12:17:13] Priority request processed for: Inder
[12:17:15] Normal request processed for: Rishabh
[12:17:15] Normal request processed for: Abhi
[12:17:15] Normal request processed for: Avi
[12:17:19] Normal request processed for: Rishabh
[12:17:20] Normal request processed for: Abhi
[12:17:20] Normal request processed for: Avi
[12:17:24] Normal request processed for: Rishabh
[12:17:27] Priority request processed for: Inder
[12:17:29] Normal request processed for: Avi
[12:17:29] Normal request processed for: Abhi
[12:17:29] Normal request processed for: Rishabh
[12:17:34] Normal request processed for: Rishabh
[12:17:34] Normal request processed for: Avi
[12:17:35] Normal request processed for: Abhi
[12:17:38] Normal request processed for: Rishabh
[12:17:39] Normal request processed for: Avi
[12:17:42] Priority request processed for: Inder
[12:17:44] Normal request processed for: Abhi
[12:17:44] Normal request processed for: Rishabh
[12:17:44] Normal request processed for: Avi
[12:17:48] Normal request processed for: Rishabh
[12:17:49] Normal request processed for: Abhi
[12:17:49] Normal request processed for: Avi
[12:17:53] Normal request processed for: Rishabh
[12:17:56] Priority request processed for: Inder
[12:17:58] Normal request processed for: Avi
[12:17:58] Normal request processed for: Rishabh
[12:17:58] Normal request processed for: Abhi
[12:18:03] Normal request processed for: Rishabh
[12:18:03] Normal request processed for: Avi
[12:18:04] Normal request processed for: Abhi
[12:18:07] Normal request processed for: Rishabh
[12:18:08] Normal request processed for: Avi
[12:18:11] Priority request processed for: Inder
[12:18:13] Normal request processed for: Abhi
[12:18:13] Normal request processed for: Rishabh
[12:18:13] Normal request processed for: Avi
[12:18:17] Normal request processed for: Rishabh
[12:18:18] Normal request processed for: Abhi
[12:18:19] Normal request processed for: Avi
[12:18:22] Normal request processed for: Rishabh
[12:18:25] Priority request processed for: Inder
[12:18:27] Normal request processed for: Rishabh
[12:18:27] Normal request processed for: Abhi
[12:18:27] Normal request processed for: Avi
[12:18:32] Normal request processed for: Rishabh
[12:18:33] Normal request processed for: Avi
[12:18:33] Normal request processed for: Abhi
[12:18:37] Normal request processed for: Rishabh
[12:18:38] Normal request processed for: Avi
[12:18:40] Priority request processed for: Inder
[12:18:42] Normal request processed for: Abhi
[12:18:42] Normal request processed for: Rishabh
[12:18:43] Normal request processed for: Avi
[12:18:47] Normal request processed for: Rishabh
[12:18:48] Normal request processed for: Abhi
[12:18:48] Normal request processed for: Avi
[12:18:51] Normal request processed for: Rishabh
[12:18:55] Priority request processed for: Inder
[12:18:57] Normal request processed for: Rishabh
[12:18:57] Normal request processed for: Avi
[12:18:57] Normal request processed for: Abhi
[12:19:01] Normal request processed for: Rishabh
[12:19:02] Normal request processed for: Avi
[12:19:02] Normal request processed for: Abhi
[12:19:06] Normal request processed for: Rishabh
[12:19:07] Normal request processed for: Avi
[12:19:09] Priority request processed for: Inder
[12:19:11] Normal request processed for: Abhi
[12:19:11] Normal request processed for: Rishabh
[12:19:12] Normal request processed for: Avi
[12:19:16] Normal request processed for: Rishabh
[12:19:17] Normal request processed for: Abhi
[12:19:17] Normal request processed for: Avi
[12:19:20] Normal request processed for: Rishabh
[12:19:24] Priority request processed for: Inder
[12:19:26] Normal request processed for: Avi
[12:19:26] Normal request processed for: Abhi
[12:19:26] Normal request processed for: Rishabh
[12:19:30] Normal request processed for: Rishabh
[12:19:31] Normal request processed for: Avi
[12:19:31] Normal request processed for: Abhi
[12:19:35] Normal request processed for: Rishabh
[12:19:36] Normal request processed for: Avi
[12:19:38] Priority request processed for: Inder
[12:19:40] Normal request processed for: Abhi
[12:19:40] Normal request processed for: Rishabh
[12:19:41] Normal request processed for: Avi
[12:19:45] Normal request processed for: Rishabh
[12:19:46] Normal request processed for: Abhi
[12:19:46] Normal request processed for: Avi
[12:19:50] Normal request processed for: Rishabh
[12:19:53] Priority request processed for: Inder
[12:19:55] Normal request processed for: Rishabh
[12:19:55] Normal request processed for: Abhi
[12:19:55] Normal request processed for: Avi
[12:20:00] Normal request processed for: Rishabh
[12:20:00] Normal request processed for: Avi
[12:20:01] Normal request processed for: Abhi
[12:20:04] Normal request processed for: Rishabh
[12:20:05] Normal request processed for: Avi
[12:20:08] Priority request processed for: Inder
[12:20:10] Normal request processed for: Rishabh
[12:20:10] Normal request processed for: Abhi
[12:20:10] Normal request processed for: Avi
[12:20:14] Normal request processed for: Rishabh
[12:20:15] Normal request processed for: Abhi
[12:20:16] Normal request processed for: Avi
[12:20:19] Normal request processed for: Rishabh
[12:20:22] Priority request processed for: Inder
[12:20:24] Normal request processed for: Avi
[12:20:24] Normal request processed for: Rishabh
[12:20:24] Normal request processed for: Abhi
[12:20:29] Normal request processed for: Rishabh
[12:20:30] Normal request processed for: Avi
[12:20:30] Normal request processed for: Abhi
[12:20:34] Normal request processed for: Rishabh
[12:20:35] Normal request processed for: Avi
[12:20:37] Priority request processed for: Inder
[12:20:39] Normal request processed for: Rishabh
[12:20:39] Normal request processed for: Abhi
[12:20:40] Normal request processed for: Avi
[12:20:44] Normal request processed for: Rishabh
[12:20:45] Normal request processed for: Abhi
[12:20:45] Normal request processed for: Avi
[12:20:48] Normal request processed for: Rishabh
[12:20:52] Priority request processed for: Inder
[12:20:54] Normal request processed for: Rishabh
[12:20:54] Normal request processed for: Avi
[12:20:54] Normal request processed for: Abhi
[12:20:58] Normal request processed for: Rishabh
[12:20:59] Normal request processed for: Avi
[12:20:59] Normal request processed for: Abhi
[12:21:03] Normal request processed for: Rishabh
[12:21:04] Normal request processed for: Avi
[12:21:06] Priority request processed for: Inder
[12:21:08] Normal request processed for: Rishabh
[12:21:08] Normal request processed for: Abhi
[12:21:09] Normal request processed for: Avi
[12:21:13] Normal request processed for: Rishabh
[12:21:14] Normal request processed for: Abhi
[12:21:14] Normal request processed for: Avi
[12:21:18] Normal request processed for: Rishabh
[12:21:21] Priority request processed for: Inder
[12:21:23] Normal request processed for: Rishabh
[12:21:23] Normal request processed for: Avi
[12:21:23] Normal request processed for: Abhi
[12:21:28] Normal request processed for: Rishabh
[12:21:28] Normal request processed for: Avi
[12:21:29] Normal request processed for: Abhi
[12:21:32] Normal request processed for: Rishabh
[12:21:34] Normal request processed for: Avi
[12:21:36] Priority request processed for: Inder
[12:21:38] Normal request processed for: Abhi
[12:21:38] Normal request processed for: Rishabh
[12:21:39] Normal request processed for: Avi
[12:21:42] Normal request processed for: Rishabh
[12:21:44] Normal request processed for: Abhi
[12:21:44] Normal request processed for: Avi
[12:21:47] Normal request processed for: Rishabh
[12:21:50] Priority request processed for: Inder
[12:21:52] Normal request processed for: Rishabh
[12:21:52] Normal request processed for: Avi
[12:21:52] Normal request processed for: Abhi
[12:21:57] Normal request processed for: Rishabh
[12:21:58] Normal request processed for: Avi
[12:21:58] Normal request processed for: Abhi
[12:22:02] Normal request processed for: Rishabh
[12:22:03] Normal request processed for: Avi
[12:22:05] Priority request processed for: Inder
[12:22:07] Normal request processed for: Abhi
[12:22:07] Normal request processed for: Rishabh
[12:22:08] Normal request processed for: Avi
[12:22:12] Normal request processed for: Rishabh
[12:22:13] Normal request processed for: Abhi
[12:22:13] Normal request processed for: Avi
[12:22:16] Normal request processed for: Rishabh
[12:22:20] Priority request processed for: Inder
[12:22:22] Normal request processed for: Rishabh
[12:22:22] Normal request processed for: Avi
[12:22:22] Normal request processed for: Abhi
[12:22:26] Normal request processed for: Rishabh
[12:22:27] Normal request processed for: Avi
[12:22:28] Normal request processed for: Abhi
[12:22:31] Normal request processed for: Rishabh
[12:22:32] Normal request processed for: Avi
[12:22:35] Priority request processed for: Inder
[12:22:37] Normal request processed for: Abhi
[12:22:37] Normal request processed for: Rishabh
[12:22:37] Normal request processed for: Avi
[12:22:41] Normal request processed for: Rishabh
[12:22:42] Normal request processed for: Abhi
[12:22:43] Normal request processed for: Avi
[12:22:46] Normal request processed for: Rishabh
[12:22:49] Priority request processed for: Inder
[12:22:51] Normal request processed for: Avi
[12:22:51] Normal request processed for: Abhi
[12:22:51] Normal request processed for: Rishabh
[12:22:56] Normal request processed for: Rishabh
[12:22:56] Normal request processed for: Avi
[12:22:57] Normal request processed for: Abhi
[12:23:00] Normal request processed for: Rishabh
[12:23:02] Normal request processed for: Avi
[12:23:04] Priority request processed for: Inder
[12:23:06] Normal request processed for: Abhi
[12:23:06] Normal request processed for: Rishabh
[12:23:07] Normal request processed for: Avi
[12:23:11] Normal request processed for: Rishabh
[12:23:12] Normal request processed for: Abhi
[12:23:12] Normal request processed for: Avi
[12:23:15] Normal request processed for: Rishabh
[12:23:19] Priority request processed for: Inder
[12:23:21] Normal request processed for: Rishabh
[12:23:21] Normal request processed for: Avi
[12:23:21] Normal request processed for: Abhi
[12:23:25] Normal request processed for: Rishabh
[12:23:26] Normal request processed for: Avi
[12:23:26] Normal request processed for: Abhi
[12:23:30] Normal request processed for: Rishabh
[12:23:31] Normal request processed for: Avi
[12:23:33] Priority request processed for: Inder
[12:23:35] Normal request processed for: Abhi
[12:23:35] Normal request processed for: Rishabh
[12:23:36] Normal request processed for: Avi
[12:23:40] Normal request processed for: Rishabh
[12:23:41] Normal request processed for: Abhi
[12:23:41] Normal request processed for: Avi
[12:23:45] Normal request processed for: Rishabh
[12:23:48] Priority request processed for: Inder
[12:23:50] Normal request processed for: Avi
[12:23:50] Normal request processed for: Abhi
[12:23:50] Normal request processed for: Rishabh
[12:23:55] Normal request processed for: Rishabh
[12:23:55] Normal request processed for: Avi
[12:23:56] Normal request processed for: Abhi
[12:23:59] Normal request processed for: Rishabh
[12:24:00] Normal request processed for: Avi
[12:24:03] Priority request processed for: Inder
[12:24:05] Normal request processed for: Abhi
[12:24:05] Normal request processed for: Rishabh
[12:24:06] Normal request processed for: Avi
[12:24:10] Normal request processed for: Rishabh
[12:24:10] Normal request processed for: Abhi
[12:24:11] Normal request processed for: Avi
[12:24:14] Normal request processed for: Rishabh
[12:24:17] Priority request processed for: Inder
[12:24:19] Normal request processed for: Rishabh
[12:24:19] Normal request processed for: Avi
[12:24:19] Normal request processed for: Abhi
[12:24:24] Normal request processed for: Rishabh
[12:24:24] Normal request processed for: Avi
[12:24:25] Normal request processed for: Abhi
[12:24:28] Normal request processed for: Rishabh
[12:24:29] Normal request processed for: Avi
[12:24:32] Priority request processed for: Inder
[12:24:34] Normal request processed for: Abhi
[12:24:34] Normal request processed for: Rishabh
[12:24:34] Normal request processed for: Avi
[12:24:38] Normal request processed for: Rishabh
[12:24:39] Normal request processed for: Abhi
[12:24:39] Normal request processed for: Avi
[12:24:43] Normal request processed for: Rishabh
[12:24:46] Priority request processed for: Inder
[12:24:48] Normal request processed for: Rishabh
[12:24:48] Normal request processed for: Abhi
[12:24:48] Normal request processed for: Avi
[12:24:53] Normal request processed for: Rishabh
[12:24:53] Normal request processed for: Avi
[12:24:54] Normal request processed for: Abhi
[12:24:57] Normal request processed for: Rishabh
[12:24:58] Normal request processed for: Avi
[12:25:01] Priority request processed for: Inder
[12:25:03] Normal request processed for: Rishabh
[12:25:03] Normal request processed for: Abhi
[12:25:03] Normal request processed for: Avi
[12:25:07] Normal request processed for: Rishabh
[12:25:08] Normal request processed for: Abhi
[12:25:08] Normal request processed for: Avi
[12:25:12] Normal request processed for: Rishabh
[12:25:15] Priority request processed for: Inder
[12:25:17] Normal request processed for: Abhi
[12:25:17] Normal request processed for: Rishabh
[12:25:17] Normal request processed for: Avi
[12:25:22] Normal request processed for: Rishabh
[12:25:22] Normal request processed for: Avi
[12:25:23] Normal request processed for: Abhi
[12:25:26] Normal request processed for: Rishabh
[12:25:27] Normal request processed for: Avi
[12:25:30] Priority request processed for: Inder
[12:25:32] Normal request processed for: Rishabh
[12:25:32] Normal request processed for: Abhi
[12:25:32] Normal request processed for: Avi
[12:25:36] Normal request processed for: Rishabh
[12:25:37] Normal request processed for: Abhi
[12:25:38] Normal request processed for: Avi
[12:25:41] Normal request processed for: Rishabh
[12:25:44] Priority request processed for: Inder
[12:25:46] Normal request processed for: Abhi
[12:25:46] Normal request processed for: Avi
[12:25:46] Normal request processed for: Rishabh
[12:25:51] Normal request processed for: Rishabh
[12:25:51] Normal request processed for: Avi
[12:25:52] Normal request processed for: Abhi
[12:25:56] Normal request processed for: Rishabh
[12:25:56] Normal request processed for: Avi
[12:25:59] Priority request processed for: Inder
[12:26:01] Normal request processed for: Abhi
[12:26:01] Normal request processed for: Rishabh
[12:26:02] Normal request processed for: Avi
[12:26:05] Normal request processed for: Rishabh
[12:26:07] Normal request processed for: Abhi
[12:26:07] Normal request processed for: Avi
[12:26:10] Normal request processed for: Rishabh
[12:26:14] Priority request processed for: Inder
[12:26:16] Normal request processed for: Rishabh
[12:26:16] Normal request processed for: Avi
[12:26:16] Normal request processed for: Abhi
[12:26:20] Normal request processed for: Rishabh
[12:26:21] Normal request processed for: Avi
[12:26:21] Normal request processed for: Abhi
[12:26:25] Normal request processed for: Rishabh
[12:26:26] Normal request processed for: Avi
[12:26:28] Priority request processed for: Inder
[12:26:30] Normal request processed for: Abhi
[12:26:30] Normal request processed for: Rishabh
[12:26:31] Normal request processed for: Avi
[12:26:35] Normal request processed for: Rishabh
[12:26:36] Normal request processed for: Abhi
[12:26:36] Normal request processed for: Avi
[12:26:39] Normal request processed for: Rishabh
[12:26:43] Priority request processed for: Inder
[12:26:45] Normal request processed for: Avi
[12:26:45] Normal request processed for: Abhi
[12:26:45] Normal request processed for: Rishabh
[12:26:49] Normal request processed for: Rishabh
[12:26:50] Normal request processed for: Avi
[12:26:50] Normal request processed for: Abhi
[12:26:54] Normal request processed for: Rishabh
[12:26:55] Normal request processed for: Avi
[12:26:57] Priority request processed for: Inder
[12:26:59] Normal request processed for: Rishabh
[12:26:59] Normal request processed for: Abhi
[12:27:00] Normal request processed for: Avi
[12:27:04] Normal request processed for: Rishabh
[12:27:05] Normal request processed for: Abhi
[12:27:05] Normal request processed for: Avi
[12:27:08] Normal request processed for: Rishabh
[12:27:12] Priority request processed for: Inder
[12:27:14] Normal request processed for: Rishabh
[12:27:14] Normal request processed for: Abhi
[12:27:14] Normal request processed for: Avi
[12:27:18] Normal request processed for: Rishabh
[12:27:19] Normal request processed for: Avi
[12:27:19] Normal request processed for: Abhi
[12:27:23] Normal request processed for: Rishabh
[12:27:24] Normal request processed for: Avi
[12:27:26] Priority request processed for: Inder
[12:27:28] Normal request processed for: Rishabh
[12:27:28] Normal request processed for: Abhi
[12:27:29] Normal request processed for: Avi
[12:27:33] Normal request processed for: Rishabh
[12:27:34] Normal request processed for: Abhi
[12:27:34] Normal request processed for: Avi
[12:27:37] Normal request processed for: Rishabh
[12:27:41] Priority request processed for: Inder
[12:27:43] Normal request processed for: Abhi
[12:27:43] Normal request processed for: Avi
[12:27:43] Normal request processed for: Rishabh
[12:27:48] Normal request processed for: Rishabh
[12:27:48] Normal request processed for: Avi
[12:27:49] Normal request processed for: Abhi
[12:27:52] Normal request processed for: Rishabh
[12:27:53] Normal request processed for: Avi
[12:27:55] Priority request processed for: Inder
[12:27:57] Normal request processed for: Rishabh
[12:27:57] Normal request processed for: Abhi
[12:27:58] Normal request processed for: Avi
[12:28:02] Normal request processed for: Rishabh
[12:28:03] Normal request processed for: Abhi
[12:28:03] Normal request processed for: Avi
[12:28:07] Normal request processed for: Rishabh
[12:28:10] Priority request processed for: Inder
[12:28:12] Normal request processed for: Abhi
[12:28:12] Normal request processed for: Avi
[12:28:12] Normal request processed for: Rishabh
[12:28:17] Normal request processed for: Rishabh
[12:28:17] Normal request processed for: Avi
[12:28:18] Normal request processed for: Abhi
[12:28:21] Normal request processed for: Rishabh
[12:28:22] Normal request processed for: Avi
[12:28:25] Priority request processed for: Inder
[12:28:27] Normal request processed for: Abhi
[12:28:27] Normal request processed for: Rishabh
[12:28:27] Normal request processed for: Avi
[12:28:31] Normal request processed for: Rishabh
[12:28:32] Normal request processed for: Abhi
[12:28:32] Normal request processed for: Avi
[12:28:36] Normal request processed for: Rishabh
[12:28:39] Priority request processed for: Inder
[12:28:41] Normal request processed for: Abhi
[12:28:41] Normal request processed for: Avi
[12:28:41] Normal request processed for: Rishabh
[12:28:46] Normal request processed for: Rishabh
[12:28:46] Normal request processed for: Avi
[12:28:47] Normal request processed for: Abhi
[12:28:50] Normal request processed for: Rishabh
[12:28:51] Normal request processed for: Avi
[12:28:54] Priority request processed for: Inder
[12:28:56] Normal request processed for: Rishabh
[12:28:56] Normal request processed for: Abhi
[12:28:57] Normal request processed for: Avi
[12:29:00] Normal request processed for: Rishabh
[12:29:02] Normal request processed for: Abhi
[12:29:02] Normal request processed for: Avi
[12:29:05] Normal request processed for: Rishabh
[12:29:09] Priority request processed for: Inder
[12:29:11] Normal request processed for: Abhi
[12:29:11] Normal request processed for: Avi
[12:29:11] Normal request processed for: Rishabh
[12:29:15] Normal request processed for: Rishabh
[12:29:16] Normal request processed for: Avi
[12:29:16] Normal request processed for: Abhi
[12:29:20] Normal request processed for: Rishabh
[12:29:21] Normal request processed for: Avi
[12:29:23] Priority request processed for: Inder
[12:29:25] Normal request processed for: Abhi
[12:29:25] Normal request processed for: Rishabh
[12:29:26] Normal request processed for: Avi
[12:29:30] Normal request processed for: Rishabh
[12:29:31] Normal request processed for: Abhi
[12:29:31] Normal request processed for: Avi
[12:29:35] Normal request processed for: Rishabh
[12:29:38] Priority request processed for: Inder
[12:29:40] Normal request processed for: Rishabh
[12:29:40] Normal request processed for: Abhi
[12:29:40] Normal request processed for: Avi
[12:29:45] Normal request processed for: Rishabh
[12:29:45] Normal request processed for: Avi
[12:29:46] Normal request processed for: Abhi
[12:29:49] Normal request processed for: Rishabh
[12:29:51] Normal request processed for: Avi
[12:29:53] Priority request processed for: Inder
[12:29:55] Normal request processed for: Rishabh
[12:29:55] Normal request processed for: Abhi
[12:29:56] Normal request processed for: Avi
[12:29:59] Normal request processed for: Rishabh
[12:30:01] Normal request processed for: Abhi
[12:30:01] Normal request processed for: Avi
[12:30:04] Normal request processed for: Rishabh
[12:30:08] Priority request processed for: Inder
[12:30:10] Normal request processed for: Abhi
[12:30:10] Normal request processed for: Avi
[12:30:10] Normal request processed for: Rishabh
[12:30:14] Normal request processed for: Rishabh
[12:30:15] Normal request processed for: Avi
[12:30:15] Normal request processed for: Abhi
[12:30:19] Normal request processed for: Rishabh
[12:30:20] Normal request processed for: Avi
[12:30:22] Priority request processed for: Inder
[12:30:24] Normal request processed for: Abhi
[12:30:24] Normal request processed for: Rishabh
[12:30:25] Normal request processed for: Avi
[12:30:29] Normal request processed for: Rishabh
[12:30:30] Normal request processed for: Abhi
[12:30:31] Normal request processed for: Avi
[12:30:34] Normal request processed for: Rishabh
[12:30:37] Priority request processed for: Inder
[12:30:39] Normal request processed for: Rishabh
[12:30:39] Normal request processed for: Abhi
[12:30:39] Normal request processed for: Avi
[12:30:44] Normal request processed for: Rishabh
[12:30:44] Normal request processed for: Avi
[12:30:45] Normal request processed for: Abhi
[12:30:48] Normal request processed for: Rishabh
[12:30:50] Normal request processed for: Avi
[12:30:52] Priority request processed for: Inder
[12:30:54] Normal request processed for: Abhi
[12:30:54] Normal request processed for: Rishabh
[12:30:55] Normal request processed for: Avi
[12:30:59] Normal request processed for: Rishabh
[12:31:00] Normal request processed for: Abhi
[12:31:00] Normal request processed for: Avi
[12:31:03] Normal request processed for: Rishabh
[12:31:07] Priority request processed for: Inder
[12:31:09] Normal request processed for: Rishabh
[12:31:09] Normal request processed for: Abhi
[12:31:09] Normal request processed for: Avi
[12:31:13] Normal request processed for: Rishabh
[12:31:14] Normal request processed for: Avi
[12:31:14] Normal request processed for: Abhi
[12:31:18] Normal request processed for: Rishabh
[12:31:19] Normal request processed for: Avi
[12:31:22] Priority request processed for: Inder
[12:31:24] Normal request processed for: Rishabh
[12:31:24] Normal request processed for: Abhi
[12:31:24] Normal request processed for: Avi
[12:31:28] Normal request processed for: Rishabh
[12:31:29] Normal request processed for: Abhi
[12:31:30] Normal request processed for: Avi
[12:31:33] Normal request processed for: Rishabh
[12:31:36] Priority request processed for: Inder
[12:31:38] Normal request processed for: Abhi
[12:31:38] Normal request processed for: Avi
[12:31:38] Normal request processed for: Rishabh
[12:31:43] Normal request processed for: Rishabh
[12:31:44] Normal request processed for: Avi
[12:31:44] Normal request processed for: Abhi
[12:31:48] Normal request processed for: Rishabh
[12:31:49] Normal request processed for: Avi
[12:31:51] Priority request processed for: Inder
[12:31:53] Normal request processed for: Abhi
[12:31:53] Normal request processed for: Rishabh
[12:31:54] Normal request processed for: Avi
[12:31:58] Normal request processed for: Rishabh
[12:31:59] Normal request processed for: Abhi
[12:31:59] Normal request processed for: Avi
[12:32:02] Normal request processed for: Rishabh
[12:32:06] Priority request processed for: Inder
[12:32:08] Normal request processed for: Rishabh
[12:32:08] Normal request processed for: Avi
[12:32:08] Normal request processed for: Abhi
[12:32:12] Normal request processed for: Rishabh
[12:32:13] Normal request processed for: Avi
[12:32:14] Normal request processed for: Abhi
[12:32:17] Normal request processed for: Rishabh
[12:32:18] Normal request processed for: Avi
[12:32:21] Priority request processed for: Inder
[12:32:23] Normal request processed for: Rishabh
[12:32:23] Normal request processed for: Abhi
[12:32:23] Normal request processed for: Avi
[12:32:27] Normal request processed for: Rishabh
[12:32:28] Normal request processed for: Abhi
[12:32:29] Normal request processed for: Avi
[12:32:32] Normal request processed for: Rishabh
[12:32:35] Priority request processed for: Inder
[12:32:37] Normal request processed for: Rishabh
[12:32:37] Normal request processed for: Avi
[12:32:37] Normal request processed for: Abhi
[12:32:42] Normal request processed for: Rishabh
[12:32:43] Normal request processed for: Avi
[12:32:43] Normal request processed for: Abhi
[12:32:47] Normal request processed for: Rishabh
[12:32:48] Normal request processed for: Avi
[12:32:50] Priority request processed for: Inder
[12:32:52] Normal request processed for: Abhi
[12:32:52] Normal request processed for: Rishabh
[12:32:53] Normal request processed for: Avi
[12:32:57] Normal request processed for: Rishabh
[12:32:58] Normal request processed for: Abhi
[12:32:58] Normal request processed for: Avi
[12:33:01] Normal request processed for: Rishabh
[12:33:05] Priority request processed for: Inder
[12:33:07] Normal request processed for: Avi
[12:33:07] Normal request processed for: Rishabh
[12:33:07] Normal request processed for: Abhi
[12:33:11] Normal request processed for: Rishabh
[12:33:12] Normal request processed for: Avi
[12:33:13] Normal request processed for: Abhi
[12:33:16] Normal request processed for: Rishabh
[12:33:17] Normal request processed for: Avi
[12:33:20] Priority request processed for: Inder
[12:33:22] Normal request processed for: Rishabh
[12:33:22] Normal request processed for: Abhi
[12:33:22] Normal request processed for: Avi
[12:33:26] Normal request processed for: Rishabh
[12:33:27] Normal request processed for: Abhi
[12:33:28] Normal request processed for: Avi
[12:33:31] Normal request processed for: Rishabh
[12:33:34] Priority request processed for: Inder
[12:33:36] Normal request processed for: Avi
[12:33:36] Normal request processed for: Abhi
[12:33:36] Normal request processed for: Rishabh
[12:33:41] Normal request processed for: Rishabh
[12:33:41] Normal request processed for: Avi
[12:33:42] Normal request processed for: Abhi
[12:33:45] Normal request processed for: Rishabh
[12:33:47] Normal request processed for: Avi
[12:33:49] Priority request processed for: Inder
[12:33:51] Normal request processed for: Abhi
[12:33:51] Normal request processed for: Rishabh
[12:33:52] Normal request processed for: Avi
[12:33:56] Normal request processed for: Rishabh
[12:33:57] Normal request processed for: Abhi
[12:33:57] Normal request processed for: Avi
[12:34:00] Normal request processed for: Rishabh
[12:34:04] Priority request processed for: Inder
[12:34:06] Normal request processed for: Avi
[12:34:06] Normal request processed for: Abhi
[12:34:06] Normal request processed for: Rishabh
[12:34:10] Normal request processed for: Rishabh
[12:34:11] Normal request processed for: Avi
[12:34:12] Normal request processed for: Abhi
[12:34:15] Normal request processed for: Rishabh
[12:34:17] Normal request processed for: Avi
[12:34:19] Priority request processed for: Inder
[12:34:21] Normal request processed for: Abhi
[12:34:21] Normal request processed for: Rishabh
[12:34:22] Normal request processed for: Avi
[12:34:26] Normal request processed for: Rishabh
[12:34:27] Normal request processed for: Abhi
[12:34:27] Normal request processed for: Avi
[12:34:30] Normal request processed for: Rishabh
[12:34:34] Priority request processed for: Inder
[12:34:36] Normal request processed for: Avi
[12:34:36] Normal request processed for: Abhi
[12:34:36] Normal request processed for: Rishabh
[12:34:40] Normal request processed for: Rishabh
[12:34:41] Normal request processed for: Avi
[12:34:41] Normal request processed for: Abhi
[12:34:45] Normal request processed for: Rishabh
[12:34:46] Normal request processed for: Avi
[12:34:48] Priority request processed for: Inder
[12:34:50] Normal request processed for: Rishabh
[12:34:50] Normal request processed for: Abhi
[12:34:51] Normal request processed for: Avi
[12:34:55] Normal request processed for: Rishabh
[12:34:56] Normal request processed for: Abhi
[12:34:56] Normal request processed for: Avi
[12:34:59] Normal request processed for: Rishabh
[12:35:03] Priority request processed for: Inder
[12:35:05] Normal request processed for: Rishabh
[12:35:05] Normal request processed for: Avi
[12:35:05] Normal request processed for: Abhi
[12:35:09] Normal request processed for: Rishabh
[12:35:10] Normal request processed for: Avi
[12:35:10] Normal request processed for: Abhi
[12:35:14] Normal request processed for: Rishabh
[12:35:15] Normal request processed for: Avi
[12:35:17] Priority request processed for: Inder
[12:35:19] Normal request processed for: Abhi
[12:35:19] Normal request processed for: Rishabh
[12:35:20] Normal request processed for: Avi
[12:35:24] Normal request processed for: Rishabh
[12:35:25] Normal request processed for: Abhi
[12:35:25] Normal request processed for: Avi
[12:35:28] Normal request processed for: Rishabh
[12:35:32] Priority request processed for: Inder
[12:35:34] Normal request processed for: Abhi
[12:35:34] Normal request processed for: Avi
[12:35:34] Normal request processed for: Rishabh
[12:35:38] Normal request processed for: Rishabh
[12:35:39] Normal request processed for: Avi
[12:35:39] Normal request processed for: Abhi
[12:35:43] Normal request processed for: Rishabh
[12:35:44] Normal request processed for: Avi
[12:35:46] Priority request processed for: Inder
[12:35:48] Normal request processed for: Abhi
[12:35:48] Normal request processed for: Rishabh
[12:35:49] Normal request processed for: Avi
[12:35:53] Normal request processed for: Rishabh
[12:35:54] Normal request processed for: Abhi
[12:35:54] Normal request processed for: Avi
[12:35:58] Normal request processed for: Rishabh
[12:36:01] Priority request processed for: Inder
[12:36:03] Normal request processed for: Avi
[12:36:03] Normal request processed for: Abhi
[12:36:03] Normal request processed for: Rishabh
[12:36:08] Normal request processed for: Rishabh
[12:36:08] Normal request processed for: Avi
[12:36:09] Normal request processed for: Abhi
[12:36:12] Normal request processed for: Rishabh
[12:36:14] Normal request processed for: Avi
[12:36:16] Priority request processed for: Inder
[12:36:18] Normal request processed for: Rishabh
[12:36:18] Normal request processed for: Abhi
[12:36:19] Normal request processed for: Avi
[12:36:22] Normal request processed for: Rishabh
[12:36:23] Normal request processed for: Abhi
[12:36:24] Normal request processed for: Avi
[12:36:27] Normal request processed for: Rishabh
[12:36:30] Priority request processed for: Inder
[12:36:33] Normal request processed for: Avi
[12:36:33] Normal request processed for: Abhi
[12:36:33] Normal request processed for: Rishabh
[12:36:37] Normal request processed for: Rishabh
[12:36:38] Normal request processed for: Avi
[12:36:38] Normal request processed for: Abhi
[12:36:42] Normal request processed for: Rishabh
[12:36:43] Normal request processed for: Avi
[12:36:45] Priority request processed for: Inder
[12:36:47] Normal request processed for: Abhi
[12:36:47] Normal request processed for: Rishabh
[12:36:48] Normal request processed for: Avi
[12:36:52] Normal request processed for: Rishabh
[12:36:53] Normal request processed for: Abhi
[12:36:53] Normal request processed for: Avi
[12:36:57] Normal request processed for: Rishabh
[12:37:00] Priority request processed for: Inder
[12:37:02] Normal request processed for: Rishabh
[12:37:02] Normal request processed for: Avi
[12:37:02] Normal request processed for: Abhi
[12:37:07] Normal request processed for: Rishabh
[12:37:07] Normal request processed for: Avi
[12:37:08] Normal request processed for: Abhi
[12:37:11] Normal request processed for: Rishabh
[12:37:13] Normal request processed for: Avi
[12:37:15] Priority request processed for: Inder
[12:37:17] Normal request processed for: Rishabh
[12:37:17] Normal request processed for: Abhi
[12:37:18] Normal request processed for: Avi
[12:37:21] Normal request processed for: Rishabh
[12:37:23] Normal request processed for: Abhi
[12:37:23] Normal request processed for: Avi
[12:37:26] Normal request processed for: Rishabh
[12:37:29] Priority request processed for: Inder
[12:37:31] Normal request processed for: Rishabh
[12:37:31] Normal request processed for: Avi
[12:37:31] Normal request processed for: Abhi
[12:37:36] Normal request processed for: Rishabh
[12:37:37] Normal request processed for: Avi
[12:37:37] Normal request processed for: Abhi
[12:37:41] Normal request processed for: Rishabh
[12:37:42] Normal request processed for: Avi
[12:37:44] Priority request processed for: Inder
[12:37:46] Normal request processed for: Rishabh
[12:37:46] Normal request processed for: Abhi
[12:37:47] Normal request processed for: Avi
[12:37:51] Normal request processed for: Rishabh
[12:37:52] Normal request processed for: Abhi
[12:37:53] Normal request processed for: Avi
[12:37:56] Normal request processed for: Rishabh
[12:37:59] Priority request processed for: Inder
[12:38:01] Normal request processed for: Abhi
[12:38:01] Normal request processed for: Avi
[12:38:01] Normal request processed for: Rishabh
[12:38:06] Normal request processed for: Rishabh
[12:38:06] Normal request processed for: Avi
[12:38:07] Normal request processed for: Abhi
[12:38:10] Normal request processed for: Rishabh
[12:38:12] Normal request processed for: Avi
[12:38:14] Priority request processed for: Inder
[12:38:16] Normal request processed for: Abhi
[12:38:16] Normal request processed for: Rishabh
[12:38:17] Normal request processed for: Avi
[12:38:20] Normal request processed for: Rishabh
[12:38:22] Normal request processed for: Abhi
[12:38:22] Normal request processed for: Avi
[12:38:25] Normal request processed for: Rishabh
[12:38:28] Priority request processed for: Inder
[12:38:30] Normal request processed for: Rishabh
[12:38:30] Normal request processed for: Avi
[12:38:30] Normal request processed for: Abhi
[12:38:35] Normal request processed for: Rishabh
[12:38:36] Normal request processed for: Avi
[12:38:36] Normal request processed for: Abhi
[12:38:40] Normal request processed for: Rishabh
[12:38:41] Normal request processed for: Avi
[12:38:43] Priority request processed for: Inder
[12:38:45] Normal request processed for: Abhi
[12:38:45] Normal request processed for: Rishabh
[12:38:46] Normal request processed for: Avi
[12:38:50] Normal request processed for: Rishabh
[12:38:51] Normal request processed for: Abhi
[12:38:52] Normal request processed for: Avi
[12:38:55] Normal request processed for: Rishabh
[12:38:58] Priority request processed for: Inder
[12:39:00] Normal request processed for: Rishabh
[12:39:00] Normal request processed for: Avi
[12:39:00] Normal request processed for: Abhi
[12:39:05] Normal request processed for: Rishabh
[12:39:05] Normal request processed for: Avi
[12:39:06] Normal request processed for: Abhi
[12:39:09] Normal request processed for: Rishabh
[12:39:11] Normal request processed for: Avi
[12:39:13] Priority request processed for: Inder
[12:39:15] Normal request processed for: Abhi
[12:39:15] Normal request processed for: Rishabh
[12:39:16] Normal request processed for: Avi
[12:39:20] Normal request processed for: Rishabh
[12:39:21] Normal request processed for: Abhi
[12:39:21] Normal request processed for: Avi
[12:39:24] Normal request processed for: Rishabh
[12:39:28] Priority request processed for: Inder
[12:39:30] Normal request processed for: Rishabh
[12:39:30] Normal request processed for: Avi
[12:39:30] Normal request processed for: Abhi
[12:39:34] Normal request processed for: Rishabh
[12:39:35] Normal request processed for: Avi
[12:39:35] Normal request processed for: Abhi
[12:39:39] Normal request processed for: Rishabh
[12:39:40] Normal request processed for: Avi
[12:39:42] Priority request processed for: Inder
[12:39:44] Normal request processed for: Rishabh
[12:39:44] Normal request processed for: Abhi
[12:39:45] Normal request processed for: Avi
[12:39:49] Normal request processed for: Rishabh
[12:39:50] Normal request processed for: Abhi
[12:39:51] Normal request processed for: Avi
[12:39:54] Normal request processed for: Rishabh
[12:39:57] Priority request processed for: Inder
[12:39:59] Normal request processed for: Rishabh
[12:39:59] Normal request processed for: Abhi
[12:39:59] Normal request processed for: Avi
[12:40:04] Normal request processed for: Rishabh
[12:40:04] Normal request processed for: Avi
[12:40:05] Normal request processed for: Abhi
[12:40:08] Normal request processed for: Rishabh
[12:40:10] Normal request processed for: Avi
[12:40:12] Priority request processed for: Inder
[12:40:14] Normal request processed for: Rishabh
[12:40:14] Normal request processed for: Abhi
[12:40:15] Normal request processed for: Avi
[12:40:19] Normal request processed for: Rishabh
[12:40:20] Normal request processed for: Abhi
[12:40:20] Normal request processed for: Avi
[12:40:23] Normal request processed for: Rishabh
[12:40:27] Priority request processed for: Inder
[12:40:29] Normal request processed for: Abhi
[12:40:29] Normal request processed for: Avi
[12:40:29] Normal request processed for: Rishabh
[12:40:33] Normal request processed for: Rishabh
[12:40:34] Normal request processed for: Avi
[12:40:34] Normal request processed for: Abhi
[12:40:38] Normal request processed for: Rishabh
[12:40:39] Normal request processed for: Avi
[12:40:41] Priority request processed for: Inder
[12:40:43] Normal request processed for: Rishabh
[12:40:43] Normal request processed for: Abhi
[12:40:44] Normal request processed for: Avi
[12:40:48] Normal request processed for: Rishabh
[12:40:49] Normal request processed for: Abhi
[12:40:50] Normal request processed for: Avi
[12:40:53] Normal request processed for: Rishabh
[12:40:56] Priority request processed for: Inder
[12:40:58] Normal request processed for: Rishabh
[12:40:58] Normal request processed for: Abhi
[12:40:58] Normal request processed for: Avi
[12:41:03] Normal request processed for: Rishabh
[12:41:04] Normal request processed for: Avi
[12:41:04] Normal request processed for: Abhi
[12:41:08] Normal request processed for: Rishabh
[12:41:09] Normal request processed for: Avi
[12:41:12] Priority request processed for: Inder
[12:41:14] Normal request processed for: Abhi
[12:41:14] Normal request processed for: Rishabh
[12:41:14] Normal request processed for: Avi
[12:41:18] Normal request processed for: Rishabh
[12:41:19] Normal request processed for: Abhi
[12:41:20] Normal request processed for: Avi
[12:41:23] Normal request processed for: Rishabh
[12:41:26] Priority request processed for: Inder
[12:41:28] Normal request processed for: Rishabh
[12:41:28] Normal request processed for: Avi
[12:41:28] Normal request processed for: Abhi
[12:41:33] Normal request processed for: Rishabh
[12:41:34] Normal request processed for: Avi
[12:41:34] Normal request processed for: Abhi
[12:41:38] Normal request processed for: Rishabh
[12:41:39] Normal request processed for: Avi
[12:41:41] Priority request processed for: Inder
[12:41:43] Normal request processed for: Rishabh
[12:41:43] Normal request processed for: Abhi
[12:41:44] Normal request processed for: Avi
[12:41:48] Normal request processed for: Rishabh
[12:41:49] Normal request processed for: Abhi
[12:41:49] Normal request processed for: Avi
[12:41:52] Normal request processed for: Rishabh
[12:41:56] Priority request processed for: Inder
[12:41:58] Normal request processed for: Avi
[12:41:58] Normal request processed for: Rishabh
[12:41:58] Normal request processed for: Abhi
[12:42:02] Normal request processed for: Rishabh
[12:42:03] Normal request processed for: Avi
[12:42:04] Normal request processed for: Abhi
[12:42:07] Normal request processed for: Rishabh
[12:42:08] Normal request processed for: Avi
[12:42:11] Priority request processed for: Inder
[12:42:13] Normal request processed for: Abhi
[12:42:13] Normal request processed for: Rishabh
[12:42:13] Normal request processed for: Avi
[12:42:17] Normal request processed for: Rishabh
[12:42:18] Normal request processed for: Abhi
[12:42:19] Normal request processed for: Avi
[12:42:22] Normal request processed for: Rishabh
[12:42:25] Priority request processed for: Inder
[12:42:27] Normal request processed for: Avi
[12:42:27] Normal request processed for: Abhi
[12:42:27] Normal request processed for: Rishabh
[12:42:32] Normal request processed for: Rishabh
[12:42:33] Normal request processed for: Avi
[12:42:33] Normal request processed for: Abhi
[12:42:37] Normal request processed for: Rishabh
[12:42:38] Normal request processed for: Avi
[12:42:40] Priority request processed for: Inder
[12:42:42] Normal request processed for: Abhi
[12:42:42] Normal request processed for: Rishabh
[12:42:43] Normal request processed for: Avi
[12:42:47] Normal request processed for: Rishabh
[12:42:48] Normal request processed for: Abhi
[12:42:48] Normal request processed for: Avi
[12:42:51] Normal request processed for: Rishabh
[12:42:55] Priority request processed for: Inder
[12:42:57] Normal request processed for: Rishabh
[12:42:57] Normal request processed for: Avi
[12:42:57] Normal request processed for: Abhi
[12:43:01] Normal request processed for: Rishabh
[12:43:02] Normal request processed for: Avi
[12:43:03] Normal request processed for: Abhi
[12:43:06] Normal request processed for: Rishabh
[12:43:07] Normal request processed for: Avi
[12:43:10] Priority request processed for: Inder
[12:43:12] Normal request processed for: Abhi
[12:43:12] Normal request processed for: Rishabh
[12:43:13] Normal request processed for: Avi
[12:43:16] Normal request processed for: Rishabh
[12:43:17] Normal request processed for: Abhi
[12:43:18] Normal request processed for: Avi
[12:43:21] Normal request processed for: Rishabh
[12:43:24] Priority request processed for: Inder
[12:43:26] Normal request processed for: Rishabh
[12:43:26] Normal request processed for: Abhi
[12:43:26] Normal request processed for: Avi
[12:43:31] Normal request processed for: Rishabh
[12:43:32] Normal request processed for: Avi
[12:43:32] Normal request processed for: Abhi
[12:43:36] Normal request processed for: Rishabh
[12:43:37] Normal request processed for: Avi
[12:43:39] Priority request processed for: Inder
[12:43:41] Normal request processed for: Abhi
[12:43:41] Normal request processed for: Rishabh
[12:43:42] Normal request processed for: Avi
[12:43:46] Normal request processed for: Rishabh
[12:43:47] Normal request processed for: Abhi
[12:43:47] Normal request processed for: Avi
[12:43:50] Normal request processed for: Rishabh
[12:43:54] Priority request processed for: Inder
[12:43:56] Normal request processed for: Rishabh
[12:43:56] Normal request processed for: Avi
[12:43:56] Normal request processed for: Abhi
[12:44:00] Normal request processed for: Rishabh
[12:44:01] Normal request processed for: Avi
[12:44:02] Normal request processed for: Abhi
[12:44:05] Normal request processed for: Rishabh
[12:44:06] Normal request processed for: Avi
[12:44:09] Priority request processed for: Inder
[12:44:11] Normal request processed for: Rishabh
[12:44:11] Normal request processed for: Abhi
[12:44:11] Normal request processed for: Avi
[12:44:15] Normal request processed for: Rishabh
[12:44:16] Normal request processed for: Abhi
[12:44:17] Normal request processed for: Avi
[12:44:20] Normal request processed for: Rishabh
[12:44:24] Priority request processed for: Inder
[12:44:26] Normal request processed for: Rishabh
[12:44:26] Normal request processed for: Abhi
[12:44:26] Normal request processed for: Avi
[12:44:30] Normal request processed for: Rishabh
[12:44:31] Normal request processed for: Avi
[12:44:31] Normal request processed for: Abhi
[12:44:35] Normal request processed for: Rishabh
[12:44:36] Normal request processed for: Avi
[12:44:38] Priority request processed for: Inder
[12:44:40] Normal request processed for: Rishabh
[12:44:40] Normal request processed for: Abhi
[12:44:41] Normal request processed for: Avi
[12:44:45] Normal request processed for: Rishabh
[12:44:46] Normal request processed for: Abhi
[12:44:47] Normal request processed for: Avi
[12:44:50] Normal request processed for: Rishabh
[12:44:53] Priority request processed for: Inder
[12:44:55] Normal request processed for: Avi
[12:44:55] Normal request processed for: Abhi
[12:44:55] Normal request processed for: Rishabh
[12:45:00] Normal request processed for: Rishabh
[12:45:00] Normal request processed for: Avi
[12:45:01] Normal request processed for: Abhi
[12:45:04] Normal request processed for: Rishabh
[12:45:06] Normal request processed for: Avi
[12:45:08] Priority request processed for: Inder
[12:45:10] Normal request processed for: Abhi
[12:45:10] Normal request processed for: Rishabh
[12:45:11] Normal request processed for: Avi
[12:45:15] Normal request processed for: Rishabh
[12:45:16] Normal request processed for: Abhi
[12:45:16] Normal request processed for: Avi
[12:45:19] Normal request processed for: Rishabh
[12:45:23] Priority request processed for: Inder
[12:45:25] Normal request processed for: Rishabh
[12:45:25] Normal request processed for: Avi
[12:45:25] Normal request processed for: Abhi
[12:45:29] Normal request processed for: Rishabh
[12:45:30] Normal request processed for: Avi
[12:45:31] Normal request processed for: Abhi
[12:45:34] Normal request processed for: Rishabh
[12:45:35] Normal request processed for: Avi
[12:45:37] Priority request processed for: Inder
[12:45:39] Normal request processed for: Abhi
[12:45:39] Normal request processed for: Rishabh
[12:45:40] Normal request processed for: Avi
[12:45:44] Normal request processed for: Rishabh
[12:45:45] Normal request processed for: Abhi
[12:45:46] Normal request processed for: Avi
[12:45:49] Normal request processed for: Rishabh
[12:45:52] Priority request processed for: Inder
[12:45:54] Normal request processed for: Abhi
[12:45:54] Normal request processed for: Avi
[12:45:54] Normal request processed for: Rishabh
[12:45:59] Normal request processed for: Rishabh
[12:45:59] Normal request processed for: Avi
[12:46:00] Normal request processed for: Abhi
[12:46:03] Normal request processed for: Rishabh
[12:46:05] Normal request processed for: Avi
[12:46:07] Priority request processed for: Inder
[12:46:09] Normal request processed for: Abhi
[12:46:09] Normal request processed for: Rishabh
[12:46:10] Normal request processed for: Avi
[12:46:14] Normal request processed for: Rishabh
[12:46:15] Normal request processed for: Abhi
[12:46:15] Normal request processed for: Avi
[12:46:18] Normal request processed for: Rishabh
[12:46:22] Priority request processed for: Inder
[12:46:24] Normal request processed for: Avi
[12:46:24] Normal request processed for: Rishabh
[12:46:24] Normal request processed for: Abhi
[12:46:28] Normal request processed for: Rishabh
[12:46:29] Normal request processed for: Avi
[12:46:29] Normal request processed for: Abhi
[12:46:33] Normal request processed for: Rishabh
[12:46:34] Normal request processed for: Avi
[12:46:36] Priority request processed for: Inder
[12:46:38] Normal request processed for: Abhi
[12:46:38] Normal request processed for: Rishabh
[12:46:39] Normal request processed for: Avi
[12:46:43] Normal request processed for: Rishabh
[12:46:44] Normal request processed for: Abhi
[12:46:45] Normal request processed for: Avi
[12:46:48] Normal request processed for: Rishabh
[12:46:51] Priority request processed for: Inder
[12:46:53] Normal request processed for: Abhi
[12:46:53] Normal request processed for: Rishabh
[12:46:53] Normal request processed for: Avi
[12:46:58] Normal request processed for: Rishabh
[12:46:58] Normal request processed for: Avi
[12:46:59] Normal request processed for: Abhi
[12:47:02] Normal request processed for: Rishabh
[12:47:04] Normal request processed for: Avi
[12:47:06] Priority request processed for: Inder
[12:47:08] Normal request processed for: Abhi
[12:47:08] Normal request processed for: Rishabh
[12:47:09] Normal request processed for: Avi
[12:47:13] Normal request processed for: Rishabh
[12:47:14] Normal request processed for: Abhi
[12:47:14] Normal request processed for: Avi
[12:47:17] Normal request processed for: Rishabh
[12:47:21] Priority request processed for: Inder
[12:47:23] Normal request processed for: Avi
[12:47:23] Normal request processed for: Abhi
[12:47:23] Normal request processed for: Rishabh
[12:47:28] Normal request processed for: Rishabh
[12:47:28] Normal request processed for: Avi
[12:47:29] Normal request processed for: Abhi
[12:47:32] Normal request processed for: Rishabh
[12:47:35] Priority request processed for: Inder
[12:47:37] Normal request processed for: Abhi
[12:47:37] Normal request processed for: Avi
[12:47:37] Normal request processed for: Rishabh
[12:47:42] Normal request processed for: Rishabh
[12:47:43] Normal request processed for: Avi
[12:47:43] Normal request processed for: Abhi
[12:47:47] Normal request processed for: Rishabh
[12:47:48] Normal request processed for: Avi
[12:47:50] Priority request processed for: Inder
[12:47:52] Normal request processed for: Abhi
[12:47:52] Normal request processed for: Rishabh
[12:47:53] Normal request processed for: Avi
[12:47:57] Normal request processed for: Rishabh
[12:47:58] Normal request processed for: Abhi
[12:47:59] Normal request processed for: Avi
[12:48:02] Normal request processed for: Rishabh
[12:48:05] Priority request processed for: Inder
[12:48:07] Normal request processed for: Rishabh
[12:48:07] Normal request processed for: Abhi
[12:48:07] Normal request processed for: Avi
[12:48:12] Normal request processed for: Rishabh
[12:48:12] Normal request processed for: Avi
[12:48:13] Normal request processed for: Abhi
[12:48:16] Normal request processed for: Rishabh
[12:48:18] Normal request processed for: Avi
[12:48:20] Priority request processed for: Inder
[12:48:22] Normal request processed for: Abhi
[12:48:22] Normal request processed for: Rishabh
[12:48:23] Normal request processed for: Avi
[12:48:26] Normal request processed for: Rishabh
[12:48:28] Normal request processed for: Abhi
[12:48:28] Normal request processed for: Avi
[12:48:31] Normal request processed for: Rishabh
[12:48:34] Priority request processed for: Inder
[12:48:36] Normal request processed for: Rishabh
[12:48:36] Normal request processed for: Avi
[12:48:36] Normal request processed for: Abhi
[12:48:41] Normal request processed for: Rishabh
[12:48:42] Normal request processed for: Avi
[12:48:42] Normal request processed for: Abhi
[12:48:46] Normal request processed for: Rishabh
[12:48:47] Normal request processed for: Avi
[12:48:49] Priority request processed for: Inder
[12:48:51] Normal request processed for: Abhi
[12:48:51] Normal request processed for: Rishabh
[12:48:52] Normal request processed for: Avi
[12:48:56] Normal request processed for: Rishabh
[12:48:57] Normal request processed for: Abhi
[12:48:58] Normal request processed for: Avi
[12:49:01] Normal request processed for: Rishabh
[12:49:04] Priority request processed for: Inder
[12:49:06] Normal request processed for: Rishabh
[12:49:06] Normal request processed for: Avi
[12:49:06] Normal request processed for: Abhi
[12:49:11] Normal request processed for: Rishabh
[12:49:11] Normal request processed for: Avi
[12:49:12] Normal request processed for: Abhi
[12:49:15] Normal request processed for: Rishabh
[12:49:17] Normal request processed for: Avi
[12:49:19] Priority request processed for: Inder
[12:49:21] Normal request processed for: Abhi
[12:49:21] Normal request processed for: Rishabh
[12:49:22] Normal request processed for: Avi
[12:49:25] Normal request processed for: Rishabh
[12:49:27] Normal request processed for: Abhi
[12:49:27] Normal request processed for: Avi
[12:49:30] Normal request processed for: Rishabh
[12:49:34] Priority request processed for: Inder
[12:49:36] Normal request processed for: Avi
[12:49:36] Normal request processed for: Rishabh
[12:49:36] Normal request processed for: Abhi
[12:49:40] Normal request processed for: Rishabh
[12:49:41] Normal request processed for: Avi
[12:49:41] Normal request processed for: Abhi
[12:49:45] Normal request processed for: Rishabh
[12:49:46] Normal request processed for: Avi
[12:49:49] Priority request processed for: Inder
[12:49:51] Normal request processed for: Abhi
[12:49:51] Normal request processed for: Rishabh
[12:49:52] Normal request processed for: Avi
[12:49:55] Normal request processed for: Rishabh
[12:49:56] Normal request processed for: Abhi
[12:49:57] Normal request processed for: Avi
[12:50:00] Normal request processed for: Rishabh
[12:50:03] Priority request processed for: Inder
[12:50:05] Normal request processed for: Rishabh
[12:50:05] Normal request processed for: Abhi
[12:50:05] Normal request processed for: Avi
[12:50:10] Normal request processed for: Rishabh
[12:50:11] Normal request processed for: Avi
[12:50:11] Normal request processed for: Abhi
[12:50:15] Normal request processed for: Rishabh
[12:50:16] Normal request processed for: Avi
[12:50:18] Priority request processed for: Inder
[12:50:20] Normal request processed for: Rishabh
[12:50:20] Normal request processed for: Abhi
[17:59:06] Server stopped.
[18:01:59] Thread pool started with 11 worker threads.
[18:01:59] Server started in MULTITHREADED mode on port 8080
[18:02:02] Normal request processed for: Browser
[18:02:02] Normal request processed for: Browser
[18:02:02] Normal request processed for: Browser
[18:02:02] Normal request processed for: Browser
[18:02:02] Normal request processed for: AutoClient41
[18:02:02] Normal request processed for: AutoClient40
[18:02:02] Normal request processed for: AutoClient38
[18:02:02] Normal request processed for: AutoClient46
[18:02:02] Normal request processed for: AutoClient42
[18:02:02] Normal request processed for: AutoClient39
[18:02:02] Normal request processed for: AutoClient1
[18:02:02] Normal request processed for: AutoClient43
[18:02:02] Normal request processed for: AutoClient45
[18:02:02] Normal request processed for: AutoClient47
[18:02:05] Priority request processed for: AutoPriority
[18:02:06] Normal request processed for: AutoClient3
[18:02:06] Normal request processed for: AutoClient55
[18:02:06] Normal request processed for: AutoClient4
[18:02:06] Normal request processed for: AutoClient50
[18:02:06] Normal request processed for: AutoClient6
[18:02:06] Normal request processed for: AutoClient2
[18:02:06] Normal request processed for: AutoClient53
[18:02:06] Normal request processed for: AutoClient52
[18:02:06] Normal request processed for: AutoClient49
[18:02:06] Normal request processed for: AutoClient54
[18:02:06] Normal request processed for: AutoClient48
[18:02:06] Normal request processed for: AutoClient37
[18:02:06] Normal request processed for: AutoClient29
[18:02:06] Normal request processed for: AutoClient22
[18:02:06] Normal request processed for: AutoClient35
[18:02:06] Normal request processed for: AutoClient27
[18:02:06] Normal request processed for: AutoClient20
[18:02:06] Normal request processed for: AutoClient18
[18:02:06] Normal request processed for: AutoClient32
[18:02:06] Normal request processed for: AutoClient36
[18:02:06] Normal request processed for: AutoClient13
[18:02:06] Normal request processed for: AutoClient28
[18:02:06] Normal request processed for: AutoClient19
[18:02:06] Normal request processed for: AutoClient12
[18:02:06] Normal request processed for: AutoClient26
[18:02:06] Normal request processed for: AutoClient33
[18:02:06] Normal request processed for: AutoClient61
[18:02:06] Normal request processed for: AutoClient25
[18:02:06] Normal request processed for: AutoClient56
[18:02:06] Normal request processed for: AutoClient57
[18:02:06] Normal request processed for: AutoClient59
[18:02:06] Normal request processed for: AutoClient60
[18:02:06] Normal request processed for: AutoClient58
[18:02:06] Normal request processed for: AutoClient62
[18:02:06] Normal request processed for: AutoClient67
[18:02:06] Normal request processed for: AutoClient85
[18:02:06] Normal request processed for: AutoClient63
[18:02:06] Normal request processed for: AutoClient70
[18:02:06] Normal request processed for: AutoClient65
[18:02:06] Normal request processed for: AutoClient64
[18:02:06] Normal request processed for: AutoClient69
[18:02:06] Normal request processed for: AutoClient87
[18:02:06] Normal request processed for: AutoClient80
[18:02:06] Normal request processed for: AutoClient76
[18:02:07] Normal request processed for: AutoClient89
[18:02:07] Normal request processed for: AutoClient51
[18:02:07] Normal request processed for: AutoClient21
[18:02:07] Normal request processed for: AutoClient31
[18:02:07] Normal request processed for: AutoClient14
[18:02:07] Normal request processed for: AutoClient44
[18:02:07] Normal request processed for: AutoClient30
[18:02:07] Normal request processed for: AutoClient10
[18:02:07] Normal request processed for: AutoClient5
[18:02:07] Normal request processed for: AutoClient24
[18:02:07] Normal request processed for: AutoClient9
[18:02:07] Normal request processed for: AutoClient8
[18:02:07] Normal request processed for: AutoClient7
[18:02:07] Normal request processed for: AutoClient34
[18:02:07] Normal request processed for: AutoClient15
[18:02:07] Normal request processed for: AutoClient66
[18:02:07] Normal request processed for: AutoClient17
[18:02:07] Normal request processed for: AutoClient68
[18:02:07] Normal request processed for: AutoClient71
[18:02:07] Normal request processed for: AutoClient16
[18:02:07] Normal request processed for: AutoClient23
[18:02:07] Normal request processed for: AutoClient11
[18:02:07] Normal request processed for: AutoClient72
[18:02:07] Normal request processed for: AutoClient82
[18:02:07] Normal request processed for: AutoClient77
[18:02:07] Normal request processed for: AutoClient73
[18:02:07] Normal request processed for: AutoClient75
[18:02:07] Normal request processed for: AutoClient81
[18:02:07] Normal request processed for: AutoClient83
[18:02:07] Normal request processed for: AutoClient74
[18:02:07] Normal request processed for: AutoClient78
[18:02:07] Normal request processed for: AutoClient84
[18:02:07] Normal request processed for: AutoClient79
[18:02:07] Normal request processed for: AutoClient88
[18:02:07] Normal request processed for: AutoClient90
[18:02:07] Normal request processed for: AutoClient93
[18:02:07] Normal request processed for: AutoClient91
[18:02:07] Normal request processed for: AutoClient92
[18:02:07] Normal request processed for: AutoClient86
[18:02:07] Normal request processed for: AutoClient96
[18:02:07] Normal request processed for: AutoClient97
[18:02:07] Normal request processed for: AutoClient94
[18:02:07] Normal request processed for: AutoClient99
[18:02:07] Normal request processed for: AutoClient98
[18:02:08] Normal request processed for: AutoClient95
[18:02:08] Normal request processed for: AutoClient103
[18:02:08] Normal request processed for: AutoClient102
[18:02:08] Normal request processed for: AutoClient101
[18:02:08] Normal request processed for: AutoClient105
[18:02:08] Normal request processed for: AutoClient104
[18:02:08] Normal request processed for: AutoClient106
[18:02:08] Normal request processed for: AutoClient110
[18:02:08] Normal request processed for: AutoClient107
[18:02:08] Normal request processed for: AutoClient109
[18:02:08] Normal request processed for: AutoClient108
[18:02:08] Normal request processed for: AutoClient112
[18:02:08] Normal request processed for: AutoClient111
[18:02:08] Normal request processed for: AutoClient113
[18:02:08] Normal request processed for: AutoClient114
[18:02:08] Normal request processed for: AutoClient117
[18:02:08] Normal request processed for: AutoClient118
[18:02:08] Normal request processed for: AutoClient116
[18:02:08] Normal request processed for: AutoClient115
[18:02:08] Normal request processed for: AutoClient120
[18:02:08] Normal request processed for: AutoClient119
[18:02:08] Normal request processed for: AutoClient134
[18:02:08] Normal request processed for: AutoClient121
[18:02:08] Normal request processed for: AutoClient128
[18:02:08] Normal request processed for: AutoClient122
[18:02:08] Normal request processed for: AutoClient129
[18:02:08] Normal request processed for: AutoClient124
[18:02:08] Normal request processed for: AutoClient127
[18:02:08] Normal request processed for: AutoClient133
[18:02:08] Normal request processed for: AutoClient125
[18:02:08] Normal request processed for: AutoClient130
[18:02:08] Normal request processed for: AutoClient143
[18:02:11] Priority request processed for: AutoPriority
[18:02:11] Normal request processed for: AutoClient142
[18:02:11] Normal request processed for: AutoClient136
[18:02:11] Normal request processed for: AutoClient145
[18:02:11] Normal request processed for: AutoClient131
[18:02:11] Normal request processed for: AutoClient137
[18:02:11] Normal request processed for: AutoClient140
[18:02:11] Normal request processed for: AutoClient139
[18:02:11] Normal request processed for: AutoClient138
[18:02:11] Normal request processed for: AutoClient144
[18:02:11] Normal request processed for: AutoClient126
[18:02:11] Normal request processed for: AutoClient148
[18:02:12] Normal request processed for: AutoClient152
[18:02:12] Normal request processed for: AutoClient147
[18:02:12] Normal request processed for: AutoClient146
[18:02:12] Normal request processed for: AutoClient150
[18:02:12] Normal request processed for: AutoClient149
[18:02:12] Normal request processed for: AutoClient156
[18:02:12] Normal request processed for: AutoClient161
[18:02:12] Normal request processed for: AutoClient158
[18:02:12] Normal request processed for: AutoClient153
[18:02:12] Normal request processed for: AutoClient155
[18:02:12] Normal request processed for: AutoClient135
[18:02:12] Normal request processed for: AutoClient123
[18:02:12] Normal request processed for: AutoClient132
[18:02:12] Normal request processed for: AutoClient141
[18:02:12] Normal request processed for: AutoClient163
[18:02:12] Normal request processed for: AutoClient160
[18:02:12] Normal request processed for: AutoClient170
[18:02:12] Normal request processed for: AutoClient162
[18:02:12] Normal request processed for: AutoClient159
[18:02:12] Normal request processed for: AutoClient169
[18:02:12] Normal request processed for: AutoClient171
[18:02:12] Normal request processed for: AutoClient151
[18:02:12] Normal request processed for: AutoClient157
[18:02:12] Normal request processed for: AutoClient166
[18:02:12] Normal request processed for: AutoClient176
[18:02:12] Normal request processed for: AutoClient154
[18:02:12] Normal request processed for: AutoClient165
[18:02:12] Normal request processed for: AutoClient173
[18:02:12] Normal request processed for: AutoClient174
[18:02:12] Normal request processed for: AutoClient168
[18:02:12] Normal request processed for: AutoClient172
[18:02:12] Normal request processed for: AutoClient177
[18:02:12] Normal request processed for: AutoClient164
[18:02:12] Normal request processed for: AutoClient175
[18:02:12] Normal request processed for: AutoClient178
[18:02:12] Normal request processed for: AutoClient179
[18:02:12] Normal request processed for: AutoClient181
[18:02:12] Normal request processed for: AutoClient182
[18:02:12] Normal request processed for: AutoClient180
[18:02:12] Normal request processed for: AutoClient187
[18:02:12] Normal request processed for: AutoClient185
[18:02:12] Normal request processed for: AutoClient184
[18:02:12] Normal request processed for: AutoClient183
[18:02:12] Normal request processed for: AutoClient167
[18:02:13] Normal request processed for: AutoClient189
[18:02:13] Normal request processed for: AutoClient192
[18:02:13] Normal request processed for: AutoClient188
[18:02:13] Normal request processed for: AutoClient186
[18:02:13] Normal request processed for: AutoClient191
[18:02:13] Normal request processed for: AutoClient190
[18:02:13] Normal request processed for: AutoClient196
[18:02:13] Normal request processed for: AutoClient195
[18:02:13] Normal request processed for: AutoClient193
[18:02:13] Normal request processed for: AutoClient194
[18:02:13] Normal request processed for: AutoClient197
[18:02:13] Normal request processed for: AutoClient198
[18:02:13] Normal request processed for: AutoClient199
[18:02:13] Normal request processed for: AutoClient202
[18:02:13] Normal request processed for: AutoClient206
[18:02:13] Normal request processed for: AutoClient201
[18:02:13] Normal request processed for: AutoClient203
[18:02:13] Normal request processed for: AutoClient204
[18:02:13] Normal request processed for: AutoClient207
[18:02:13] Normal request processed for: AutoClient208
[18:02:13] Normal request processed for: AutoClient205
[18:02:13] Normal request processed for: AutoClient209
[18:02:13] Normal request processed for: AutoClient210
[18:02:13] Normal request processed for: AutoClient211
[18:02:13] Normal request processed for: AutoClient212
[18:02:13] Normal request processed for: AutoClient218
[18:02:13] Normal request processed for: AutoClient213
[18:02:13] Normal request processed for: AutoClient215
[18:02:13] Normal request processed for: AutoClient219
[18:02:13] Normal request processed for: AutoClient214
[18:02:13] Normal request processed for: AutoClient216
[18:02:13] Normal request processed for: AutoClient217
[18:02:13] Normal request processed for: AutoClient220
[18:02:13] Normal request processed for: AutoClient221
[18:02:13] Normal request processed for: AutoClient222
[18:02:13] Normal request processed for: AutoClient223
[18:02:13] Normal request processed for: AutoClient225
[18:02:13] Normal request processed for: AutoClient228
[18:02:13] Normal request processed for: AutoClient229
[18:02:13] Normal request processed for: AutoClient224
[18:02:13] Normal request processed for: AutoClient226
[18:02:13] Normal request processed for: AutoClient227
[18:02:13] Normal request processed for: AutoClient230
[18:02:14] Normal request processed for: AutoClient231
[18:02:14] Normal request processed for: AutoClient232
[18:02:14] Normal request processed for: AutoClient233
[18:02:14] Normal request processed for: AutoClient234
[18:02:14] Normal request processed for: AutoClient238
[18:02:14] Normal request processed for: AutoClient236
[18:02:14] Normal request processed for: AutoClient235
[18:02:14] Normal request processed for: AutoClient240
[18:02:14] Normal request processed for: AutoClient237
[18:02:14] Normal request processed for: AutoClient239
[18:02:14] Normal request processed for: AutoClient248
[18:02:14] Normal request processed for: AutoClient251
[18:02:14] Normal request processed for: AutoClient249
[18:02:14] Normal request processed for: AutoClient242
[18:02:14] Normal request processed for: AutoClient244
[18:02:14] Normal request processed for: AutoClient246
[18:02:14] Normal request processed for: AutoClient241
[18:02:14] Normal request processed for: AutoClient243
[18:02:14] Normal request processed for: AutoClient247
[18:02:14] Normal request processed for: AutoClient250
[18:02:14] Normal request processed for: AutoClient245
[18:02:17] Priority request processed for: AutoPriority
[18:02:17] Normal request processed for: AutoClient255
[18:02:17] Normal request processed for: AutoClient261
[18:02:17] Normal request processed for: AutoClient253
[18:02:17] Normal request processed for: AutoClient254
[18:02:17] Normal request processed for: AutoClient256
[18:02:17] Normal request processed for: AutoClient257
[18:02:17] Normal request processed for: AutoClient259
[18:02:17] Normal request processed for: AutoClient260
[18:02:17] Normal request processed for: AutoClient252
[18:02:17] Normal request processed for: AutoClient258
[18:02:17] Normal request processed for: AutoClient262
[18:02:18] Normal request processed for: AutoClient267
[18:02:18] Normal request processed for: AutoClient263
[18:02:18] Normal request processed for: AutoClient270
[18:02:18] Normal request processed for: AutoClient265
[18:02:18] Normal request processed for: AutoClient266
[18:02:18] Normal request processed for: AutoClient272
[18:02:18] Normal request processed for: AutoClient271
[18:02:18] Normal request processed for: AutoClient268
[18:02:18] Normal request processed for: AutoClient269
[18:02:18] Normal request processed for: AutoClient264
[18:02:18] Normal request processed for: AutoClient273
[18:02:18] Normal request processed for: AutoClient276
[18:02:18] Normal request processed for: AutoClient274
[18:02:18] Normal request processed for: AutoClient278
[18:02:18] Normal request processed for: AutoClient280
[18:02:18] Normal request processed for: AutoClient277
[18:02:18] Normal request processed for: AutoClient285
[18:02:18] Normal request processed for: AutoClient281
[18:02:18] Normal request processed for: AutoClient284
[18:02:18] Normal request processed for: AutoClient282
[18:02:18] Normal request processed for: AutoClient286
[18:02:18] Normal request processed for: AutoClient283
[18:02:18] Normal request processed for: AutoClient287
[18:02:18] Normal request processed for: AutoClient288
[18:02:18] Normal request processed for: AutoClient289
[18:02:18] Normal request processed for: AutoClient292
[18:02:18] Normal request processed for: AutoClient290
[18:02:18] Normal request processed for: AutoClient291
[18:02:18] Normal request processed for: AutoClient294
[18:02:18] Normal request processed for: AutoClient275
[18:02:18] Normal request processed for: AutoClient279
[18:02:18] Normal request processed for: AutoClient293
[18:02:18] Normal request processed for: AutoClient295
[18:02:18] Normal request processed for: AutoClient297
[18:02:18] Normal request processed for: AutoClient296
[18:02:18] Normal request processed for: AutoClient298
[18:02:18] Normal request processed for: AutoClient302
[18:02:18] Normal request processed for: AutoClient299
[18:02:18] Normal request processed for: AutoClient301
[18:02:18] Normal request processed for: AutoClient306
[18:02:18] Normal request processed for: AutoClient304
[18:02:18] Normal request processed for: AutoClient303
[18:02:18] Normal request processed for: AutoClient305
[18:02:18] Normal request processed for: AutoClient307
[18:02:19] Normal request processed for: AutoClient309
[18:02:19] Normal request processed for: AutoClient308
[18:02:19] Normal request processed for: AutoClient312
[18:02:19] Normal request processed for: AutoClient310
[18:02:19] Normal request processed for: AutoClient311
[18:02:19] Normal request processed for: AutoClient313
[18:02:19] Normal request processed for: AutoClient315
[18:02:19] Normal request processed for: AutoClient316
[18:02:19] Normal request processed for: AutoClient314
[18:02:19] Normal request processed for: AutoClient317
[18:02:19] Normal request processed for: AutoClient318
[18:02:19] Normal request processed for: AutoClient319
[18:02:19] Normal request processed for: AutoClient320
[18:02:19] Normal request processed for: AutoClient321
[18:02:19] Normal request processed for: AutoClient322
[18:02:19] Normal request processed for: AutoClient323
[18:02:19] Normal request processed for: AutoClient324
[18:02:19] Normal request processed for: AutoClient325
[18:02:19] Normal request processed for: AutoClient326
[18:02:19] Normal request processed for: AutoClient329
[18:02:19] Normal request processed for: AutoClient328
[18:02:19] Normal request processed for: AutoClient327
[18:02:19] Normal request processed for: AutoClient330
[18:02:19] Normal request processed for: AutoClient332
[18:02:19] Normal request processed for: AutoClient331
[18:02:19] Normal request processed for: AutoClient333
[18:02:19] Normal request processed for: AutoClient334
[18:02:19] Normal request processed for: AutoClient336
[18:02:19] Normal request processed for: AutoClient335
[18:02:19] Normal request processed for: AutoClient339
[18:02:19] Normal request processed for: AutoClient340
[18:02:19] Normal request processed for: AutoClient338
[18:02:19] Normal request processed for: AutoClient337
[18:02:19] Normal request processed for: AutoClient342
[18:02:19] Normal request processed for: AutoClient343
[18:02:19] Normal request processed for: AutoClient341
[18:02:19] Normal request processed for: AutoClient344
[18:02:19] Normal request processed for: AutoClient345
[18:02:19] Normal request processed for: AutoClient347
[18:02:19] Normal request processed for: AutoClient346
[18:02:19] Normal request processed for: AutoClient349
[18:02:19] Normal request processed for: AutoClient348
[18:02:19] Normal request processed for: AutoClient350
[18:02:19] Normal request processed for: AutoClient351
[18:02:20] Normal request processed for: AutoClient352
[18:02:20] Normal request processed for: AutoClient354
[18:02:20] Normal request processed for: AutoClient353
[18:02:20] Normal request processed for: AutoClient356
[18:02:20] Normal request processed for: AutoClient355
[18:02:20] Normal request processed for: AutoClient359
[18:02:20] Normal request processed for: AutoClient357
[18:02:20] Normal request processed for: AutoClient360
[18:02:20] Normal request processed for: AutoClient358
[18:02:20] Normal request processed for: AutoClient361
[18:02:20] Normal request processed for: AutoClient364
[18:02:20] Normal request processed for: AutoClient363
[18:02:20] Normal request processed for: AutoClient366
[18:02:20] Normal request processed for: AutoClient372
[18:02:20] Normal request processed for: AutoClient369
[18:02:20] Normal request processed for: AutoClient368
[18:02:20] Normal request processed for: AutoClient367
[18:02:20] Normal request processed for: AutoClient362
[18:02:20] Normal request processed for: AutoClient370
[18:02:20] Normal request processed for: AutoClient365
[18:02:23] Priority request processed for: AutoPriority
[18:02:23] Normal request processed for: AutoClient376
[18:02:23] Normal request processed for: AutoClient381
[18:02:23] Normal request processed for: AutoClient374
[18:02:23] Normal request processed for: AutoClient379
[18:02:23] Normal request processed for: AutoClient371
[18:02:23] Normal request processed for: AutoClient373
[18:02:23] Normal request processed for: AutoClient380
[18:02:23] Normal request processed for: AutoClient378
[18:02:23] Normal request processed for: AutoClient377
[18:02:23] Normal request processed for: AutoClient375
[18:02:23] Normal request processed for: AutoClient382
[18:02:23] Normal request processed for: AutoClient388
[18:02:23] Normal request processed for: AutoClient386
[18:02:23] Normal request processed for: AutoClient384
[18:02:23] Normal request processed for: AutoClient383
[18:02:23] Normal request processed for: AutoClient390
[18:02:23] Normal request processed for: AutoClient387
[18:02:23] Normal request processed for: AutoClient391
[18:02:23] Normal request processed for: AutoClient385
[18:02:23] Normal request processed for: AutoClient389
[18:02:23] Normal request processed for: AutoClient392
[18:02:23] Normal request processed for: AutoClient393
[18:02:24] Normal request processed for: AutoClient396
[18:02:24] Normal request processed for: AutoClient397
[18:02:24] Normal request processed for: AutoClient399
[18:02:24] Normal request processed for: AutoClient394
[18:02:24] Normal request processed for: AutoClient402
[18:02:24] Normal request processed for: AutoClient395
[18:02:24] Normal request processed for: AutoClient398
[18:02:24] Normal request processed for: AutoClient401
[18:02:24] Normal request processed for: AutoClient403
[18:02:24] Normal request processed for: AutoClient405
[18:02:24] Normal request processed for: AutoClient404
[18:02:24] Normal request processed for: AutoClient408
[18:02:24] Normal request processed for: AutoClient407
[18:02:24] Normal request processed for: AutoClient406
[18:02:24] Normal request processed for: AutoClient411
[18:02:24] Normal request processed for: AutoClient413
[18:02:24] Normal request processed for: AutoClient409
[18:02:24] Normal request processed for: AutoClient410
[18:02:24] Normal request processed for: AutoClient412
[18:02:24] Normal request processed for: AutoClient414
[18:02:24] Normal request processed for: AutoClient415
[18:02:24] Normal request processed for: AutoClient417
[18:02:24] Normal request processed for: AutoClient419
[18:02:24] Normal request processed for: AutoClient421
[18:02:24] Normal request processed for: AutoClient423
[18:02:24] Normal request processed for: AutoClient420
[18:02:24] Normal request processed for: AutoClient416
[18:02:24] Normal request processed for: AutoClient418
[18:02:24] Normal request processed for: AutoClient422
[18:02:24] Normal request processed for: AutoClient425
[18:02:24] Normal request processed for: AutoClient426
[18:02:24] Normal request processed for: AutoClient424
[18:02:24] Normal request processed for: AutoClient427
[18:02:24] Normal request processed for: AutoClient430
[18:02:24] Normal request processed for: AutoClient428
[18:02:24] Normal request processed for: AutoClient431
[18:02:24] Normal request processed for: AutoClient435
[18:02:24] Normal request processed for: AutoClient434
[18:02:24] Normal request processed for: AutoClient429
[18:02:24] Normal request processed for: AutoClient433
[18:02:24] Normal request processed for: AutoClient436
[18:02:24] Normal request processed for: AutoClient432
[18:02:24] Normal request processed for: AutoClient437
[18:02:24] Normal request processed for: AutoClient438
[18:02:25] Normal request processed for: AutoClient442
[18:02:25] Normal request processed for: AutoClient439
[18:02:25] Normal request processed for: AutoClient441
[18:02:25] Normal request processed for: AutoClient444
[18:02:25] Normal request processed for: AutoClient440
[18:02:25] Normal request processed for: AutoClient448
[18:02:25] Normal request processed for: AutoClient443
[18:02:25] Normal request processed for: AutoClient445
[18:02:25] Normal request processed for: AutoClient446
[18:02:25] Normal request processed for: AutoClient450
[18:02:25] Normal request processed for: AutoClient452
[18:02:25] Normal request processed for: AutoClient453
[18:02:25] Normal request processed for: AutoClient456
[18:02:25] Normal request processed for: AutoClient451
[18:02:25] Normal request processed for: AutoClient458
[18:02:25] Normal request processed for: AutoClient454
[18:02:25] Normal request processed for: AutoClient455
[18:02:25] Normal request processed for: AutoClient457
[18:02:25] Normal request processed for: AutoClient459
[18:02:25] Normal request processed for: AutoClient447
[18:02:25] Normal request processed for: AutoClient460
[18:02:25] Normal request processed for: AutoClient461
[18:02:25] Normal request processed for: AutoClient449
[18:02:25] Normal request processed for: AutoClient462
[18:02:25] Normal request processed for: AutoClient467
[18:02:25] Normal request processed for: AutoClient463
[18:02:25] Normal request processed for: AutoClient464
[18:02:25] Normal request processed for: AutoClient465
[18:02:25] Normal request processed for: AutoClient466
[18:02:25] Normal request processed for: AutoClient468
[18:02:25] Normal request processed for: AutoClient469
[18:02:25] Normal request processed for: AutoClient470
[18:02:25] Normal request processed for: AutoClient471
[18:02:25] Normal request processed for: AutoClient472
[18:02:25] Normal request processed for: AutoClient476
[18:02:25] Normal request processed for: AutoClient477
[18:02:25] Normal request processed for: AutoClient474
[18:02:25] Normal request processed for: AutoClient475
[18:02:25] Normal request processed for: AutoClient473
[18:02:25] Normal request processed for: AutoClient478
[18:02:25] Normal request processed for: AutoClient480
[18:02:25] Normal request processed for: AutoClient479
[18:02:26] Normal request processed for: AutoClient488
[18:02:26] Normal request processed for: AutoClient487
[18:02:26] Normal request processed for: AutoClient481
[18:02:26] Normal request processed for: AutoClient482
[18:02:26] Normal request processed for: AutoClient485
[18:02:26] Normal request processed for: AutoClient483
[18:02:26] Normal request processed for: AutoClient490
[18:02:26] Normal request processed for: AutoClient486
[18:02:26] Normal request processed for: AutoClient491
[18:02:26] Normal request processed for: AutoClient484
[18:02:26] Normal request processed for: AutoClient489
[18:02:29] Priority request processed for: AutoPriority
[18:02:29] Normal request processed for: AutoClient496
[18:02:29] Normal request processed for: AutoClient495
[18:02:29] Normal request processed for: AutoClient498
[18:02:29] Normal request processed for: AutoClient492
[18:02:29] Normal request processed for: AutoClient494
[18:02:29] Normal request processed for: AutoClient501
[18:02:29] Normal request processed for: AutoClient499
[18:02:29] Normal request processed for: AutoClient493
[18:02:29] Normal request processed for: AutoClient497
[18:02:29] Normal request processed for: AutoClient502
[18:02:29] Normal request processed for: AutoClient503
[18:02:32] Priority request processed for: AutoPriority
[18:02:32] Normal request processed for: AutoClient507
[18:02:32] Normal request processed for: AutoClient504
[18:02:32] Normal request processed for: AutoClient505
[18:02:32] Normal request processed for: AutoClient512
[18:02:32] Normal request processed for: AutoClient509
[18:02:32] Normal request processed for: AutoClient510
[18:02:32] Normal request processed for: AutoClient506
[18:02:32] Normal request processed for: AutoClient511
[18:02:32] Normal request processed for: AutoClient514
[18:02:32] Normal request processed for: AutoClient513
[18:02:32] Normal request processed for: AutoClient508
[18:02:33] Normal request processed for: AutoClient515
[18:02:33] Normal request processed for: AutoClient517
[18:02:33] Normal request processed for: AutoClient524
[18:02:33] Normal request processed for: AutoClient520
[18:02:33] Normal request processed for: AutoClient516
[18:02:33] Normal request processed for: AutoClient518
[18:02:33] Normal request processed for: AutoClient519
[18:02:33] Normal request processed for: AutoClient521
[18:02:33] Normal request processed for: AutoClient522
[18:02:33] Normal request processed for: AutoClient523
[18:02:33] Normal request processed for: AutoClient525
[18:02:33] Normal request processed for: AutoClient526
[18:02:33] Normal request processed for: AutoClient528
[18:02:33] Normal request processed for: AutoClient535
[18:02:33] Normal request processed for: AutoClient527
[18:02:33] Normal request processed for: AutoClient532
[18:02:33] Normal request processed for: AutoClient529
[18:02:33] Normal request processed for: AutoClient530
[18:02:33] Normal request processed for: AutoClient533
[18:02:33] Normal request processed for: AutoClient534
[18:02:33] Normal request processed for: AutoClient537
[18:02:33] Normal request processed for: AutoClient536
[18:02:33] Normal request processed for: AutoClient538
[18:02:33] Normal request processed for: AutoClient545
[18:02:33] Normal request processed for: AutoClient539
[18:02:33] Normal request processed for: AutoClient546
[18:02:33] Normal request processed for: AutoClient540
[18:02:33] Normal request processed for: AutoClient542
[18:02:33] Normal request processed for: AutoClient547
[18:02:33] Normal request processed for: AutoClient541
[18:02:33] Normal request processed for: AutoClient543
[18:02:33] Normal request processed for: AutoClient531
[18:02:33] Normal request processed for: AutoClient544
[18:02:33] Normal request processed for: AutoClient549
[18:02:33] Normal request processed for: AutoClient552
[18:02:33] Normal request processed for: AutoClient548
[18:02:33] Normal request processed for: AutoClient558
[18:02:33] Normal request processed for: AutoClient551
[18:02:33] Normal request processed for: AutoClient557
[18:02:33] Normal request processed for: AutoClient559
[18:02:33] Normal request processed for: AutoClient553
[18:02:33] Normal request processed for: AutoClient554
[18:02:33] Normal request processed for: AutoClient555
[18:02:33] Normal request processed for: AutoClient556
[18:02:34] Normal request processed for: AutoClient570
[18:02:34] Normal request processed for: AutoClient568
[18:02:34] Normal request processed for: AutoClient564
[18:02:34] Normal request processed for: AutoClient562
[18:02:34] Normal request processed for: AutoClient565
[18:02:34] Normal request processed for: AutoClient560
[18:02:34] Normal request processed for: AutoClient550
[18:02:34] Normal request processed for: AutoClient563
[18:02:34] Normal request processed for: AutoClient561
[18:02:34] Normal request processed for: AutoClient569
[18:02:34] Normal request processed for: AutoClient571
[18:02:34] Normal request processed for: AutoClient572
[18:02:34] Normal request processed for: AutoClient574
[18:02:34] Normal request processed for: AutoClient575
[18:02:34] Normal request processed for: AutoClient577
[18:02:34] Normal request processed for: AutoClient576
[18:02:34] Normal request processed for: AutoClient579
[18:02:34] Normal request processed for: AutoClient583
[18:02:34] Normal request processed for: AutoClient581
[18:02:34] Normal request processed for: AutoClient578
[18:02:34] Normal request processed for: AutoClient584
[18:02:34] Normal request processed for: AutoClient580
[18:02:34] Normal request processed for: AutoClient586
[18:02:34] Normal request processed for: AutoClient587
[18:02:34] Normal request processed for: AutoClient585
[18:02:34] Normal request processed for: AutoClient588
[18:02:34] Normal request processed for: AutoClient592
[18:02:34] Normal request processed for: AutoClient590
[18:02:34] Normal request processed for: AutoClient589
[18:02:34] Normal request processed for: AutoClient595
[18:02:34] Normal request processed for: AutoClient594
[18:02:34] Normal request processed for: AutoClient593
[18:02:34] Normal request processed for: AutoClient591
[18:02:34] Normal request processed for: AutoClient596
[18:02:34] Normal request processed for: AutoClient597
[18:02:34] Normal request processed for: AutoClient598
[18:02:34] Normal request processed for: AutoClient599
[18:02:34] Normal request processed for: AutoClient573
[18:02:34] Normal request processed for: AutoClient566
[18:02:34] Normal request processed for: AutoClient582
[18:02:34] Normal request processed for: AutoClient567
[18:02:35] Normal request processed for: AutoClient613
[18:02:35] Normal request processed for: AutoClient603
[18:02:35] Normal request processed for: AutoClient611
[18:02:35] Normal request processed for: AutoClient604
[18:02:35] Normal request processed for: AutoClient612
[18:02:35] Normal request processed for: AutoClient610
[18:02:35] Normal request processed for: AutoClient601
[18:02:35] Normal request processed for: AutoClient605
[18:02:35] Normal request processed for: AutoClient614
[18:02:35] Normal request processed for: AutoClient602
[18:02:35] Normal request processed for: AutoClient609
[18:02:38] Priority request processed for: AutoPriority
[18:02:38] Normal request processed for: AutoClient620
[18:02:38] Normal request processed for: AutoClient618
[18:02:38] Normal request processed for: AutoClient616
[18:02:38] Normal request processed for: AutoClient608
[18:02:38] Normal request processed for: AutoClient621
[18:02:38] Normal request processed for: AutoClient606
[18:02:38] Normal request processed for: AutoClient617
[18:02:38] Normal request processed for: AutoClient622
[18:02:38] Normal request processed for: AutoClient615
[18:02:38] Normal request processed for: AutoClient619
[18:02:38] Normal request processed for: AutoClient607
[18:02:38] Normal request processed for: AutoClient626
[18:02:38] Normal request processed for: AutoClient623
[18:02:38] Normal request processed for: AutoClient631
[18:02:38] Normal request processed for: AutoClient629
[18:02:38] Normal request processed for: AutoClient628
[18:02:38] Normal request processed for: AutoClient630
[18:02:38] Normal request processed for: AutoClient627
[18:02:38] Normal request processed for: AutoClient624
[18:02:38] Normal request processed for: AutoClient632
[18:02:38] Normal request processed for: AutoClient633
[18:02:38] Normal request processed for: AutoClient625
[18:02:38] Normal request processed for: AutoClient639
[18:02:38] Normal request processed for: AutoClient635
[18:02:38] Normal request processed for: AutoClient636
[18:02:38] Normal request processed for: AutoClient634
[18:02:38] Normal request processed for: AutoClient637
[18:02:38] Normal request processed for: AutoClient638
[18:02:38] Normal request processed for: AutoClient644
[18:02:38] Normal request processed for: AutoClient642
[18:02:38] Normal request processed for: AutoClient641
[18:02:38] Normal request processed for: AutoClient643
[18:02:38] Normal request processed for: AutoClient640
[18:02:39] Normal request processed for: AutoClient648
[18:02:39] Normal request processed for: AutoClient647
[18:02:39] Normal request processed for: AutoClient650
[18:02:39] Normal request processed for: AutoClient649
[18:02:39] Normal request processed for: AutoClient645
[18:02:39] Normal request processed for: AutoClient646
[18:02:39] Normal request processed for: AutoClient651
[18:02:39] Normal request processed for: AutoClient654
[18:02:39] Normal request processed for: AutoClient653
[18:02:39] Normal request processed for: AutoClient655
[18:02:39] Normal request processed for: AutoClient652
[18:02:39] Normal request processed for: AutoClient657
[18:02:39] Normal request processed for: AutoClient656
[18:02:39] Normal request processed for: AutoClient659
[18:02:39] Normal request processed for: AutoClient658
[18:02:39] Normal request processed for: AutoClient661
[18:02:39] Normal request processed for: AutoClient662
[18:02:39] Normal request processed for: AutoClient663
[18:02:39] Normal request processed for: AutoClient665
[18:02:39] Normal request processed for: AutoClient667
[18:02:39] Normal request processed for: AutoClient664
[18:02:39] Normal request processed for: AutoClient660
[18:02:39] Normal request processed for: AutoClient666
[18:02:39] Normal request processed for: AutoClient670
[18:02:39] Normal request processed for: AutoClient669
[18:02:39] Normal request processed for: AutoClient674
[18:02:39] Normal request processed for: AutoClient671
[18:02:39] Normal request processed for: AutoClient668
[18:02:39] Normal request processed for: AutoClient675
[18:02:39] Normal request processed for: AutoClient672
[18:02:39] Normal request processed for: AutoClient676
[18:02:39] Normal request processed for: AutoClient677
[18:02:39] Normal request processed for: AutoClient678
[18:02:39] Normal request processed for: AutoClient685
[18:02:39] Normal request processed for: AutoClient688
[18:02:39] Normal request processed for: AutoClient684
[18:02:39] Normal request processed for: AutoClient679
[18:02:39] Normal request processed for: AutoClient682
[18:02:39] Normal request processed for: AutoClient687
[18:02:39] Normal request processed for: AutoClient683
[18:02:39] Normal request processed for: AutoClient686
[18:02:39] Normal request processed for: AutoClient681
[18:02:39] Normal request processed for: AutoClient690
[18:02:39] Normal request processed for: AutoClient689
[18:02:40] Normal request processed for: AutoClient673
[18:02:40] Normal request processed for: AutoClient694
[18:02:40] Normal request processed for: AutoClient693
[18:02:40] Normal request processed for: AutoClient697
[18:02:40] Normal request processed for: AutoClient691
[18:02:40] Normal request processed for: AutoClient692
[18:02:40] Normal request processed for: AutoClient680
[18:02:40] Normal request processed for: AutoClient696
[18:02:40] Normal request processed for: AutoClient695
[18:02:40] Normal request processed for: AutoClient698
[18:02:40] Normal request processed for: AutoClient699
[18:02:40] Normal request processed for: AutoClient701
[18:02:40] Normal request processed for: AutoClient705
[18:02:40] Normal request processed for: AutoClient704
[18:02:40] Normal request processed for: AutoClient703
[18:02:40] Normal request processed for: AutoClient709
[18:02:40] Normal request processed for: AutoClient708
[18:02:40] Normal request processed for: AutoClient702
[18:02:40] Normal request processed for: AutoClient706
[18:02:40] Normal request processed for: AutoClient710
[18:02:40] Normal request processed for: AutoClient711
[18:02:40] Normal request processed for: AutoClient712
[18:02:40] Normal request processed for: AutoClient707
[18:02:40] Normal request processed for: AutoClient714
[18:02:40] Normal request processed for: AutoClient719
[18:02:40] Normal request processed for: AutoClient715
[18:02:40] Normal request processed for: AutoClient713
[18:02:40] Normal request processed for: AutoClient716
[18:02:40] Normal request processed for: AutoClient720
[18:02:40] Normal request processed for: AutoClient718
[18:02:40] Normal request processed for: AutoClient717
[18:02:40] Normal request processed for: AutoClient730
[18:02:40] Normal request processed for: AutoClient723
[18:02:40] Normal request processed for: AutoClient722
[18:02:40] Normal request processed for: AutoClient721
[18:02:40] Normal request processed for: AutoClient724
[18:02:40] Normal request processed for: AutoClient726
[18:02:40] Normal request processed for: AutoClient728
[18:02:40] Normal request processed for: AutoClient725
[18:02:40] Normal request processed for: AutoClient729
[18:02:40] Normal request processed for: AutoClient727
[18:02:43] Priority request processed for: AutoPriority
[18:02:43] Normal request processed for: AutoClient733
[18:02:43] Normal request processed for: AutoClient731
[18:02:43] Normal request processed for: AutoClient737
[18:02:43] Normal request processed for: AutoClient735
[18:02:43] Normal request processed for: AutoClient739
[18:02:43] Normal request processed for: AutoClient734
[18:02:43] Normal request processed for: AutoClient740
[18:02:43] Normal request processed for: AutoClient732
[18:02:43] Normal request processed for: AutoClient736
[18:02:43] Normal request processed for: AutoClient738
[18:02:43] Normal request processed for: AutoClient741
[18:02:44] Normal request processed for: AutoClient743
[18:02:44] Normal request processed for: AutoClient742
[18:02:44] Normal request processed for: AutoClient748
[18:02:44] Normal request processed for: AutoClient745
[18:02:44] Normal request processed for: AutoClient744
[18:02:44] Normal request processed for: AutoClient746
[18:02:44] Normal request processed for: AutoClient752
[18:02:44] Normal request processed for: AutoClient747
[18:02:44] Normal request processed for: AutoClient750
[18:02:44] Normal request processed for: AutoClient749
[18:02:44] Normal request processed for: AutoClient751
[18:02:44] Normal request processed for: AutoClient753
[18:02:44] Normal request processed for: AutoClient755
[18:02:44] Normal request processed for: AutoClient758
[18:02:44] Normal request processed for: AutoClient762
[18:02:44] Normal request processed for: AutoClient760
[18:02:44] Normal request processed for: AutoClient759
[18:02:44] Normal request processed for: AutoClient761
[18:02:44] Normal request processed for: AutoClient757
[18:02:44] Normal request processed for: AutoClient754
[18:02:44] Normal request processed for: AutoClient756
[18:02:44] Normal request processed for: AutoClient763
[18:02:44] Normal request processed for: AutoClient767
[18:02:44] Normal request processed for: AutoClient768
[18:02:44] Normal request processed for: AutoClient765
[18:02:44] Normal request processed for: AutoClient770
[18:02:44] Normal request processed for: AutoClient764
[18:02:44] Normal request processed for: AutoClient766
[18:02:44] Normal request processed for: AutoClient769
[18:02:44] Normal request processed for: AutoClient773
[18:02:44] Normal request processed for: AutoClient771
[18:02:44] Normal request processed for: AutoClient772
[18:02:44] Normal request processed for: AutoClient774
[18:02:44] Normal request processed for: AutoClient776
[18:02:44] Normal request processed for: AutoClient777
[18:02:44] Normal request processed for: AutoClient775
[18:02:44] Normal request processed for: AutoClient778
[18:02:44] Normal request processed for: AutoClient779
[18:02:44] Normal request processed for: AutoClient781
[18:02:44] Normal request processed for: AutoClient783
[18:02:44] Normal request processed for: AutoClient780
[18:02:44] Normal request processed for: AutoClient782
[18:02:44] Normal request processed for: AutoClient784
[18:02:44] Normal request processed for: AutoClient785
[18:02:45] Normal request processed for: AutoClient786
[18:02:45] Normal request processed for: AutoClient787
[18:02:45] Normal request processed for: AutoClient789
[18:02:45] Normal request processed for: AutoClient790
[18:02:45] Normal request processed for: AutoClient788
[18:02:45] Normal request processed for: AutoClient792
[18:02:45] Normal request processed for: AutoClient793
[18:02:45] Normal request processed for: AutoClient796
[18:02:45] Normal request processed for: AutoClient795
[18:02:45] Normal request processed for: AutoClient791
[18:02:45] Normal request processed for: AutoClient794
[18:02:45] Normal request processed for: AutoClient798
[18:02:45] Normal request processed for: AutoClient801
[18:02:45] Normal request processed for: AutoClient797
[18:02:45] Normal request processed for: AutoClient799
[18:02:45] Normal request processed for: AutoClient802
[18:02:45] Normal request processed for: AutoClient803
[18:02:45] Normal request processed for: AutoClient806
[18:02:45] Normal request processed for: AutoClient804
[18:02:45] Normal request processed for: AutoClient805
[18:02:45] Normal request processed for: AutoClient807
[18:02:45] Normal request processed for: AutoClient808
[18:02:45] Normal request processed for: AutoClient813
[18:02:45] Normal request processed for: AutoClient809
[18:02:45] Normal request processed for: AutoClient811
[18:02:45] Normal request processed for: AutoClient815
[18:02:45] Normal request processed for: AutoClient817
[18:02:45] Normal request processed for: AutoClient810
[18:02:45] Normal request processed for: AutoClient814
[18:02:45] Normal request processed for: AutoClient820
[18:02:45] Normal request processed for: AutoClient812
[18:02:45] Normal request processed for: AutoClient818
[18:02:45] Normal request processed for: AutoClient816
[18:02:45] Normal request processed for: AutoClient823
[18:02:45] Normal request processed for: AutoClient819
[18:02:45] Normal request processed for: AutoClient822
[18:02:45] Normal request processed for: AutoClient826
[18:02:45] Normal request processed for: AutoClient829
[18:02:45] Normal request processed for: AutoClient825
[18:02:45] Normal request processed for: AutoClient821
[18:02:45] Normal request processed for: AutoClient824
[18:02:45] Normal request processed for: AutoClient827
[18:02:45] Normal request processed for: AutoClient828
[18:02:45] Normal request processed for: AutoClient830
[18:02:46] Normal request processed for: AutoClient831
[18:02:46] Normal request processed for: AutoClient833
[18:02:46] Normal request processed for: AutoClient836
[18:02:46] Normal request processed for: AutoClient832
[18:02:46] Normal request processed for: AutoClient838
[18:02:46] Normal request processed for: AutoClient839
[18:02:46] Normal request processed for: AutoClient840
[18:02:46] Normal request processed for: AutoClient835
[18:02:46] Normal request processed for: AutoClient834
[18:02:46] Normal request processed for: AutoClient837
[18:02:46] Normal request processed for: AutoClient841
[18:02:46] Normal request processed for: AutoClient851
[18:02:46] Normal request processed for: AutoClient845
[18:02:46] Normal request processed for: AutoClient850
[18:02:46] Normal request processed for: AutoClient842
[18:02:46] Normal request processed for: AutoClient843
[18:02:46] Normal request processed for: AutoClient848
[18:02:46] Normal request processed for: AutoClient847
[18:02:46] Normal request processed for: AutoClient844
[18:02:46] Normal request processed for: AutoClient853
[18:02:46] Normal request processed for: AutoClient846
[18:02:49] Priority request processed for: AutoPriority
[18:02:49] Normal request processed for: AutoClient856
[18:02:49] Normal request processed for: AutoClient857
[18:02:49] Normal request processed for: AutoClient855
[18:02:49] Normal request processed for: AutoClient854
[18:02:49] Normal request processed for: AutoClient861
[18:02:49] Normal request processed for: AutoClient859
[18:02:49] Normal request processed for: AutoClient852
[18:02:49] Normal request processed for: AutoClient860
[18:02:49] Normal request processed for: AutoClient862
[18:02:49] Normal request processed for: AutoClient849
[18:02:49] Normal request processed for: AutoClient858
[18:02:50] Normal request processed for: AutoClient868
[18:02:50] Normal request processed for: AutoClient864
[18:02:50] Normal request processed for: AutoClient873
[18:02:50] Normal request processed for: AutoClient863
[18:02:50] Normal request processed for: AutoClient870
[18:02:50] Normal request processed for: AutoClient866
[18:02:50] Normal request processed for: AutoClient869
[18:02:50] Normal request processed for: AutoClient871
[18:02:50] Normal request processed for: AutoClient865
[18:02:50] Normal request processed for: AutoClient867
[18:02:50] Normal request processed for: AutoClient872
[18:02:50] Normal request processed for: AutoClient876
[18:02:50] Normal request processed for: AutoClient875
[18:02:50] Normal request processed for: AutoClient878
[18:02:50] Normal request processed for: AutoClient877
[18:02:50] Normal request processed for: AutoClient874
[18:02:50] Normal request processed for: AutoClient886
[18:02:50] Normal request processed for: AutoClient885
[18:02:50] Normal request processed for: AutoClient880
[18:02:50] Normal request processed for: AutoClient881
[18:02:50] Normal request processed for: AutoClient883
[18:02:50] Normal request processed for: AutoClient882
[18:02:50] Normal request processed for: AutoClient888
[18:02:50] Normal request processed for: AutoClient890
[18:02:50] Normal request processed for: AutoClient887
[18:02:50] Normal request processed for: AutoClient893
[18:02:50] Normal request processed for: AutoClient884
[18:02:50] Normal request processed for: AutoClient889
[18:02:50] Normal request processed for: AutoClient879
[18:02:50] Normal request processed for: AutoClient892
[18:02:50] Normal request processed for: AutoClient891
[18:02:50] Normal request processed for: AutoClient895
[18:02:50] Normal request processed for: AutoClient894
[18:02:50] Normal request processed for: AutoClient901
[18:02:50] Normal request processed for: AutoClient902
[18:02:50] Normal request processed for: AutoClient896
[18:02:50] Normal request processed for: AutoClient897
[18:02:50] Normal request processed for: AutoClient906
[18:02:50] Normal request processed for: AutoClient898
[18:02:50] Normal request processed for: AutoClient907
[18:02:50] Normal request processed for: AutoClient899
[18:02:50] Normal request processed for: AutoClient903
[18:02:50] Normal request processed for: AutoClient904
[18:02:50] Normal request processed for: AutoClient905
[18:02:51] Normal request processed for: AutoClient910
[18:02:51] Normal request processed for: AutoClient908
[18:02:51] Normal request processed for: AutoClient915
[18:02:51] Normal request processed for: AutoClient909
[18:02:51] Normal request processed for: AutoClient912
[18:02:51] Normal request processed for: AutoClient918
[18:02:51] Normal request processed for: AutoClient911
[18:02:51] Normal request processed for: AutoClient916
[18:02:51] Normal request processed for: AutoClient913
[18:02:51] Normal request processed for: AutoClient914
[18:02:51] Normal request processed for: AutoClient917
[18:02:51] Normal request processed for: AutoClient919
[18:02:51] Normal request processed for: AutoClient922
[18:02:51] Normal request processed for: AutoClient920
[18:02:51] Normal request processed for: AutoClient921
[18:02:51] Normal request processed for: AutoClient924
[18:02:51] Normal request processed for: AutoClient925
[18:02:51] Normal request processed for: AutoClient926
[18:02:51] Normal request processed for: AutoClient923
[18:02:51] Normal request processed for: AutoClient928
[18:02:51] Normal request processed for: AutoClient927
[18:02:51] Normal request processed for: AutoClient929
[18:02:51] Normal request processed for: AutoClient930
[18:02:51] Normal request processed for: AutoClient931
[18:02:51] Normal request processed for: AutoClient936
[18:02:51] Normal request processed for: AutoClient932
[18:02:51] Normal request processed for: AutoClient934
[18:02:51] Normal request processed for: AutoClient933
[18:02:51] Normal request processed for: AutoClient935
[18:02:51] Normal request processed for: AutoClient937
[18:02:51] Normal request processed for: AutoClient939
[18:02:51] Normal request processed for: AutoClient938
[18:02:51] Normal request processed for: AutoClient940
[18:02:51] Normal request processed for: AutoClient942
[18:02:51] Normal request processed for: AutoClient946
[18:02:51] Normal request processed for: AutoClient941
[18:02:51] Normal request processed for: AutoClient943
[18:02:51] Normal request processed for: AutoClient945
[18:02:51] Normal request processed for: AutoClient944
[18:02:51] Normal request processed for: AutoClient948
[18:02:51] Normal request processed for: AutoClient950
[18:02:51] Normal request processed for: AutoClient947
[18:02:51] Normal request processed for: AutoClient949
[18:02:51] Normal request processed for: AutoClient953
[18:02:52] Normal request processed for: AutoClient955
[18:02:52] Normal request processed for: AutoClient956
[18:02:52] Normal request processed for: AutoClient954
[18:02:52] Normal request processed for: AutoClient952
[18:02:52] Normal request processed for: AutoClient951
[18:02:52] Normal request processed for: AutoClient957
[18:02:52] Normal request processed for: AutoClient958
[18:02:52] Normal request processed for: AutoClient959
[18:02:52] Normal request processed for: AutoClient960
[18:02:52] Normal request processed for: AutoClient963
[18:02:52] Normal request processed for: AutoClient961
[18:02:52] Normal request processed for: AutoClient970
[18:02:52] Normal request processed for: AutoClient969
[18:02:52] Normal request processed for: AutoClient967
[18:02:52] Normal request processed for: AutoClient971
[18:02:52] Normal request processed for: AutoClient966
[18:02:52] Normal request processed for: AutoClient968
[18:02:52] Normal request processed for: AutoClient962
[18:02:52] Normal request processed for: AutoClient964
[18:02:52] Normal request processed for: AutoClient965
[18:02:55] Priority request processed for: AutoPriority
[18:02:55] Normal request processed for: AutoClient976
[18:02:55] Normal request processed for: AutoClient972
[18:02:55] Normal request processed for: AutoClient973
[18:02:55] Normal request processed for: AutoClient977
[18:02:55] Normal request processed for: AutoClient978
[18:02:55] Normal request processed for: AutoClient980
[18:02:55] Normal request processed for: AutoClient982
[18:02:55] Normal request processed for: AutoClient979
[18:02:55] Normal request processed for: AutoClient974
[18:02:55] Normal request processed for: AutoClient975
[18:02:55] Normal request processed for: AutoClient981
[18:02:55] Normal request processed for: AutoClient990
[18:02:55] Normal request processed for: AutoClient987
[18:02:55] Normal request processed for: AutoClient985
[18:02:55] Normal request processed for: AutoClient986
[18:02:55] Normal request processed for: AutoClient992
[18:02:55] Normal request processed for: AutoClient983
[18:02:55] Normal request processed for: AutoClient991
[18:02:55] Normal request processed for: AutoClient988
[18:02:55] Normal request processed for: AutoClient984
[18:02:55] Normal request processed for: AutoClient989
[18:02:55] Normal request processed for: AutoClient993
[18:02:56] Normal request processed for: AutoClient995
[18:02:56] Normal request processed for: AutoClient999
[18:02:56] Normal request processed for: AutoClient996
[18:02:56] Normal request processed for: AutoClient994
[18:02:56] Normal request processed for: AutoClient1004
[18:02:56] Normal request processed for: AutoClient997
[18:02:56] Normal request processed for: AutoClient1005
[18:02:56] Normal request processed for: AutoClient1002
[18:02:56] Normal request processed for: AutoClient998
[18:02:56] Normal request processed for: AutoClient1001
[18:02:56] Normal request processed for: AutoClient1003
[18:02:56] Normal request processed for: AutoClient1007
[18:02:56] Normal request processed for: AutoClient1010
[18:02:56] Normal request processed for: AutoClient1008
[18:02:56] Normal request processed for: AutoClient1011
[18:02:56] Normal request processed for: AutoClient1009
[18:02:56] Normal request processed for: AutoClient1017
[18:02:56] Normal request processed for: AutoClient1006
[18:02:56] Normal request processed for: AutoClient1012
[18:02:56] Normal request processed for: AutoClient1015
[18:02:56] Normal request processed for: AutoClient1014
[18:02:56] Normal request processed for: AutoClient1013
[18:02:56] Normal request processed for: AutoClient1021
[18:02:56] Normal request processed for: AutoClient1018
[18:02:56] Normal request processed for: AutoClient1016
[18:02:56] Normal request processed for: AutoClient1019
[18:02:56] Normal request processed for: AutoClient1022
[18:02:56] Normal request processed for: AutoClient1020
[18:02:56] Normal request processed for: AutoClient1027
[18:02:56] Normal request processed for: AutoClient1023
[18:02:56] Normal request processed for: AutoClient1024
[18:02:56] Normal request processed for: AutoClient1029
[18:02:56] Normal request processed for: AutoClient1025
[18:02:56] Normal request processed for: AutoClient1026
[18:02:56] Normal request processed for: AutoClient1032
[18:02:56] Normal request processed for: AutoClient1030
[18:02:56] Normal request processed for: AutoClient1034
[18:02:56] Normal request processed for: AutoClient1028
[18:02:56] Normal request processed for: AutoClient1033
[18:02:56] Normal request processed for: AutoClient1031
[18:02:56] Normal request processed for: AutoClient1036
[18:02:56] Normal request processed for: AutoClient1035
[18:02:56] Normal request processed for: AutoClient1037
[18:02:56] Normal request processed for: AutoClient1039
[18:02:57] Normal request processed for: AutoClient1041
[18:02:57] Normal request processed for: AutoClient1042
[18:02:57] Normal request processed for: AutoClient1038
[18:02:57] Normal request processed for: AutoClient1043
[18:02:57] Normal request processed for: AutoClient1040
[18:02:57] Normal request processed for: AutoClient1044
[18:02:57] Normal request processed for: AutoClient1047
[18:02:57] Normal request processed for: AutoClient1045
[18:02:57] Normal request processed for: AutoClient1049
[18:02:57] Normal request processed for: AutoClient1048
[18:02:57] Normal request processed for: AutoClient1046
[18:02:57] Normal request processed for: AutoClient1054
[18:02:57] Normal request processed for: AutoClient1050
[18:02:57] Normal request processed for: AutoClient1051
[18:02:57] Normal request processed for: AutoClient1056
[18:02:57] Normal request processed for: AutoClient1058
[18:02:57] Normal request processed for: AutoClient1052
[18:02:57] Normal request processed for: AutoClient1053
[18:02:57] Normal request processed for: AutoClient1059
[18:02:57] Normal request processed for: AutoClient1060
[18:02:57] Normal request processed for: AutoClient1055
[18:02:57] Normal request processed for: AutoClient1057
[18:02:57] Normal request processed for: AutoClient1064
[18:02:57] Normal request processed for: AutoClient1061
[18:02:57] Normal request processed for: AutoClient1065
[18:02:57] Normal request processed for: AutoClient1062
[18:02:57] Normal request processed for: AutoClient1066
[18:02:57] Normal request processed for: AutoClient1068
[18:02:57] Normal request processed for: AutoClient1069
[18:02:57] Normal request processed for: AutoClient1067
[18:02:57] Normal request processed for: AutoClient1071
[18:02:57] Normal request processed for: AutoClient1063
[18:02:57] Normal request processed for: AutoClient1070
[18:02:57] Normal request processed for: AutoClient1072
[18:02:57] Normal request processed for: AutoClient1073
[18:02:57] Normal request processed for: AutoClient1076
[18:02:57] Normal request processed for: AutoClient1074
[18:02:57] Normal request processed for: AutoClient1078
[18:02:57] Normal request processed for: AutoClient1080
[18:02:57] Normal request processed for: AutoClient1075
[18:02:57] Normal request processed for: AutoClient1079
[18:02:57] Normal request processed for: AutoClient1077
[18:02:58] Normal request processed for: AutoClient1083
[18:02:58] Normal request processed for: AutoClient1094
[18:02:58] Normal request processed for: AutoClient1081
[18:02:58] Normal request processed for: AutoClient1090
[18:02:58] Normal request processed for: AutoClient1091
[18:02:58] Normal request processed for: AutoClient1088
[18:02:58] Normal request processed for: AutoClient1084
[18:02:58] Normal request processed for: AutoClient1086
[18:02:58] Normal request processed for: AutoClient1087
[18:02:58] Normal request processed for: AutoClient1089
[18:02:58] Normal request processed for: AutoClient1082
[18:03:01] Priority request processed for: AutoPriority
[18:03:01] Normal request processed for: AutoClient1096
[18:03:01] Normal request processed for: AutoClient1097
[18:03:01] Normal request processed for: AutoClient1093
[18:03:01] Normal request processed for: AutoClient1092
[18:03:01] Normal request processed for: AutoClient1099
[18:03:01] Normal request processed for: AutoClient1085
[18:03:01] Normal request processed for: AutoClient1095
[18:03:01] Normal request processed for: AutoClient1098
[18:03:01] Normal request processed for: AutoClient1101
[18:03:01] Normal request processed for: AutoClient1103
[18:03:01] Normal request processed for: AutoClient1102
[18:03:04] Priority request processed for: AutoPriority
[18:03:04] Normal request processed for: AutoClient1110
[18:03:04] Normal request processed for: AutoClient1107
[18:03:04] Normal request processed for: AutoClient1111
[18:03:04] Normal request processed for: AutoClient1113
[18:03:04] Normal request processed for: AutoClient1106
[18:03:04] Normal request processed for: AutoClient1104
[18:03:04] Normal request processed for: AutoClient1109
[18:03:04] Normal request processed for: AutoClient1108
[18:03:04] Normal request processed for: AutoClient1105
[18:03:04] Normal request processed for: AutoClient1112
[18:03:04] Normal request processed for: AutoClient1114
[18:03:05] Normal request processed for: AutoClient1123
[18:03:05] Normal request processed for: AutoClient1115
[18:03:05] Normal request processed for: AutoClient1118
[18:03:05] Normal request processed for: AutoClient1117
[18:03:05] Normal request processed for: AutoClient1116
[18:03:05] Normal request processed for: AutoClient1124
[18:03:05] Normal request processed for: AutoClient1119
[18:03:05] Normal request processed for: AutoClient1121
[18:03:05] Normal request processed for: AutoClient1120
[18:03:05] Normal request processed for: AutoClient1122
[18:03:05] Normal request processed for: AutoClient1125
[18:03:05] Normal request processed for: AutoClient1127
[18:03:05] Normal request processed for: AutoClient1126
[18:03:05] Normal request processed for: AutoClient1132
[18:03:05] Normal request processed for: AutoClient1128
[18:03:05] Normal request processed for: AutoClient1130
[18:03:05] Normal request processed for: AutoClient1131
[18:03:05] Normal request processed for: AutoClient1129
[18:03:05] Normal request processed for: AutoClient1133
[18:03:05] Normal request processed for: AutoClient1134
[18:03:05] Normal request processed for: AutoClient1135
[18:03:05] Normal request processed for: AutoClient1136
[18:03:05] Normal request processed for: AutoClient1138
[18:03:05] Normal request processed for: AutoClient1140
[18:03:05] Normal request processed for: AutoClient1137
[18:03:05] Normal request processed for: AutoClient1143
[18:03:05] Normal request processed for: AutoClient1139
[18:03:05] Normal request processed for: AutoClient1142
[18:03:05] Normal request processed for: AutoClient1144
[18:03:05] Normal request processed for: AutoClient1141
[18:03:05] Normal request processed for: AutoClient1145
[18:03:05] Normal request processed for: AutoClient1146
[18:03:05] Normal request processed for: AutoClient1147
[18:03:05] Normal request processed for: AutoClient1152
[18:03:05] Normal request processed for: AutoClient1149
[18:03:05] Normal request processed for: AutoClient1148
[18:03:05] Normal request processed for: AutoClient1150
[18:03:05] Normal request processed for: AutoClient1153
[18:03:05] Normal request processed for: AutoClient1151
[18:03:05] Normal request processed for: AutoClient1154
[18:03:05] Normal request processed for: AutoClient1155
[18:03:05] Normal request processed for: AutoClient1157
[18:03:05] Normal request processed for: AutoClient1158
[18:03:05] Normal request processed for: AutoClient1156
[18:03:06] Normal request processed for: AutoClient1160
[18:03:06] Normal request processed for: AutoClient1159
[18:03:06] Normal request processed for: AutoClient1164
[18:03:06] Normal request processed for: AutoClient1162
[18:03:06] Normal request processed for: AutoClient1165
[18:03:06] Normal request processed for: AutoClient1161
[18:03:06] Normal request processed for: AutoClient1163
[18:03:06] Normal request processed for: AutoClient1167
[18:03:06] Normal request processed for: AutoClient1166
[18:03:06] Normal request processed for: AutoClient1168
[18:03:06] Normal request processed for: AutoClient1169
[18:03:06] Normal request processed for: AutoClient1172
[18:03:06] Normal request processed for: AutoClient1171
[18:03:06] Normal request processed for: AutoClient1170
[18:03:06] Normal request processed for: AutoClient1175
[18:03:06] Normal request processed for: AutoClient1177
[18:03:06] Normal request processed for: AutoClient1176
[18:03:06] Normal request processed for: AutoClient1174
[18:03:06] Normal request processed for: AutoClient1173
[18:03:06] Normal request processed for: AutoClient1178
[18:03:06] Normal request processed for: AutoClient1179
[18:03:06] Normal request processed for: AutoClient1180
[18:03:06] Normal request processed for: AutoClient1183
[18:03:06] Normal request processed for: AutoClient1181
[18:03:06] Normal request processed for: AutoClient1182
[18:03:06] Normal request processed for: AutoClient1185
[18:03:06] Normal request processed for: AutoClient1191
[18:03:06] Normal request processed for: AutoClient1188
[18:03:06] Normal request processed for: AutoClient1192
[18:03:06] Normal request processed for: AutoClient1189
[18:03:06] Normal request processed for: AutoClient1190
[18:03:06] Normal request processed for: AutoClient1186
[18:03:06] Normal request processed for: AutoClient1193
[18:03:06] Normal request processed for: AutoClient1195
[18:03:06] Normal request processed for: AutoClient1196
[18:03:06] Normal request processed for: AutoClient1197
[18:03:06] Normal request processed for: AutoClient1198
[18:03:06] Normal request processed for: AutoClient1199
[18:03:06] Normal request processed for: AutoClient1194
[18:03:06] Normal request processed for: AutoClient1184
[18:03:06] Normal request processed for: AutoClient1187
[18:03:07] Normal request processed for: AutoClient1202
[18:03:07] Normal request processed for: AutoClient1210
[18:03:07] Normal request processed for: AutoClient1204
[18:03:07] Normal request processed for: AutoClient1201
[18:03:07] Normal request processed for: AutoClient1209
[18:03:07] Normal request processed for: AutoClient1207
[18:03:07] Normal request processed for: AutoClient1203
[18:03:07] Normal request processed for: AutoClient1208
[18:03:07] Normal request processed for: AutoClient1205
[18:03:07] Normal request processed for: AutoClient1211
[18:03:07] Normal request processed for: AutoClient1206
[18:03:10] Priority request processed for: AutoPriority
[18:03:10] Normal request processed for: AutoClient1218
[18:03:10] Normal request processed for: AutoClient1215
[18:03:10] Normal request processed for: AutoClient1214
[18:03:10] Normal request processed for: AutoClient1221
[18:03:10] Normal request processed for: AutoClient1213
[18:03:10] Normal request processed for: AutoClient1216
[18:03:10] Normal request processed for: AutoClient1220
[18:03:10] Normal request processed for: AutoClient1217
[18:03:10] Normal request processed for: AutoClient1219
[18:03:10] Normal request processed for: AutoClient1212
[18:03:10] Normal request processed for: AutoClient1222
[18:03:10] Normal request processed for: AutoClient1231
[18:03:10] Normal request processed for: AutoClient1223
[18:03:10] Normal request processed for: AutoClient1225
[18:03:10] Normal request processed for: AutoClient1227
[18:03:10] Normal request processed for: AutoClient1224
[18:03:10] Normal request processed for: AutoClient1232
[18:03:10] Normal request processed for: AutoClient1228
[18:03:10] Normal request processed for: AutoClient1226
[18:03:10] Normal request processed for: AutoClient1229
[18:03:10] Normal request processed for: AutoClient1230
[18:03:10] Normal request processed for: AutoClient1233
[18:03:10] Normal request processed for: AutoClient1240
[18:03:10] Normal request processed for: AutoClient1236
[18:03:10] Normal request processed for: AutoClient1235
[18:03:10] Normal request processed for: AutoClient1243
[18:03:10] Normal request processed for: AutoClient1234
[18:03:10] Normal request processed for: AutoClient1237
[18:03:10] Normal request processed for: AutoClient1238
[18:03:10] Normal request processed for: AutoClient1242
[18:03:10] Normal request processed for: AutoClient1239
[18:03:10] Normal request processed for: AutoClient1241
[18:03:10] Normal request processed for: AutoClient1244
[18:03:11] Normal request processed for: AutoClient1255
[18:03:11] Normal request processed for: AutoClient1253
[18:03:11] Normal request processed for: AutoClient1250
[18:03:11] Normal request processed for: AutoClient1254
[18:03:11] Normal request processed for: AutoClient1246
[18:03:11] Normal request processed for: AutoClient1252
[18:03:11] Normal request processed for: AutoClient1247
[18:03:11] Normal request processed for: AutoClient1245
[18:03:11] Normal request processed for: AutoClient1248
[18:03:11] Normal request processed for: AutoClient1249
[18:03:11] Normal request processed for: AutoClient1251
[18:03:11] Normal request processed for: AutoClient1257
[18:03:11] Normal request processed for: AutoClient1258
[18:03:11] Normal request processed for: AutoClient1266
[18:03:11] Normal request processed for: AutoClient1265
[18:03:11] Normal request processed for: AutoClient1261
[18:03:11] Normal request processed for: AutoClient1263
[18:03:11] Normal request processed for: AutoClient1256
[18:03:11] Normal request processed for: AutoClient1262
[18:03:11] Normal request processed for: AutoClient1260
[18:03:11] Normal request processed for: AutoClient1259
[18:03:11] Normal request processed for: AutoClient1264
[18:03:11] Normal request processed for: AutoClient1269
[18:03:11] Normal request processed for: AutoClient1275
[18:03:11] Normal request processed for: AutoClient1267
[18:03:11] Normal request processed for: AutoClient1268
[18:03:11] Normal request processed for: AutoClient1270
[18:03:11] Normal request processed for: AutoClient1276
[18:03:11] Normal request processed for: AutoClient1272
[18:03:11] Normal request processed for: AutoClient1271
[18:03:11] Normal request processed for: AutoClient1273
[18:03:11] Normal request processed for: AutoClient1274
[18:03:11] Normal request processed for: AutoClient1277
[18:03:11] Normal request processed for: AutoClient1278
[18:03:11] Normal request processed for: AutoClient1280
[18:03:11] Normal request processed for: AutoClient1283
[18:03:11] Normal request processed for: AutoClient1281
[18:03:11] Normal request processed for: AutoClient1282
[18:03:11] Normal request processed for: AutoClient1287
[18:03:11] Normal request processed for: AutoClient1284
[18:03:11] Normal request processed for: AutoClient1279
[18:03:11] Normal request processed for: AutoClient1286
[18:03:11] Normal request processed for: AutoClient1285
[18:03:11] Normal request processed for: AutoClient1288
[18:03:12] Normal request processed for: AutoClient1289
[18:03:12] Normal request processed for: AutoClient1291
[18:03:12] Normal request processed for: AutoClient1293
[18:03:12] Normal request processed for: AutoClient1292
[18:03:12] Normal request processed for: AutoClient1294
[18:03:12] Normal request processed for: AutoClient1296
[18:03:12] Normal request processed for: AutoClient1290
[18:03:12] Normal request processed for: AutoClient1297
[18:03:12] Normal request processed for: AutoClient1299
[18:03:12] Normal request processed for: AutoClient1298
[18:03:12] Normal request processed for: AutoClient1295
[18:03:12] Normal request processed for: AutoClient1301
[18:03:12] Normal request processed for: AutoClient1303
[18:03:12] Normal request processed for: AutoClient1304
[18:03:12] Normal request processed for: AutoClient1302
[18:03:12] Normal request processed for: AutoClient1305
[18:03:12] Normal request processed for: AutoClient1306
[18:03:12] Normal request processed for: AutoClient1308
[18:03:12] Normal request processed for: AutoClient1307
[18:03:12] Normal request processed for: AutoClient1309
[18:03:12] Normal request processed for: AutoClient1310
[18:03:12] Normal request processed for: AutoClient1311
[18:03:12] Normal request processed for: AutoClient1312
[18:03:12] Normal request processed for: AutoClient1313
[18:03:12] Normal request processed for: AutoClient1314
[18:03:12] Normal request processed for: AutoClient1315
[18:03:12] Normal request processed for: AutoClient1316
[18:03:12] Normal request processed for: AutoClient1317
[18:03:12] Normal request processed for: AutoClient1320
[18:03:12] Normal request processed for: AutoClient1318
[18:03:12] Normal request processed for: AutoClient1319
[18:03:12] Normal request processed for: AutoClient1326
[18:03:12] Normal request processed for: AutoClient1323
[18:03:12] Normal request processed for: AutoClient1324
[18:03:12] Normal request processed for: AutoClient1322
[18:03:12] Normal request processed for: AutoClient1321
[18:03:12] Normal request processed for: AutoClient1325
[18:03:12] Normal request processed for: AutoClient1331
[18:03:12] Normal request processed for: AutoClient1328
[18:03:12] Normal request processed for: AutoClient1330
[18:03:12] Normal request processed for: AutoClient1327
[18:03:12] Normal request processed for: AutoClient1329
[18:03:15] Priority request processed for: AutoPriority
[18:03:16] Normal request processed for: AutoClient1339
[18:03:16] Normal request processed for: AutoClient1337
[18:03:16] Normal request processed for: AutoClient1334
[18:03:16] Normal request processed for: AutoClient1342
[18:03:16] Normal request processed for: AutoClient1336
[18:03:16] Normal request processed for: AutoClient1335
[18:03:16] Normal request processed for: AutoClient1338
[18:03:16] Normal request processed for: AutoClient1340
[18:03:16] Normal request processed for: AutoClient1333
[18:03:16] Normal request processed for: AutoClient1332
[18:03:16] Normal request processed for: AutoClient1341
[18:03:16] Normal request processed for: AutoClient1345
[18:03:16] Normal request processed for: AutoClient1346
[18:03:16] Normal request processed for: AutoClient1347
[18:03:16] Normal request processed for: AutoClient1344
[18:03:16] Normal request processed for: AutoClient1343
[18:03:16] Normal request processed for: AutoClient1349
[18:03:16] Normal request processed for: AutoClient1348
[18:03:16] Normal request processed for: AutoClient1350
[18:03:16] Normal request processed for: AutoClient1352
[18:03:16] Normal request processed for: AutoClient1351
[18:03:16] Normal request processed for: AutoClient1353
[18:03:16] Normal request processed for: AutoClient1356
[18:03:16] Normal request processed for: AutoClient1358
[18:03:16] Normal request processed for: AutoClient1354
[18:03:16] Normal request processed for: AutoClient1355
[18:03:16] Normal request processed for: AutoClient1360
[18:03:16] Normal request processed for: AutoClient1361
[18:03:16] Normal request processed for: AutoClient1362
[18:03:16] Normal request processed for: AutoClient1363
[18:03:16] Normal request processed for: AutoClient1357
[18:03:16] Normal request processed for: AutoClient1359
[18:03:16] Normal request processed for: AutoClient1364
[18:03:16] Normal request processed for: AutoClient1365
[18:03:16] Normal request processed for: AutoClient1369
[18:03:16] Normal request processed for: AutoClient1372
[18:03:16] Normal request processed for: AutoClient1366
[18:03:16] Normal request processed for: AutoClient1370
[18:03:16] Normal request processed for: AutoClient1367
[18:03:16] Normal request processed for: AutoClient1373
[18:03:16] Normal request processed for: AutoClient1368
[18:03:16] Normal request processed for: AutoClient1374
[18:03:16] Normal request processed for: AutoClient1371
[18:03:16] Normal request processed for: AutoClient1375
[18:03:17] Normal request processed for: AutoClient1376
[18:03:17] Normal request processed for: AutoClient1377
[18:03:17] Normal request processed for: AutoClient1381
[18:03:17] Normal request processed for: AutoClient1379
[18:03:17] Normal request processed for: AutoClient1378
[18:03:17] Normal request processed for: AutoClient1380
[18:03:17] Normal request processed for: AutoClient1382
[18:03:17] Normal request processed for: AutoClient1385
[18:03:17] Normal request processed for: AutoClient1383
[18:03:17] Normal request processed for: AutoClient1384
[18:03:17] Normal request processed for: AutoClient1386
[18:03:17] Normal request processed for: AutoClient1387
[18:03:17] Normal request processed for: AutoClient1389
[18:03:17] Normal request processed for: AutoClient1390
[18:03:17] Normal request processed for: AutoClient1388
[18:03:17] Normal request processed for: AutoClient1391
[18:03:17] Normal request processed for: AutoClient1392
[18:03:17] Normal request processed for: AutoClient1393
[18:03:17] Normal request processed for: AutoClient1395
[18:03:17] Normal request processed for: AutoClient1396
[18:03:17] Normal request processed for: AutoClient1394
[18:03:17] Normal request processed for: AutoClient1397
[18:03:17] Normal request processed for: AutoClient1399
[18:03:17] Normal request processed for: AutoClient1398
[18:03:17] Normal request processed for: AutoClient1407
[18:03:17] Normal request processed for: AutoClient1402
[18:03:17] Normal request processed for: AutoClient1401
[18:03:17] Normal request processed for: AutoClient1405
[18:03:17] Normal request processed for: AutoClient1404
[18:03:17] Normal request processed for: AutoClient1403
[18:03:17] Normal request processed for: AutoClient1406
[18:03:17] Normal request processed for: AutoClient1408
[18:03:17] Normal request processed for: AutoClient1409
[18:03:17] Normal request processed for: AutoClient1410
[18:03:17] Normal request processed for: AutoClient1411
[18:03:17] Normal request processed for: AutoClient1418
[18:03:17] Normal request processed for: AutoClient1412
[18:03:17] Normal request processed for: AutoClient1413
[18:03:17] Normal request processed for: AutoClient1417
[18:03:17] Normal request processed for: AutoClient1414
[18:03:17] Normal request processed for: AutoClient1415
[18:03:17] Normal request processed for: AutoClient1416
[18:03:17] Normal request processed for: AutoClient1419
[18:03:17] Normal request processed for: AutoClient1420
[18:03:18] Normal request processed for: AutoClient1421
[18:03:18] Normal request processed for: AutoClient1422
[18:03:18] Normal request processed for: AutoClient1429
[18:03:18] Normal request processed for: AutoClient1426
[18:03:18] Normal request processed for: AutoClient1428
[18:03:18] Normal request processed for: AutoClient1427
[18:03:18] Normal request processed for: AutoClient1425
[18:03:18] Normal request processed for: AutoClient1430
[18:03:18] Normal request processed for: AutoClient1423
[18:03:18] Normal request processed for: AutoClient1424
[18:03:18] Normal request processed for: AutoClient1431
[18:03:18] Normal request processed for: AutoClient1432
[18:03:18] Normal request processed for: AutoClient1433
[18:03:18] Normal request processed for: AutoClient1436
[18:03:18] Normal request processed for: AutoClient1435
[18:03:18] Normal request processed for: AutoClient1434
[18:03:18] Normal request processed for: AutoClient1437
[18:03:18] Normal request processed for: AutoClient1438
[18:03:18] Normal request processed for: AutoClient1439
[18:03:18] Normal request processed for: AutoClient1440
[18:03:18] Normal request processed for: AutoClient1448
[18:03:18] Normal request processed for: AutoClient1445
[18:03:18] Normal request processed for: AutoClient1441
[18:03:18] Normal request processed for: AutoClient1451
[18:03:18] Normal request processed for: AutoClient1444
[18:03:18] Normal request processed for: AutoClient1447
[18:03:18] Normal request processed for: AutoClient1443
[18:03:18] Normal request processed for: AutoClient1446
[18:03:18] Normal request processed for: AutoClient1449
[18:03:18] Normal request processed for: AutoClient1442
[18:03:18] Normal request processed for: AutoClient1450
[18:03:21] Priority request processed for: AutoPriority
[18:03:22] Normal request processed for: AutoClient1456
[18:03:22] Normal request processed for: AutoClient1461
[18:03:22] Normal request processed for: AutoClient1457
[18:03:22] Normal request processed for: AutoClient1459
[18:03:22] Normal request processed for: AutoClient1452
[18:03:22] Normal request processed for: AutoClient1460
[18:03:22] Normal request processed for: AutoClient1455
[18:03:22] Normal request processed for: AutoClient1453
[18:03:22] Normal request processed for: AutoClient1454
[18:03:22] Normal request processed for: AutoClient1462
[18:03:22] Normal request processed for: AutoClient1458
[18:03:22] Normal request processed for: AutoClient1464
[18:03:22] Normal request processed for: AutoClient1470
[18:03:22] Normal request processed for: AutoClient1474
[18:03:22] Normal request processed for: AutoClient1465
[18:03:22] Normal request processed for: AutoClient1473
[18:03:22] Normal request processed for: AutoClient1466
[18:03:22] Normal request processed for: AutoClient1463
[18:03:22] Normal request processed for: AutoClient1469
[18:03:22] Normal request processed for: AutoClient1468
[18:03:22] Normal request processed for: AutoClient1471
[18:03:22] Normal request processed for: AutoClient1467
[18:03:22] Normal request processed for: AutoClient1472
[18:03:22] Normal request processed for: AutoClient1476
[18:03:22] Normal request processed for: AutoClient1483
[18:03:22] Normal request processed for: AutoClient1475
[18:03:22] Normal request processed for: AutoClient1478
[18:03:22] Normal request processed for: AutoClient1479
[18:03:22] Normal request processed for: AutoClient1477
[18:03:22] Normal request processed for: AutoClient1481
[18:03:22] Normal request processed for: AutoClient1482
[18:03:22] Normal request processed for: AutoClient1484
[18:03:22] Normal request processed for: AutoClient1480
[18:03:22] Normal request processed for: AutoClient1486
[18:03:22] Normal request processed for: AutoClient1485
[18:03:22] Normal request processed for: AutoClient1487
[18:03:22] Normal request processed for: AutoClient1489
[18:03:22] Normal request processed for: AutoClient1488
[18:03:22] Normal request processed for: AutoClient1490
[18:03:22] Normal request processed for: AutoClient1492
[18:03:22] Normal request processed for: AutoClient1495
[18:03:22] Normal request processed for: AutoClient1494
[18:03:22] Normal request processed for: AutoClient1491
[18:03:22] Normal request processed for: AutoClient1493
[18:03:23] Normal request processed for: AutoClient1498
[18:03:23] Normal request processed for: AutoClient1496
[18:03:23] Normal request processed for: AutoClient1501
[18:03:23] Normal request processed for: AutoClient1505
[18:03:23] Normal request processed for: AutoClient1502
[18:03:23] Normal request processed for: AutoClient1497
[18:03:23] Normal request processed for: AutoClient1499
[18:03:23] Normal request processed for: AutoClient1503
[18:03:23] Normal request processed for: AutoClient1507
[18:03:23] Normal request processed for: AutoClient1504
[18:03:23] Normal request processed for: AutoClient1506
[18:03:23] Normal request processed for: AutoClient1512
[18:03:23] Normal request processed for: AutoClient1508
[18:03:23] Normal request processed for: AutoClient1515
[18:03:23] Normal request processed for: AutoClient1513
[18:03:23] Normal request processed for: AutoClient1514
[18:03:23] Normal request processed for: AutoClient1509
[18:03:23] Normal request processed for: AutoClient1510
[18:03:23] Normal request processed for: AutoClient1511
[18:03:23] Normal request processed for: AutoClient1516
[18:03:23] Normal request processed for: AutoClient1517
[18:03:23] Normal request processed for: AutoClient1518
[18:03:23] Normal request processed for: AutoClient1526
[18:03:23] Normal request processed for: AutoClient1520
[18:03:23] Normal request processed for: AutoClient1522
[18:03:23] Normal request processed for: AutoClient1524
[18:03:23] Normal request processed for: AutoClient1521
[18:03:23] Normal request processed for: AutoClient1519
[18:03:23] Normal request processed for: AutoClient1523
[18:03:23] Normal request processed for: AutoClient1525
[18:03:23] Normal request processed for: AutoClient1527
[18:03:23] Normal request processed for: AutoClient1528
[18:03:23] Normal request processed for: AutoClient1529
[18:03:23] Normal request processed for: AutoClient1530
[18:03:23] Normal request processed for: AutoClient1534
[18:03:23] Normal request processed for: AutoClient1533
[18:03:23] Normal request processed for: AutoClient1531
[18:03:23] Normal request processed for: AutoClient1532
[18:03:23] Normal request processed for: AutoClient1535
[18:03:23] Normal request processed for: AutoClient1536
[18:03:23] Normal request processed for: AutoClient1538
[18:03:23] Normal request processed for: AutoClient1537
[18:03:23] Normal request processed for: AutoClient1540
[18:03:23] Normal request processed for: AutoClient1539
[18:03:24] Normal request processed for: AutoClient1544
[18:03:24] Normal request processed for: AutoClient1541
[18:03:24] Normal request processed for: AutoClient1543
[18:03:24] Normal request processed for: AutoClient1542
[18:03:24] Normal request processed for: AutoClient1548
[18:03:24] Normal request processed for: AutoClient1550
[18:03:24] Normal request processed for: AutoClient1545
[18:03:24] Normal request processed for: AutoClient1549
[18:03:24] Normal request processed for: AutoClient1547
[18:03:24] Normal request processed for: AutoClient1546
[18:03:24] Normal request processed for: AutoClient1551
[18:03:24] Normal request processed for: AutoClient1552
[18:03:24] Normal request processed for: AutoClient1553
[18:03:24] Normal request processed for: AutoClient1557
[18:03:24] Normal request processed for: AutoClient1554
[18:03:24] Normal request processed for: AutoClient1556
[18:03:24] Normal request processed for: AutoClient1555
[18:03:24] Normal request processed for: AutoClient1558
[18:03:24] Normal request processed for: AutoClient1560
[18:03:24] Normal request processed for: AutoClient1559
[18:03:24] Normal request processed for: AutoClient1563
[18:03:24] Normal request processed for: AutoClient1567
[18:03:24] Normal request processed for: AutoClient1565
[18:03:24] Normal request processed for: AutoClient1561
[18:03:24] Normal request processed for: AutoClient1570
[18:03:24] Normal request processed for: AutoClient1571
[18:03:24] Normal request processed for: AutoClient1566
[18:03:24] Normal request processed for: AutoClient1564
[18:03:24] Normal request processed for: AutoClient1568
[18:03:24] Normal request processed for: AutoClient1569
[18:03:24] Normal request processed for: AutoClient1562
[18:03:27] Priority request processed for: AutoPriority
[18:03:27] Normal request processed for: AutoClient1579
[18:03:27] Normal request processed for: AutoClient1575
[18:03:27] Normal request processed for: AutoClient1581
[18:03:27] Normal request processed for: AutoClient1577
[18:03:27] Normal request processed for: AutoClient1578
[18:03:27] Normal request processed for: AutoClient1576
[18:03:27] Normal request processed for: AutoClient1582
[18:03:27] Normal request processed for: AutoClient1580
[18:03:27] Normal request processed for: AutoClient1572
[18:03:27] Normal request processed for: AutoClient1573
[18:03:27] Normal request processed for: AutoClient1574
[18:03:28] Normal request processed for: AutoClient1591
[18:03:28] Normal request processed for: AutoClient1590
[18:03:28] Normal request processed for: AutoClient1583
[18:03:28] Normal request processed for: AutoClient1584
[18:03:28] Normal request processed for: AutoClient1594
[18:03:28] Normal request processed for: AutoClient1587
[18:03:28] Normal request processed for: AutoClient1589
[18:03:28] Normal request processed for: AutoClient1585
[18:03:28] Normal request processed for: AutoClient1588
[18:03:28] Normal request processed for: AutoClient1586
[18:03:28] Normal request processed for: AutoClient1592
[18:03:28] Normal request processed for: AutoClient1598
[18:03:28] Normal request processed for: AutoClient1597
[18:03:28] Normal request processed for: AutoClient1596
[18:03:28] Normal request processed for: AutoClient1601
[18:03:28] Normal request processed for: AutoClient1593
[18:03:28] Normal request processed for: AutoClient1603
[18:03:28] Normal request processed for: AutoClient1599
[18:03:28] Normal request processed for: AutoClient1602
[18:03:28] Normal request processed for: AutoClient1595
[18:03:28] Normal request processed for: AutoClient1604
[18:03:28] Normal request processed for: AutoClient1605
[18:03:28] Normal request processed for: AutoClient1609
[18:03:28] Normal request processed for: AutoClient1606
[18:03:28] Normal request processed for: AutoClient1607
[18:03:28] Normal request processed for: AutoClient1613
[18:03:28] Normal request processed for: AutoClient1610
[18:03:28] Normal request processed for: AutoClient1608
[18:03:28] Normal request processed for: AutoClient1611
[18:03:28] Normal request processed for: AutoClient1612
[18:03:28] Normal request processed for: AutoClient1616
[18:03:28] Normal request processed for: AutoClient1615
[18:03:28] Normal request processed for: AutoClient1614
[18:03:28] Normal request processed for: AutoClient1617
[18:03:28] Normal request processed for: AutoClient1619
[18:03:28] Normal request processed for: AutoClient1618
[18:03:28] Normal request processed for: AutoClient1621
[18:03:28] Normal request processed for: AutoClient1620
[18:03:28] Normal request processed for: AutoClient1623
[18:03:28] Normal request processed for: AutoClient1625
[18:03:28] Normal request processed for: AutoClient1622
[18:03:28] Normal request processed for: AutoClient1627
[18:03:28] Normal request processed for: AutoClient1624
[18:03:28] Normal request processed for: AutoClient1626
[18:03:29] Normal request processed for: AutoClient1628
[18:03:29] Normal request processed for: AutoClient1632
[18:03:29] Normal request processed for: AutoClient1629
[18:03:29] Normal request processed for: AutoClient1633
[18:03:29] Normal request processed for: AutoClient1630
[18:03:29] Normal request processed for: AutoClient1631
[18:03:29] Normal request processed for: AutoClient1635
[18:03:29] Normal request processed for: AutoClient1634
[18:03:29] Normal request processed for: AutoClient1637
[18:03:29] Normal request processed for: AutoClient1638
[18:03:29] Normal request processed for: AutoClient1636
[18:03:29] Normal request processed for: AutoClient1642
[18:03:29] Normal request processed for: AutoClient1640
[18:03:29] Normal request processed for: AutoClient1648
[18:03:29] Normal request processed for: AutoClient1639
[18:03:29] Normal request processed for: AutoClient1641
[18:03:29] Normal request processed for: AutoClient1647
[18:03:29] Normal request processed for: AutoClient1643
[18:03:29] Normal request processed for: AutoClient1646
[18:03:29] Normal request processed for: AutoClient1644
[18:03:29] Normal request processed for: AutoClient1645
[18:03:29] Normal request processed for: AutoClient1649
[18:03:29] Normal request processed for: AutoClient1650
[18:03:29] Normal request processed for: AutoClient1653
[18:03:29] Normal request processed for: AutoClient1651
[18:03:29] Normal request processed for: AutoClient1652
[18:03:29] Normal request processed for: AutoClient1654
[18:03:29] Normal request processed for: AutoClient1656
[18:03:29] Normal request processed for: AutoClient1655
[18:03:29] Normal request processed for: AutoClient1659
[18:03:29] Normal request processed for: AutoClient1658
[18:03:29] Normal request processed for: AutoClient1657
[18:03:29] Normal request processed for: AutoClient1660
[18:03:29] Normal request processed for: AutoClient1668
[18:03:29] Normal request processed for: AutoClient1670
[18:03:29] Normal request processed for: AutoClient1661
[18:03:29] Normal request processed for: AutoClient1667
[18:03:29] Normal request processed for: AutoClient1669
[18:03:29] Normal request processed for: AutoClient1671
[18:03:29] Normal request processed for: AutoClient1674
[18:03:29] Normal request processed for: AutoClient1675
[18:03:29] Normal request processed for: AutoClient1676
[18:03:29] Normal request processed for: AutoClient1673
[18:03:29] Normal request processed for: AutoClient1672
[18:03:30] Normal request processed for: AutoClient1678
[18:03:30] Normal request processed for: AutoClient1679
[18:03:30] Normal request processed for: AutoClient1677
[18:03:30] Normal request processed for: AutoClient1680
[18:03:30] Normal request processed for: AutoClient1662
[18:03:30] Normal request processed for: AutoClient1665
[18:03:30] Normal request processed for: AutoClient1664
[18:03:30] Normal request processed for: AutoClient1663
[18:03:30] Normal request processed for: AutoClient1666
[18:03:30] Normal request processed for: AutoClient1683
[18:03:30] Normal request processed for: AutoClient1684
[18:03:30] Normal request processed for: AutoClient1688
[18:03:30] Normal request processed for: AutoClient1690
[18:03:30] Normal request processed for: AutoClient1682
[18:03:30] Normal request processed for: AutoClient1681
[18:03:30] Normal request processed for: AutoClient1685
[18:03:30] Normal request processed for: AutoClient1691
[18:03:30] Normal request processed for: AutoClient1686
[18:03:30] Normal request processed for: AutoClient1689
[18:03:30] Normal request processed for: AutoClient1687
[18:03:33] Priority request processed for: AutoPriority
[18:03:33] Normal request processed for: AutoClient1696
[18:03:33] Normal request processed for: AutoClient1694
[18:03:33] Normal request processed for: AutoClient1699
[18:03:33] Normal request processed for: AutoClient1698
[18:03:33] Normal request processed for: AutoClient1695
[18:03:33] Normal request processed for: AutoClient1693
[18:03:33] Normal request processed for: AutoClient1697
[18:03:33] Normal request processed for: AutoClient1703
[18:03:33] Normal request processed for: AutoClient1692
[18:03:33] Normal request processed for: AutoClient1702
[18:03:33] Normal request processed for: AutoClient1701
[18:03:36] Priority request processed for: AutoPriority
[18:03:37] Normal request processed for: AutoClient1708
[18:03:37] Normal request processed for: AutoClient1714
[18:03:37] Normal request processed for: AutoClient1707
[18:03:37] Normal request processed for: AutoClient1713
[18:03:37] Normal request processed for: AutoClient1704
[18:03:37] Normal request processed for: AutoClient1705
[18:03:37] Normal request processed for: AutoClient1706
[18:03:37] Normal request processed for: AutoClient1710
[18:03:37] Normal request processed for: AutoClient1712
[18:03:37] Normal request processed for: AutoClient1711
[18:03:37] Normal request processed for: AutoClient1709
[18:03:37] Normal request processed for: AutoClient1715
[18:03:37] Normal request processed for: AutoClient1716
[18:03:37] Normal request processed for: AutoClient1721
[18:03:37] Normal request processed for: AutoClient1722
[18:03:37] Normal request processed for: AutoClient1719
[18:03:37] Normal request processed for: AutoClient1720
[18:03:37] Normal request processed for: AutoClient1724
[18:03:37] Normal request processed for: AutoClient1725
[18:03:37] Normal request processed for: AutoClient1723
[18:03:37] Normal request processed for: AutoClient1717
[18:03:37] Normal request processed for: AutoClient1718
[18:03:37] Normal request processed for: AutoClient1726
[18:03:37] Normal request processed for: AutoClient1728
[18:03:37] Normal request processed for: AutoClient1727
[18:03:37] Normal request processed for: AutoClient1730
[18:03:37] Normal request processed for: AutoClient1731
[18:03:37] Normal request processed for: AutoClient1732
[18:03:37] Normal request processed for: AutoClient1729
[18:03:37] Normal request processed for: AutoClient1734
[18:03:37] Normal request processed for: AutoClient1733
[18:03:37] Normal request processed for: AutoClient1735
[18:03:37] Normal request processed for: AutoClient1736
[18:03:37] Normal request processed for: AutoClient1737
[18:03:37] Normal request processed for: AutoClient1738
[18:03:37] Normal request processed for: AutoClient1743
[18:03:37] Normal request processed for: AutoClient1746
[18:03:37] Normal request processed for: AutoClient1741
[18:03:37] Normal request processed for: AutoClient1747
[18:03:37] Normal request processed for: AutoClient1740
[18:03:37] Normal request processed for: AutoClient1739
[18:03:37] Normal request processed for: AutoClient1745
[18:03:37] Normal request processed for: AutoClient1742
[18:03:37] Normal request processed for: AutoClient1744
[18:03:38] Normal request processed for: AutoClient1748
[18:03:38] Normal request processed for: AutoClient1756
[18:03:38] Normal request processed for: AutoClient1754
[18:03:38] Normal request processed for: AutoClient1749
[18:03:38] Normal request processed for: AutoClient1752
[18:03:38] Normal request processed for: AutoClient1750
[18:03:38] Normal request processed for: AutoClient1755
[18:03:38] Normal request processed for: AutoClient1751
[18:03:38] Normal request processed for: AutoClient1753
[18:03:38] Normal request processed for: AutoClient1757
[18:03:38] Normal request processed for: AutoClient1758
[18:03:38] Normal request processed for: AutoClient1759
[18:03:38] Normal request processed for: AutoClient1766
[18:03:38] Normal request processed for: AutoClient1767
[18:03:38] Normal request processed for: AutoClient1763
[18:03:38] Normal request processed for: AutoClient1760
[18:03:38] Normal request processed for: AutoClient1761
[18:03:38] Normal request processed for: AutoClient1762
[18:03:38] Normal request processed for: AutoClient1764
[18:03:38] Normal request processed for: AutoClient1765
[18:03:38] Normal request processed for: AutoClient1768
[18:03:38] Normal request processed for: AutoClient1769
[18:03:38] Normal request processed for: AutoClient1770
[18:03:38] Normal request processed for: AutoClient1774
[18:03:38] Normal request processed for: AutoClient1777
[18:03:38] Normal request processed for: AutoClient1773
[18:03:38] Normal request processed for: AutoClient1771
[18:03:38] Normal request processed for: AutoClient1772
[18:03:38] Normal request processed for: AutoClient1776
[18:03:38] Normal request processed for: AutoClient1775
[18:03:38] Normal request processed for: AutoClient1778
[18:03:38] Normal request processed for: AutoClient1780
[18:03:38] Normal request processed for: AutoClient1779
[18:03:38] Normal request processed for: AutoClient1781
[18:03:38] Normal request processed for: AutoClient1782
[18:03:38] Normal request processed for: AutoClient1785
[18:03:38] Normal request processed for: AutoClient1787
[18:03:38] Normal request processed for: AutoClient1789
[18:03:38] Normal request processed for: AutoClient1784
[18:03:38] Normal request processed for: AutoClient1786
[18:03:38] Normal request processed for: AutoClient1788
[18:03:38] Normal request processed for: AutoClient1783
[18:03:38] Normal request processed for: AutoClient1791
[18:03:38] Normal request processed for: AutoClient1790
[18:03:39] Normal request processed for: AutoClient1793
[18:03:39] Normal request processed for: AutoClient1792
[18:03:39] Normal request processed for: AutoClient1795
[18:03:39] Normal request processed for: AutoClient1794
[18:03:39] Normal request processed for: AutoClient1798
[18:03:39] Normal request processed for: AutoClient1796
[18:03:39] Normal request processed for: AutoClient1797
[18:03:39] Normal request processed for: AutoClient1799
[18:03:39] Normal request processed for: AutoClient1803
[18:03:39] Normal request processed for: AutoClient1806
[18:03:39] Normal request processed for: AutoClient1802
[18:03:39] Normal request processed for: AutoClient1807
[18:03:39] Normal request processed for: AutoClient1811
[18:03:39] Normal request processed for: AutoClient1810
[18:03:39] Normal request processed for: AutoClient1805
[18:03:39] Normal request processed for: AutoClient1804
[18:03:39] Normal request processed for: AutoClient1808
[18:03:39] Normal request processed for: AutoClient1801
[18:03:39] Normal request processed for: AutoClient1812
[18:03:42] Priority request processed for: AutoPriority
[18:03:42] Normal request processed for: AutoClient1814
[18:03:42] Normal request processed for: AutoClient1816
[18:03:42] Normal request processed for: AutoClient1817
[18:03:42] Normal request processed for: AutoClient1819
[18:03:42] Normal request processed for: AutoClient1821
[18:03:42] Normal request processed for: AutoClient1820
[18:03:42] Normal request processed for: AutoClient1813
[18:03:42] Normal request processed for: AutoClient1822
[18:03:42] Normal request processed for: AutoClient1809
[18:03:42] Normal request processed for: AutoClient1815
[18:03:42] Normal request processed for: AutoClient1818
[18:03:42] Normal request processed for: AutoClient1823
[18:03:42] Normal request processed for: AutoClient1824
[18:03:42] Normal request processed for: AutoClient1828
[18:03:42] Normal request processed for: AutoClient1827
[18:03:42] Normal request processed for: AutoClient1826
[18:03:42] Normal request processed for: AutoClient1832
[18:03:42] Normal request processed for: AutoClient1830
[18:03:42] Normal request processed for: AutoClient1829
[18:03:42] Normal request processed for: AutoClient1831
[18:03:42] Normal request processed for: AutoClient1825
[18:03:42] Normal request processed for: AutoClient1833
[18:03:43] Normal request processed for: AutoClient1839
[18:03:43] Normal request processed for: AutoClient1836
[18:03:43] Normal request processed for: AutoClient1838
[18:03:43] Normal request processed for: AutoClient1834
[18:03:43] Normal request processed for: AutoClient1842
[18:03:43] Normal request processed for: AutoClient1835
[18:03:43] Normal request processed for: AutoClient1837
[18:03:43] Normal request processed for: AutoClient1840
[18:03:43] Normal request processed for: AutoClient1844
[18:03:43] Normal request processed for: AutoClient1841
[18:03:43] Normal request processed for: AutoClient1843
[18:03:43] Normal request processed for: AutoClient1847
[18:03:43] Normal request processed for: AutoClient1848
[18:03:43] Normal request processed for: AutoClient1851
[18:03:43] Normal request processed for: AutoClient1850
[18:03:43] Normal request processed for: AutoClient1853
[18:03:43] Normal request processed for: AutoClient1855
[18:03:43] Normal request processed for: AutoClient1845
[18:03:43] Normal request processed for: AutoClient1849
[18:03:43] Normal request processed for: AutoClient1852
[18:03:43] Normal request processed for: AutoClient1846
[18:03:43] Normal request processed for: AutoClient1854
[18:03:43] Normal request processed for: AutoClient1858
[18:03:43] Normal request processed for: AutoClient1856
[18:03:43] Normal request processed for: AutoClient1861
[18:03:43] Normal request processed for: AutoClient1857
[18:03:43] Normal request processed for: AutoClient1867
[18:03:43] Normal request processed for: AutoClient1865
[18:03:43] Normal request processed for: AutoClient1860
[18:03:43] Normal request processed for: AutoClient1863
[18:03:43] Normal request processed for: AutoClient1859
[18:03:43] Normal request processed for: AutoClient1864
[18:03:43] Normal request processed for: AutoClient1862
[18:03:43] Normal request processed for: AutoClient1866
[18:03:43] Normal request processed for: AutoClient1868
[18:03:43] Normal request processed for: AutoClient1872
[18:03:43] Normal request processed for: AutoClient1873
[18:03:43] Normal request processed for: AutoClient1874
[18:03:43] Normal request processed for: AutoClient1869
[18:03:43] Normal request processed for: AutoClient1870
[18:03:43] Normal request processed for: AutoClient1871
[18:03:43] Normal request processed for: AutoClient1877
[18:03:43] Normal request processed for: AutoClient1876
[18:03:43] Normal request processed for: AutoClient1875
[18:03:44] Normal request processed for: AutoClient1878
[18:03:44] Normal request processed for: AutoClient1880
[18:03:44] Normal request processed for: AutoClient1879
[18:03:44] Normal request processed for: AutoClient1885
[18:03:44] Normal request processed for: AutoClient1882
[18:03:44] Normal request processed for: AutoClient1883
[18:03:44] Normal request processed for: AutoClient1881
[18:03:44] Normal request processed for: AutoClient1886
[18:03:44] Normal request processed for: AutoClient1884
[18:03:44] Normal request processed for: AutoClient1888
[18:03:44] Normal request processed for: AutoClient1887
[18:03:44] Normal request processed for: AutoClient1889
[18:03:44] Normal request processed for: AutoClient1890
[18:03:44] Normal request processed for: AutoClient1894
[18:03:44] Normal request processed for: AutoClient1891
[18:03:44] Normal request processed for: AutoClient1893
[18:03:44] Normal request processed for: AutoClient1899
[18:03:44] Normal request processed for: AutoClient1897
[18:03:44] Normal request processed for: AutoClient1896
[18:03:44] Normal request processed for: AutoClient1892
[18:03:44] Normal request processed for: AutoClient1898
[18:03:44] Normal request processed for: AutoClient1895
[18:03:44] Normal request processed for: AutoClient1902
[18:03:44] Normal request processed for: AutoClient1901
[18:03:44] Normal request processed for: AutoClient1903
[18:03:44] Normal request processed for: AutoClient1904
[18:03:44] Normal request processed for: AutoClient1906
[18:03:44] Normal request processed for: AutoClient1911
[18:03:44] Normal request processed for: AutoClient1908
[18:03:44] Normal request processed for: AutoClient1905
[18:03:44] Normal request processed for: AutoClient1907
[18:03:44] Normal request processed for: AutoClient1910
[18:03:44] Normal request processed for: AutoClient1909
[18:03:44] Normal request processed for: AutoClient1912
[18:03:44] Normal request processed for: AutoClient1913
[18:03:44] Normal request processed for: AutoClient1914
[18:03:44] Normal request processed for: AutoClient1915
[18:03:44] Normal request processed for: AutoClient1916
[18:03:44] Normal request processed for: AutoClient1918
[18:03:44] Normal request processed for: AutoClient1917
[18:03:44] Normal request processed for: AutoClient1919
[18:03:44] Normal request processed for: AutoClient1920
[18:03:45] Normal request processed for: AutoClient1926
[18:03:45] Normal request processed for: AutoClient1931
[18:03:45] Normal request processed for: AutoClient1929
[18:03:45] Normal request processed for: AutoClient1923
[18:03:45] Normal request processed for: AutoClient1922
[18:03:45] Normal request processed for: AutoClient1930
[18:03:45] Normal request processed for: AutoClient1925
[18:03:45] Normal request processed for: AutoClient1928
[18:03:45] Normal request processed for: AutoClient1921
[18:03:45] Normal request processed for: AutoClient1924
[18:03:45] Normal request processed for: AutoClient1927
[18:03:48] Priority request processed for: AutoPriority
[18:03:48] Normal request processed for: AutoClient1937
[18:03:48] Normal request processed for: AutoClient1941
[18:03:48] Normal request processed for: AutoClient1934
[18:03:48] Normal request processed for: AutoClient1936
[18:03:48] Normal request processed for: AutoClient1939
[18:03:48] Normal request processed for: AutoClient1933
[18:03:48] Normal request processed for: AutoClient1935
[18:03:48] Normal request processed for: AutoClient1938
[18:03:48] Normal request processed for: AutoClient1932
[18:03:48] Normal request processed for: AutoClient1940
[18:03:48] Normal request processed for: AutoClient1942
[18:03:48] Normal request processed for: AutoClient1943
[18:03:48] Normal request processed for: AutoClient1947
[18:03:48] Normal request processed for: AutoClient1944
[18:03:48] Normal request processed for: AutoClient1951
[18:03:48] Normal request processed for: AutoClient1946
[18:03:48] Normal request processed for: AutoClient1945
[18:03:48] Normal request processed for: AutoClient1948
[18:03:48] Normal request processed for: AutoClient1952
[18:03:48] Normal request processed for: AutoClient1949
[18:03:48] Normal request processed for: AutoClient1950
[18:03:48] Normal request processed for: AutoClient1953
[18:03:48] Normal request processed for: AutoClient1960
[18:03:48] Normal request processed for: AutoClient1954
[18:03:48] Normal request processed for: AutoClient1959
[18:03:48] Normal request processed for: AutoClient1958
[18:03:48] Normal request processed for: AutoClient1963
[18:03:48] Normal request processed for: AutoClient1955
[18:03:48] Normal request processed for: AutoClient1957
[18:03:48] Normal request processed for: AutoClient1961
[18:03:48] Normal request processed for: AutoClient1956
[18:03:48] Normal request processed for: AutoClient1962
[18:03:48] Normal request processed for: AutoClient1964
[18:03:49] Normal request processed for: AutoClient1966
[18:03:49] Normal request processed for: AutoClient1968
[18:03:49] Normal request processed for: AutoClient1965
[18:03:49] Normal request processed for: AutoClient1969
[18:03:49] Normal request processed for: AutoClient1972
[18:03:49] Normal request processed for: AutoClient1971
[18:03:49] Normal request processed for: AutoClient1975
[18:03:49] Normal request processed for: AutoClient1973
[18:03:49] Normal request processed for: AutoClient1970
[18:03:49] Normal request processed for: AutoClient1967
[18:03:49] Normal request processed for: AutoClient1974
[18:03:49] Normal request processed for: AutoClient1978
[18:03:49] Normal request processed for: AutoClient1976
[18:03:49] Normal request processed for: AutoClient1982
[18:03:49] Normal request processed for: AutoClient1980
[18:03:49] Normal request processed for: AutoClient1984
[18:03:49] Normal request processed for: AutoClient1981
[18:03:49] Normal request processed for: AutoClient1977
[18:03:49] Normal request processed for: AutoClient1979
[18:03:49] Normal request processed for: AutoClient1983
[18:03:49] Normal request processed for: AutoClient1985
[18:03:49] Normal request processed for: AutoClient1986
[18:03:49] Normal request processed for: AutoClient1987
[18:03:49] Normal request processed for: AutoClient1990
[18:03:49] Normal request processed for: AutoClient1989
[18:03:49] Normal request processed for: AutoClient1988
[18:03:49] Normal request processed for: AutoClient1991
[18:03:49] Normal request processed for: AutoClient1993
[18:03:49] Normal request processed for: AutoClient1995
[18:03:49] Normal request processed for: AutoClient1994
[18:03:49] Normal request processed for: AutoClient1996
[18:03:49] Normal request processed for: AutoClient1992
[18:03:49] Normal request processed for: AutoClient1997
[18:03:49] Normal request processed for: AutoClient1999
[18:03:49] Normal request processed for: AutoClient2006
[18:03:49] Normal request processed for: AutoClient2003
[18:03:49] Normal request processed for: AutoClient2005
[18:03:49] Normal request processed for: AutoClient1998
[18:03:49] Normal request processed for: AutoClient2004
[18:03:49] Normal request processed for: AutoClient2007
[18:03:49] Normal request processed for: AutoClient2001
[18:03:49] Normal request processed for: AutoClient2002
[18:03:49] Normal request processed for: AutoClient2008
[18:03:49] Normal request processed for: AutoClient2010
[18:03:50] Normal request processed for: AutoClient2017
[18:03:50] Normal request processed for: AutoClient2009
[18:03:50] Normal request processed for: AutoClient2018
[18:03:50] Normal request processed for: AutoClient2020
[18:03:50] Normal request processed for: AutoClient2013
[18:03:50] Normal request processed for: AutoClient2019
[18:03:50] Normal request processed for: AutoClient2015
[18:03:50] Normal request processed for: AutoClient2011
[18:03:50] Normal request processed for: AutoClient2014
[18:03:50] Normal request processed for: AutoClient2016
[18:03:50] Normal request processed for: AutoClient2012
[18:03:50] Normal request processed for: AutoClient2025
[18:03:50] Normal request processed for: AutoClient2031
[18:03:50] Normal request processed for: AutoClient2022
[18:03:50] Normal request processed for: AutoClient2021
[18:03:50] Normal request processed for: AutoClient2027
[18:03:50] Normal request processed for: AutoClient2023
[18:03:50] Normal request processed for: AutoClient2024
[18:03:50] Normal request processed for: AutoClient2026
[18:03:50] Normal request processed for: AutoClient2028
[18:03:50] Normal request processed for: AutoClient2030
[18:03:50] Normal request processed for: AutoClient2029
[18:03:50] Normal request processed for: AutoClient2032
[18:03:50] Normal request processed for: AutoClient2033
[18:03:50] Normal request processed for: AutoClient2035
[18:03:50] Normal request processed for: AutoClient2036
[18:03:50] Normal request processed for: AutoClient2038
[18:03:50] Normal request processed for: AutoClient2040
[18:03:50] Normal request processed for: AutoClient2039
[18:03:50] Normal request processed for: AutoClient2034
[18:03:50] Normal request processed for: AutoClient2037
[18:03:51] Normal request processed for: AutoClient2050
[18:03:51] Normal request processed for: AutoClient2045
[18:03:51] Normal request processed for: AutoClient2042
[18:03:51] Normal request processed for: AutoClient2044
[18:03:51] Normal request processed for: AutoClient2046
[18:03:51] Normal request processed for: AutoClient2041
[18:03:51] Normal request processed for: AutoClient2049
[18:03:51] Normal request processed for: AutoClient2051
[18:03:51] Normal request processed for: AutoClient2048
[18:03:51] Normal request processed for: AutoClient2043
[18:03:51] Normal request processed for: AutoClient2047
[18:03:54] Priority request processed for: AutoPriority
[18:03:54] Normal request processed for: AutoClient2053
[18:03:54] Normal request processed for: AutoClient2058
[18:03:54] Normal request processed for: AutoClient2060
[18:03:54] Normal request processed for: AutoClient2061
[18:03:54] Normal request processed for: AutoClient2062
[18:03:54] Normal request processed for: AutoClient2059
[18:03:54] Normal request processed for: AutoClient2057
[18:03:54] Normal request processed for: AutoClient2056
[18:03:54] Normal request processed for: AutoClient2054
[18:03:54] Normal request processed for: AutoClient2055
[18:03:54] Normal request processed for: AutoClient2052
[18:03:54] Normal request processed for: AutoClient2072
[18:03:54] Normal request processed for: AutoClient2066
[18:03:54] Normal request processed for: AutoClient2068
[18:03:54] Normal request processed for: AutoClient2071
[18:03:54] Normal request processed for: AutoClient2070
[18:03:54] Normal request processed for: AutoClient2065
[18:03:54] Normal request processed for: AutoClient2063
[18:03:54] Normal request processed for: AutoClient2073
[18:03:54] Normal request processed for: AutoClient2067
[18:03:54] Normal request processed for: AutoClient2069
[18:03:54] Normal request processed for: AutoClient2064
[18:03:54] Normal request processed for: AutoClient2075
[18:03:54] Normal request processed for: AutoClient2076
[18:03:54] Normal request processed for: AutoClient2074
[18:03:54] Normal request processed for: AutoClient2077
[18:03:54] Normal request processed for: AutoClient2082
[18:03:54] Normal request processed for: AutoClient2080
[18:03:54] Normal request processed for: AutoClient2078
[18:03:54] Normal request processed for: AutoClient2081
[18:03:54] Normal request processed for: AutoClient2079
[18:03:54] Normal request processed for: AutoClient2084
[18:03:54] Normal request processed for: AutoClient2083
[18:03:55] Normal request processed for: AutoClient2085
[18:03:55] Normal request processed for: AutoClient2087
[18:03:55] Normal request processed for: AutoClient2086
[18:03:55] Normal request processed for: AutoClient2088
[18:03:55] Normal request processed for: AutoClient2089
[18:03:55] Normal request processed for: AutoClient2090
[18:03:55] Normal request processed for: AutoClient2094
[18:03:55] Normal request processed for: AutoClient2093
[18:03:55] Normal request processed for: AutoClient2095
[18:03:55] Normal request processed for: AutoClient2091
[18:03:55] Normal request processed for: AutoClient2092
[18:03:55] Normal request processed for: AutoClient2099
[18:03:55] Normal request processed for: AutoClient2096
[18:03:55] Normal request processed for: AutoClient2098
[18:03:55] Normal request processed for: AutoClient2097
[18:03:55] Normal request processed for: AutoClient2103
[18:03:55] Normal request processed for: AutoClient2105
[18:03:55] Normal request processed for: AutoClient2102
[18:03:55] Normal request processed for: AutoClient2101
[18:03:55] Normal request processed for: AutoClient2104
[18:03:55] Normal request processed for: AutoClient2107
[18:03:55] Normal request processed for: AutoClient2106
[18:03:55] Normal request processed for: AutoClient2109
[18:03:55] Normal request processed for: AutoClient2108
[18:03:55] Normal request processed for: AutoClient2110
[18:03:55] Normal request processed for: AutoClient2111
[18:03:55] Normal request processed for: AutoClient2114
[18:03:55] Normal request processed for: AutoClient2117
[18:03:55] Normal request processed for: AutoClient2112
[18:03:55] Normal request processed for: AutoClient2113
[18:03:55] Normal request processed for: AutoClient2115
[18:03:55] Normal request processed for: AutoClient2116
[18:03:55] Normal request processed for: AutoClient2118
[18:03:55] Normal request processed for: AutoClient2119
[18:03:55] Normal request processed for: AutoClient2120
[18:03:55] Normal request processed for: AutoClient2123
[18:03:55] Normal request processed for: AutoClient2121
[18:03:55] Normal request processed for: AutoClient2124
[18:03:55] Normal request processed for: AutoClient2128
[18:03:55] Normal request processed for: AutoClient2122
[18:03:55] Normal request processed for: AutoClient2125
[18:03:55] Normal request processed for: AutoClient2126
[18:03:55] Normal request processed for: AutoClient2129
[18:03:55] Normal request processed for: AutoClient2127
[18:03:56] Normal request processed for: AutoClient2130
[18:03:56] Normal request processed for: AutoClient2131
[18:03:56] Normal request processed for: AutoClient2132
[18:03:56] Normal request processed for: AutoClient2137
[18:03:56] Normal request processed for: AutoClient2133
[18:03:56] Normal request processed for: AutoClient2135
[18:03:56] Normal request processed for: AutoClient2138
[18:03:56] Normal request processed for: AutoClient2134
[18:03:56] Normal request processed for: AutoClient2136
[18:03:56] Normal request processed for: AutoClient2139
[18:03:56] Normal request processed for: AutoClient2140
[18:03:56] Normal request processed for: AutoClient2142
[18:03:56] Normal request processed for: AutoClient2143
[18:03:56] Normal request processed for: AutoClient2141
[18:03:56] Normal request processed for: AutoClient2146
[18:03:56] Normal request processed for: AutoClient2147
[18:03:56] Normal request processed for: AutoClient2144
[18:03:56] Normal request processed for: AutoClient2145
[18:03:56] Normal request processed for: AutoClient2148
[18:03:56] Normal request processed for: AutoClient2149
[18:03:56] Normal request processed for: AutoClient2150
[18:03:56] Normal request processed for: AutoClient2151
[18:03:56] Normal request processed for: AutoClient2152
[18:03:56] Normal request processed for: AutoClient2153
[18:03:56] Normal request processed for: AutoClient2154
[18:03:56] Normal request processed for: AutoClient2155
[18:03:56] Normal request processed for: AutoClient2157
[18:03:56] Normal request processed for: AutoClient2158
[18:03:56] Normal request processed for: AutoClient2156
[18:03:56] Normal request processed for: AutoClient2159
[18:03:56] Normal request processed for: AutoClient2160
[18:03:56] Normal request processed for: AutoClient2163
[18:03:56] Normal request processed for: AutoClient2168
[18:03:56] Normal request processed for: AutoClient2165
[18:03:56] Normal request processed for: AutoClient2167
[18:03:56] Normal request processed for: AutoClient2169
[18:03:56] Normal request processed for: AutoClient2166
[18:03:56] Normal request processed for: AutoClient2161
[18:03:56] Normal request processed for: AutoClient2162
[18:03:56] Normal request processed for: AutoClient2164
[18:03:56] Normal request processed for: AutoClient2170
[18:03:56] Normal request processed for: AutoClient2171
[18:03:59] Priority request processed for: AutoPriority
[18:04:00] Normal request processed for: AutoClient2181
[18:04:00] Normal request processed for: AutoClient2175
[18:04:00] Normal request processed for: AutoClient2173
[18:04:00] Normal request processed for: AutoClient2172
[18:04:00] Normal request processed for: AutoClient2176
[18:04:00] Normal request processed for: AutoClient2180
[18:04:00] Normal request processed for: AutoClient2174
[18:04:00] Normal request processed for: AutoClient2178
[18:04:00] Normal request processed for: AutoClient2182
[18:04:00] Normal request processed for: AutoClient2179
[18:04:00] Normal request processed for: AutoClient2177
[18:04:00] Normal request processed for: AutoClient2183
[18:04:00] Normal request processed for: AutoClient2184
[18:04:00] Normal request processed for: AutoClient2190
[18:04:00] Normal request processed for: AutoClient2185
[18:04:00] Normal request processed for: AutoClient2187
[18:04:00] Normal request processed for: AutoClient2194
[18:04:00] Normal request processed for: AutoClient2188
[18:04:00] Normal request processed for: AutoClient2191
[18:04:00] Normal request processed for: AutoClient2186
[18:04:00] Normal request processed for: AutoClient2192
[18:04:00] Normal request processed for: AutoClient2189
[18:04:00] Normal request processed for: AutoClient2195
[18:04:00] Normal request processed for: AutoClient2196
[18:04:00] Normal request processed for: AutoClient2193
[18:04:00] Normal request processed for: AutoClient2198
[18:04:00] Normal request processed for: AutoClient2197
[18:04:00] Normal request processed for: AutoClient2199
[18:04:00] Normal request processed for: AutoClient2201
[18:04:00] Normal request processed for: AutoClient2205
[18:04:00] Normal request processed for: AutoClient2206
[18:04:00] Normal request processed for: AutoClient2203
[18:04:00] Normal request processed for: AutoClient2202
[18:04:00] Normal request processed for: AutoClient2207
[18:04:00] Normal request processed for: AutoClient2204
[18:04:00] Normal request processed for: AutoClient2209
[18:04:00] Normal request processed for: AutoClient2210
[18:04:00] Normal request processed for: AutoClient2214
[18:04:00] Normal request processed for: AutoClient2212
[18:04:00] Normal request processed for: AutoClient2208
[18:04:00] Normal request processed for: AutoClient2213
[18:04:00] Normal request processed for: AutoClient2216
[18:04:00] Normal request processed for: AutoClient2211
[18:04:00] Normal request processed for: AutoClient2215
[18:04:01] Normal request processed for: AutoClient2217
[18:04:01] Normal request processed for: AutoClient2219
[18:04:01] Normal request processed for: AutoClient2218
[18:04:01] Normal request processed for: AutoClient2220
[18:04:01] Normal request processed for: AutoClient2226
[18:04:01] Normal request processed for: AutoClient2221
[18:04:01] Normal request processed for: AutoClient2225
[18:04:01] Normal request processed for: AutoClient2224
[18:04:01] Normal request processed for: AutoClient2227
[18:04:01] Normal request processed for: AutoClient2223
[18:04:01] Normal request processed for: AutoClient2222
[18:04:01] Normal request processed for: AutoClient2230
[18:04:01] Normal request processed for: AutoClient2228
[18:04:01] Normal request processed for: AutoClient2232
[18:04:01] Normal request processed for: AutoClient2231
[18:04:01] Normal request processed for: AutoClient2229
[18:04:01] Normal request processed for: AutoClient2237
[18:04:01] Normal request processed for: AutoClient2235
[18:04:01] Normal request processed for: AutoClient2236
[18:04:01] Normal request processed for: AutoClient2233
[18:04:01] Normal request processed for: AutoClient2234
[18:04:01] Normal request processed for: AutoClient2238
[18:04:01] Normal request processed for: AutoClient2240
[18:04:01] Normal request processed for: AutoClient2239
[18:04:01] Normal request processed for: AutoClient2241
[18:04:01] Normal request processed for: AutoClient2243
[18:04:01] Normal request processed for: AutoClient2242
[18:04:01] Normal request processed for: AutoClient2247
[18:04:01] Normal request processed for: AutoClient2250
[18:04:01] Normal request processed for: AutoClient2244
[18:04:01] Normal request processed for: AutoClient2245
[18:04:01] Normal request processed for: AutoClient2246
[18:04:01] Normal request processed for: AutoClient2248
[18:04:01] Normal request processed for: AutoClient2249
[18:04:01] Normal request processed for: AutoClient2251
[18:04:01] Normal request processed for: AutoClient2253
[18:04:01] Normal request processed for: AutoClient2254
[18:04:01] Normal request processed for: AutoClient2252
[18:04:01] Normal request processed for: AutoClient2255
[18:04:01] Normal request processed for: AutoClient2256
[18:04:01] Normal request processed for: AutoClient2258
[18:04:01] Normal request processed for: AutoClient2260
[18:04:01] Normal request processed for: AutoClient2257
[18:04:01] Normal request processed for: AutoClient2259
[18:04:02] Normal request processed for: AutoClient2261
[18:04:02] Normal request processed for: AutoClient2263
[18:04:02] Normal request processed for: AutoClient2262
[18:04:02] Normal request processed for: AutoClient2267
[18:04:02] Normal request processed for: AutoClient2265
[18:04:02] Normal request processed for: AutoClient2266
[18:04:02] Normal request processed for: AutoClient2268
[18:04:02] Normal request processed for: AutoClient2264
[18:04:02] Normal request processed for: AutoClient2269
[18:04:02] Normal request processed for: AutoClient2270
[18:04:02] Normal request processed for: AutoClient2271
[18:04:02] Normal request processed for: AutoClient2272
[18:04:02] Normal request processed for: AutoClient2274
[18:04:02] Normal request processed for: AutoClient2273
[18:04:02] Normal request processed for: AutoClient2276
[18:04:02] Normal request processed for: AutoClient2275
[18:04:02] Normal request processed for: AutoClient2278
[18:04:02] Normal request processed for: AutoClient2277
[18:04:02] Normal request processed for: AutoClient2280
[18:04:02] Normal request processed for: AutoClient2279
[18:04:02] Normal request processed for: AutoClient2282
[18:04:02] Normal request processed for: AutoClient2290
[18:04:02] Normal request processed for: AutoClient2287
[18:04:02] Normal request processed for: AutoClient2285
[18:04:02] Normal request processed for: AutoClient2289
[18:04:02] Normal request processed for: AutoClient2291
[18:04:02] Normal request processed for: AutoClient2283
[18:04:02] Normal request processed for: AutoClient2286
[18:04:02] Normal request processed for: AutoClient2288
[18:04:02] Normal request processed for: AutoClient2281
[18:04:02] Normal request processed for: AutoClient2284
[18:04:05] Priority request processed for: AutoPriority
[18:04:06] Normal request processed for: AutoClient2293
[18:04:06] Normal request processed for: AutoClient2301
[18:04:06] Normal request processed for: AutoClient2302
[18:04:06] Normal request processed for: AutoClient2303
[18:04:06] Normal request processed for: AutoClient2295
[18:04:06] Normal request processed for: AutoClient2298
[18:04:06] Normal request processed for: AutoClient2297
[18:04:06] Normal request processed for: AutoClient2296
[18:04:06] Normal request processed for: AutoClient2292
[18:04:06] Normal request processed for: AutoClient2294
[18:04:06] Normal request processed for: AutoClient2299
[18:04:09] Priority request processed for: AutoPriority
[18:04:09] Normal request processed for: AutoClient2305
[18:04:09] Normal request processed for: AutoClient2306
[18:04:09] Normal request processed for: AutoClient2309
[18:04:09] Normal request processed for: AutoClient2308
[18:04:09] Normal request processed for: AutoClient2312
[18:04:09] Normal request processed for: AutoClient2311
[18:04:09] Normal request processed for: AutoClient2307
[18:04:09] Normal request processed for: AutoClient2314
[18:04:09] Normal request processed for: AutoClient2310
[18:04:09] Normal request processed for: AutoClient2313
[18:04:09] Normal request processed for: AutoClient2304
[18:04:09] Normal request processed for: AutoClient2320
[18:04:09] Normal request processed for: AutoClient2315
[18:04:09] Normal request processed for: AutoClient2318
[18:04:09] Normal request processed for: AutoClient2319
[18:04:09] Normal request processed for: AutoClient2316
[18:04:09] Normal request processed for: AutoClient2317
[18:04:09] Normal request processed for: AutoClient2322
[18:04:09] Normal request processed for: AutoClient2321
[18:04:09] Normal request processed for: AutoClient2323
[18:04:09] Normal request processed for: AutoClient2326
[18:04:09] Normal request processed for: AutoClient2324
[18:04:09] Normal request processed for: AutoClient2325
[18:04:09] Normal request processed for: AutoClient2327
[18:04:09] Normal request processed for: AutoClient2328
[18:04:09] Normal request processed for: AutoClient2329
[18:04:09] Normal request processed for: AutoClient2331
[18:04:09] Normal request processed for: AutoClient2332
[18:04:09] Normal request processed for: AutoClient2333
[18:04:09] Normal request processed for: AutoClient2330
[18:04:09] Normal request processed for: AutoClient2334
[18:04:09] Normal request processed for: AutoClient2336
[18:04:09] Normal request processed for: AutoClient2335
[18:04:10] Normal request processed for: AutoClient2337
[18:04:10] Normal request processed for: AutoClient2341
[18:04:10] Normal request processed for: AutoClient2338
[18:04:10] Normal request processed for: AutoClient2345
[18:04:10] Normal request processed for: AutoClient2342
[18:04:10] Normal request processed for: AutoClient2340
[18:04:10] Normal request processed for: AutoClient2339
[18:04:10] Normal request processed for: AutoClient2344
[18:04:10] Normal request processed for: AutoClient2343
[18:04:10] Normal request processed for: AutoClient2346
[18:04:10] Normal request processed for: AutoClient2347
[18:04:10] Normal request processed for: AutoClient2350
[18:04:10] Normal request processed for: AutoClient2352
[18:04:10] Normal request processed for: AutoClient2354
[18:04:10] Normal request processed for: AutoClient2348
[18:04:10] Normal request processed for: AutoClient2351
[18:04:10] Normal request processed for: AutoClient2353
[18:04:10] Normal request processed for: AutoClient2349
[18:04:10] Normal request processed for: AutoClient2357
[18:04:10] Normal request processed for: AutoClient2355
[18:04:10] Normal request processed for: AutoClient2356
[18:04:10] Normal request processed for: AutoClient2358
[18:04:10] Normal request processed for: AutoClient2361
[18:04:10] Normal request processed for: AutoClient2360
[18:04:10] Normal request processed for: AutoClient2363
[18:04:10] Normal request processed for: AutoClient2362
[18:04:10] Normal request processed for: AutoClient2359
[18:04:10] Normal request processed for: AutoClient2364
[18:04:10] Normal request processed for: AutoClient2367
[18:04:10] Normal request processed for: AutoClient2366
[18:04:10] Normal request processed for: AutoClient2365
[18:04:10] Normal request processed for: AutoClient2368
[18:04:10] Normal request processed for: AutoClient2369
[18:04:10] Normal request processed for: AutoClient2370
[18:04:10] Normal request processed for: AutoClient2372
[18:04:10] Normal request processed for: AutoClient2371
[18:04:10] Normal request processed for: AutoClient2373
[18:04:10] Normal request processed for: AutoClient2374
[18:04:10] Normal request processed for: AutoClient2376
[18:04:10] Normal request processed for: AutoClient2378
[18:04:10] Normal request processed for: AutoClient2375
[18:04:10] Normal request processed for: AutoClient2377
[18:04:10] Normal request processed for: AutoClient2379
[18:04:10] Normal request processed for: AutoClient2380
[18:04:11] Normal request processed for: AutoClient2381
[18:04:11] Normal request processed for: AutoClient2384
[18:04:11] Normal request processed for: AutoClient2385
[18:04:11] Normal request processed for: AutoClient2388
[18:04:11] Normal request processed for: AutoClient2383
[18:04:11] Normal request processed for: AutoClient2382
[18:04:11] Normal request processed for: AutoClient2386
[18:04:11] Normal request processed for: AutoClient2387
[18:04:11] Normal request processed for: AutoClient2389
[18:04:11] Normal request processed for: AutoClient2390
[18:04:11] Normal request processed for: AutoClient2391
[18:04:11] Normal request processed for: AutoClient2392
[18:04:11] Normal request processed for: AutoClient2393
[18:04:11] Normal request processed for: AutoClient2394
[18:04:11] Normal request processed for: AutoClient2398
[18:04:11] Normal request processed for: AutoClient2395
[18:04:11] Normal request processed for: AutoClient2397
[18:04:11] Normal request processed for: AutoClient2399
[18:04:11] Normal request processed for: AutoClient2396
[18:04:11] Normal request processed for: AutoClient2401
[18:04:11] Normal request processed for: AutoClient2408
[18:04:11] Normal request processed for: AutoClient2410
[18:04:11] Normal request processed for: AutoClient2411
[18:04:11] Normal request processed for: AutoClient2406
[18:04:11] Normal request processed for: AutoClient2402
[18:04:11] Normal request processed for: AutoClient2405
[18:04:11] Normal request processed for: AutoClient2407
[18:04:11] Normal request processed for: AutoClient2403
[18:04:11] Normal request processed for: AutoClient2409
[18:04:11] Normal request processed for: AutoClient2404
[18:04:14] Priority request processed for: AutoPriority
[18:04:14] Normal request processed for: AutoClient2421
[18:04:14] Normal request processed for: AutoClient2418
[18:04:14] Normal request processed for: AutoClient2413
[18:04:14] Normal request processed for: AutoClient2412
[18:04:14] Normal request processed for: AutoClient2414
[18:04:14] Normal request processed for: AutoClient2422
[18:04:14] Normal request processed for: AutoClient2420
[18:04:14] Normal request processed for: AutoClient2417
[18:04:14] Normal request processed for: AutoClient2416
[18:04:14] Normal request processed for: AutoClient2415
[18:04:14] Normal request processed for: AutoClient2419
[18:04:15] Normal request processed for: AutoClient2432
[18:04:15] Normal request processed for: AutoClient2423
[18:04:15] Normal request processed for: AutoClient2430
[18:04:15] Normal request processed for: AutoClient2425
[18:04:15] Normal request processed for: AutoClient2428
[18:04:15] Normal request processed for: AutoClient2426
[18:04:15] Normal request processed for: AutoClient2424
[18:04:15] Normal request processed for: AutoClient2427
[18:04:15] Normal request processed for: AutoClient2429
[18:04:15] Normal request processed for: AutoClient2431
[18:04:15] Normal request processed for: AutoClient2433
[18:04:15] Normal request processed for: AutoClient2437
[18:04:15] Normal request processed for: AutoClient2443
[18:04:15] Normal request processed for: AutoClient2434
[18:04:15] Normal request processed for: AutoClient2435
[18:04:15] Normal request processed for: AutoClient2444
[18:04:15] Normal request processed for: AutoClient2438
[18:04:15] Normal request processed for: AutoClient2441
[18:04:15] Normal request processed for: AutoClient2440
[18:04:15] Normal request processed for: AutoClient2439
[18:04:15] Normal request processed for: AutoClient2442
[18:04:15] Normal request processed for: AutoClient2436
[18:04:15] Normal request processed for: AutoClient2446
[18:04:15] Normal request processed for: AutoClient2445
[18:04:15] Normal request processed for: AutoClient2453
[18:04:15] Normal request processed for: AutoClient2447
[18:04:15] Normal request processed for: AutoClient2454
[18:04:15] Normal request processed for: AutoClient2448
[18:04:15] Normal request processed for: AutoClient2449
[18:04:15] Normal request processed for: AutoClient2452
[18:04:15] Normal request processed for: AutoClient2450
[18:04:15] Normal request processed for: AutoClient2451
[18:04:15] Normal request processed for: AutoClient2455
[18:04:15] Normal request processed for: AutoClient2456
[18:04:15] Normal request processed for: AutoClient2457
[18:04:15] Normal request processed for: AutoClient2461
[18:04:15] Normal request processed for: AutoClient2458
[18:04:15] Normal request processed for: AutoClient2460
[18:04:15] Normal request processed for: AutoClient2459
[18:04:15] Normal request processed for: AutoClient2464
[18:04:15] Normal request processed for: AutoClient2465
[18:04:15] Normal request processed for: AutoClient2462
[18:04:15] Normal request processed for: AutoClient2463
[18:04:15] Normal request processed for: AutoClient2466
[18:04:16] Normal request processed for: AutoClient2468
[18:04:16] Normal request processed for: AutoClient2467
[18:04:16] Normal request processed for: AutoClient2471
[18:04:16] Normal request processed for: AutoClient2469
[18:04:16] Normal request processed for: AutoClient2470
[18:04:16] Normal request processed for: AutoClient2472
[18:04:16] Normal request processed for: AutoClient2473
[18:04:16] Normal request processed for: AutoClient2476
[18:04:16] Normal request processed for: AutoClient2475
[18:04:16] Normal request processed for: AutoClient2474
[18:04:16] Normal request processed for: AutoClient2477
[18:04:16] Normal request processed for: AutoClient2479
[18:04:16] Normal request processed for: AutoClient2478
[18:04:16] Normal request processed for: AutoClient2485
[18:04:16] Normal request processed for: AutoClient2487
[18:04:16] Normal request processed for: AutoClient2486
[18:04:16] Normal request processed for: AutoClient2480
[18:04:16] Normal request processed for: AutoClient2484
[18:04:16] Normal request processed for: AutoClient2481
[18:04:16] Normal request processed for: AutoClient2482
[18:04:16] Normal request processed for: AutoClient2488
[18:04:16] Normal request processed for: AutoClient2483
[18:04:16] Normal request processed for: AutoClient2489
[18:04:16] Normal request processed for: AutoClient2490
[18:04:16] Normal request processed for: AutoClient2492
[18:04:16] Normal request processed for: AutoClient2494
[18:04:16] Normal request processed for: AutoClient2491
[18:04:16] Normal request processed for: AutoClient2493
[18:04:16] Normal request processed for: AutoClient2499
[18:04:16] Normal request processed for: AutoClient2495
[18:04:16] Normal request processed for: AutoClient2497
[18:04:16] Normal request processed for: AutoClient2498
[18:04:16] Normal request processed for: AutoClient2496
[18:04:16] Normal request processed for: AutoClient2501
[18:04:16] Normal request processed for: AutoClient2505
[18:04:16] Normal request processed for: AutoClient2503
[18:04:16] Normal request processed for: AutoClient2502
[18:04:16] Normal request processed for: AutoClient2506
[18:04:16] Normal request processed for: AutoClient2504
[18:04:16] Normal request processed for: AutoClient2508
[18:04:16] Normal request processed for: AutoClient2507
[18:04:16] Normal request processed for: AutoClient2510
[18:04:16] Normal request processed for: AutoClient2509
[18:04:16] Normal request processed for: AutoClient2511
[18:04:17] Normal request processed for: AutoClient2512
[18:04:17] Normal request processed for: AutoClient2513
[18:04:17] Normal request processed for: AutoClient2514
[18:04:17] Normal request processed for: AutoClient2515
[18:04:17] Normal request processed for: AutoClient2519
[18:04:17] Normal request processed for: AutoClient2516
[18:04:17] Normal request processed for: AutoClient2517
[18:04:17] Normal request processed for: AutoClient2518
[18:04:17] Normal request processed for: AutoClient2520
[18:04:17] Normal request processed for: AutoClient2526
[18:04:17] Normal request processed for: AutoClient2523
[18:04:17] Normal request processed for: AutoClient2522
[18:04:17] Normal request processed for: AutoClient2525
[18:04:17] Normal request processed for: AutoClient2521
[18:04:17] Normal request processed for: AutoClient2528
[18:04:17] Normal request processed for: AutoClient2524
[18:04:17] Normal request processed for: AutoClient2529
[18:04:17] Normal request processed for: AutoClient2527
[18:04:17] Normal request processed for: AutoClient2530
[18:04:17] Normal request processed for: AutoClient2531
[18:04:20] Priority request processed for: AutoPriority
[18:04:20] Normal request processed for: AutoClient2533
[18:04:20] Normal request processed for: AutoClient2542
[18:04:20] Normal request processed for: AutoClient2537
[18:04:20] Normal request processed for: AutoClient2535
[18:04:20] Normal request processed for: AutoClient2536
[18:04:20] Normal request processed for: AutoClient2534
[18:04:20] Normal request processed for: AutoClient2541
[18:04:20] Normal request processed for: AutoClient2538
[18:04:20] Normal request processed for: AutoClient2532
[18:04:20] Normal request processed for: AutoClient2540
[18:04:20] Normal request processed for: AutoClient2539
[18:04:20] Normal request processed for: AutoClient2543
[18:04:20] Normal request processed for: AutoClient2551
[18:04:20] Normal request processed for: AutoClient2548
[18:04:20] Normal request processed for: AutoClient2544
[18:04:20] Normal request processed for: AutoClient2546
[18:04:20] Normal request processed for: AutoClient2547
[18:04:20] Normal request processed for: AutoClient2549
[18:04:20] Normal request processed for: AutoClient2553
[18:04:20] Normal request processed for: AutoClient2545
[18:04:20] Normal request processed for: AutoClient2550
[18:04:20] Normal request processed for: AutoClient2552
[18:04:21] Normal request processed for: AutoClient2554
[18:04:21] Normal request processed for: AutoClient2558
[18:04:21] Normal request processed for: AutoClient2561
[18:04:21] Normal request processed for: AutoClient2562
[18:04:21] Normal request processed for: AutoClient2564
[18:04:21] Normal request processed for: AutoClient2556
[18:04:21] Normal request processed for: AutoClient2560
[18:04:21] Normal request processed for: AutoClient2557
[18:04:21] Normal request processed for: AutoClient2555
[18:04:21] Normal request processed for: AutoClient2563
[18:04:21] Normal request processed for: AutoClient2559
[18:04:21] Normal request processed for: AutoClient2565
[18:04:21] Normal request processed for: AutoClient2570
[18:04:21] Normal request processed for: AutoClient2569
[18:04:21] Normal request processed for: AutoClient2566
[18:04:21] Normal request processed for: AutoClient2571
[18:04:21] Normal request processed for: AutoClient2573
[18:04:21] Normal request processed for: AutoClient2575
[18:04:21] Normal request processed for: AutoClient2574
[18:04:21] Normal request processed for: AutoClient2572
[18:04:21] Normal request processed for: AutoClient2576
[18:04:21] Normal request processed for: AutoClient2577
[18:04:21] Normal request processed for: AutoClient2578
[18:04:21] Normal request processed for: AutoClient2579
[18:04:21] Normal request processed for: AutoClient2580
[18:04:21] Normal request processed for: AutoClient2581
[18:04:21] Normal request processed for: AutoClient2583
[18:04:21] Normal request processed for: AutoClient2585
[18:04:21] Normal request processed for: AutoClient2582
[18:04:21] Normal request processed for: AutoClient2584
[18:04:21] Normal request processed for: AutoClient2586
[18:04:21] Normal request processed for: AutoClient2588
[18:04:21] Normal request processed for: AutoClient2587
[18:04:21] Normal request processed for: AutoClient2589
[18:04:21] Normal request processed for: AutoClient2591
[18:04:21] Normal request processed for: AutoClient2590
[18:04:21] Normal request processed for: AutoClient2592
[18:04:21] Normal request processed for: AutoClient2593
[18:04:21] Normal request processed for: AutoClient2594
[18:04:21] Normal request processed for: AutoClient2595
[18:04:21] Normal request processed for: AutoClient2598
[18:04:21] Normal request processed for: AutoClient2596
[18:04:21] Normal request processed for: AutoClient2597
[18:04:21] Normal request processed for: AutoClient2599
[18:04:22] Normal request processed for: AutoClient2567
[18:04:22] Normal request processed for: AutoClient2568
[18:04:22] Normal request processed for: AutoClient2601
[18:04:22] Normal request processed for: AutoClient2604
[18:04:22] Normal request processed for: AutoClient2605
[18:04:22] Normal request processed for: AutoClient2603
[18:04:22] Normal request processed for: AutoClient2602
[18:04:22] Normal request processed for: AutoClient2606
[18:04:22] Normal request processed for: AutoClient2609
[18:04:22] Normal request processed for: AutoClient2607
[18:04:22] Normal request processed for: AutoClient2608
[18:04:22] Normal request processed for: AutoClient2610
[18:04:22] Normal request processed for: AutoClient2613
[18:04:22] Normal request processed for: AutoClient2615
[18:04:22] Normal request processed for: AutoClient2611
[18:04:22] Normal request processed for: AutoClient2614
[18:04:22] Normal request processed for: AutoClient2612
[18:04:22] Normal request processed for: AutoClient2616
[18:04:22] Normal request processed for: AutoClient2617
[18:04:22] Normal request processed for: AutoClient2618
[18:04:22] Normal request processed for: AutoClient2619
[18:04:22] Normal request processed for: AutoClient2620
[18:04:22] Normal request processed for: AutoClient2621
[18:04:22] Normal request processed for: AutoClient2622
[18:04:22] Normal request processed for: AutoClient2624
[18:04:22] Normal request processed for: AutoClient2625
[18:04:22] Normal request processed for: AutoClient2626
[18:04:22] Normal request processed for: AutoClient2623
[18:04:22] Normal request processed for: AutoClient2629
[18:04:22] Normal request processed for: AutoClient2628
[18:04:22] Normal request processed for: AutoClient2627
[18:04:22] Normal request processed for: AutoClient2630
[18:04:22] Normal request processed for: AutoClient2631
[18:04:22] Normal request processed for: AutoClient2632
[18:04:22] Normal request processed for: AutoClient2633
[18:04:22] Normal request processed for: AutoClient2636
[18:04:22] Normal request processed for: AutoClient2634
[18:04:22] Normal request processed for: AutoClient2635
[18:04:22] Normal request processed for: AutoClient2639
[18:04:22] Normal request processed for: AutoClient2637
[18:04:22] Normal request processed for: AutoClient2640
[18:04:22] Normal request processed for: AutoClient2638
[18:04:23] Normal request processed for: AutoClient2650
[18:04:23] Normal request processed for: AutoClient2648
[18:04:23] Normal request processed for: AutoClient2641
[18:04:23] Normal request processed for: AutoClient2643
[18:04:23] Normal request processed for: AutoClient2645
[18:04:23] Normal request processed for: AutoClient2642
[18:04:23] Normal request processed for: AutoClient2647
[18:04:23] Normal request processed for: AutoClient2651
[18:04:23] Normal request processed for: AutoClient2644
[18:04:23] Normal request processed for: AutoClient2649
[18:04:23] Normal request processed for: AutoClient2646
[18:04:26] Priority request processed for: AutoPriority
[18:04:26] Normal request processed for: AutoClient2652
[18:04:26] Normal request processed for: AutoClient2653
[18:04:26] Normal request processed for: AutoClient2657
[18:04:26] Normal request processed for: AutoClient2658
[18:04:26] Normal request processed for: AutoClient2654
[18:04:26] Normal request processed for: AutoClient2661
[18:04:26] Normal request processed for: AutoClient2662
[18:04:26] Normal request processed for: AutoClient2655
[18:04:26] Normal request processed for: AutoClient2659
[18:04:26] Normal request processed for: AutoClient2660
[18:04:26] Normal request processed for: AutoClient2656
[18:04:26] Normal request processed for: AutoClient2672
[18:04:26] Normal request processed for: AutoClient2667
[18:04:26] Normal request processed for: AutoClient2663
[18:04:26] Normal request processed for: AutoClient2668
[18:04:26] Normal request processed for: AutoClient2664
[18:04:26] Normal request processed for: AutoClient2665
[18:04:26] Normal request processed for: AutoClient2666
[18:04:26] Normal request processed for: AutoClient2671
[18:04:26] Normal request processed for: AutoClient2670
[18:04:26] Normal request processed for: AutoClient2669
[18:04:26] Normal request processed for: AutoClient2673
[18:04:27] Normal request processed for: AutoClient2678
[18:04:27] Normal request processed for: AutoClient2676
[18:04:27] Normal request processed for: AutoClient2675
[18:04:27] Normal request processed for: AutoClient2674
[18:04:27] Normal request processed for: AutoClient2677
[18:04:27] Normal request processed for: AutoClient2679
[18:04:27] Normal request processed for: AutoClient2682
[18:04:27] Normal request processed for: AutoClient2683
[18:04:27] Normal request processed for: AutoClient2680
[18:04:27] Normal request processed for: AutoClient2681
[18:04:27] Normal request processed for: AutoClient2684
[18:04:27] Normal request processed for: AutoClient2686
[18:04:27] Normal request processed for: AutoClient2691
[18:04:27] Normal request processed for: AutoClient2689
[18:04:27] Normal request processed for: AutoClient2687
[18:04:27] Normal request processed for: AutoClient2688
[18:04:27] Normal request processed for: AutoClient2685
[18:04:27] Normal request processed for: AutoClient2690
[18:04:27] Normal request processed for: AutoClient2692
[18:04:27] Normal request processed for: AutoClient2694
[18:04:27] Normal request processed for: AutoClient2693
[18:04:27] Normal request processed for: AutoClient2695
[18:04:27] Normal request processed for: AutoClient2698
[18:04:27] Normal request processed for: AutoClient2696
[18:04:27] Normal request processed for: AutoClient2697
[18:04:27] Normal request processed for: AutoClient2701
[18:04:27] Normal request processed for: AutoClient2703
[18:04:27] Normal request processed for: AutoClient2702
[18:04:27] Normal request processed for: AutoClient2705
[18:04:27] Normal request processed for: AutoClient2699
[18:04:27] Normal request processed for: AutoClient2706
[18:04:27] Normal request processed for: AutoClient2704
[18:04:27] Normal request processed for: AutoClient2707
[18:04:27] Normal request processed for: AutoClient2708
[18:04:27] Normal request processed for: AutoClient2713
[18:04:27] Normal request processed for: AutoClient2711
[18:04:27] Normal request processed for: AutoClient2715
[18:04:27] Normal request processed for: AutoClient2717
[18:04:27] Normal request processed for: AutoClient2709
[18:04:27] Normal request processed for: AutoClient2714
[18:04:27] Normal request processed for: AutoClient2716
[18:04:27] Normal request processed for: AutoClient2712
[18:04:27] Normal request processed for: AutoClient2710
[18:04:27] Normal request processed for: AutoClient2718
[18:04:28] Normal request processed for: AutoClient2721
[18:04:28] Normal request processed for: AutoClient2719
[18:04:28] Normal request processed for: AutoClient2727
[18:04:28] Normal request processed for: AutoClient2724
[18:04:28] Normal request processed for: AutoClient2720
[18:04:28] Normal request processed for: AutoClient2725
[18:04:28] Normal request processed for: AutoClient2729
[18:04:28] Normal request processed for: AutoClient2723
[18:04:28] Normal request processed for: AutoClient2726
[18:04:28] Normal request processed for: AutoClient2728
[18:04:28] Normal request processed for: AutoClient2730
[18:04:28] Normal request processed for: AutoClient2722
[18:04:28] Normal request processed for: AutoClient2734
[18:04:28] Normal request processed for: AutoClient2731
[18:04:28] Normal request processed for: AutoClient2733
[18:04:28] Normal request processed for: AutoClient2732
[18:04:28] Normal request processed for: AutoClient2736
[18:04:28] Normal request processed for: AutoClient2738
[18:04:28] Normal request processed for: AutoClient2737
[18:04:28] Normal request processed for: AutoClient2735
[18:04:28] Normal request processed for: AutoClient2739
[18:04:28] Normal request processed for: AutoClient2741
[18:04:28] Normal request processed for: AutoClient2740
[18:04:28] Normal request processed for: AutoClient2743
[18:04:28] Normal request processed for: AutoClient2742
[18:04:28] Normal request processed for: AutoClient2744
[18:04:28] Normal request processed for: AutoClient2746
[18:04:28] Normal request processed for: AutoClient2749
[18:04:28] Normal request processed for: AutoClient2745
[18:04:28] Normal request processed for: AutoClient2747
[18:04:28] Normal request processed for: AutoClient2748
[18:04:28] Normal request processed for: AutoClient2750
[18:04:28] Normal request processed for: AutoClient2751
[18:04:28] Normal request processed for: AutoClient2752
[18:04:28] Normal request processed for: AutoClient2753
[18:04:28] Normal request processed for: AutoClient2759
[18:04:28] Normal request processed for: AutoClient2754
[18:04:28] Normal request processed for: AutoClient2755
[18:04:28] Normal request processed for: AutoClient2758
[18:04:28] Normal request processed for: AutoClient2760
[18:04:28] Normal request processed for: AutoClient2756
[18:04:28] Normal request processed for: AutoClient2757
[18:04:29] Normal request processed for: AutoClient2765
[18:04:29] Normal request processed for: AutoClient2771
[18:04:29] Normal request processed for: AutoClient2762
[18:04:29] Normal request processed for: AutoClient2763
[18:04:29] Normal request processed for: AutoClient2770
[18:04:29] Normal request processed for: AutoClient2768
[18:04:29] Normal request processed for: AutoClient2766
[18:04:29] Normal request processed for: AutoClient2767
[18:04:29] Normal request processed for: AutoClient2764
[18:04:29] Normal request processed for: AutoClient2761
[18:04:29] Normal request processed for: AutoClient2769
[18:04:32] Priority request processed for: AutoPriority
[18:04:32] Normal request processed for: AutoClient2772
[18:04:32] Normal request processed for: AutoClient2777
[18:04:32] Normal request processed for: AutoClient2781
[18:04:32] Normal request processed for: AutoClient2776
[18:04:32] Normal request processed for: AutoClient2775
[18:04:32] Normal request processed for: AutoClient2779
[18:04:32] Normal request processed for: AutoClient2782
[18:04:32] Normal request processed for: AutoClient2774
[18:04:32] Normal request processed for: AutoClient2773
[18:04:32] Normal request processed for: AutoClient2778
[18:04:32] Normal request processed for: AutoClient2780
[18:04:32] Normal request processed for: AutoClient2785
[18:04:32] Normal request processed for: AutoClient2787
[18:04:32] Normal request processed for: AutoClient2789
[18:04:32] Normal request processed for: AutoClient2786
[18:04:32] Normal request processed for: AutoClient2783
[18:04:32] Normal request processed for: AutoClient2788
[18:04:32] Normal request processed for: AutoClient2784
[18:04:32] Normal request processed for: AutoClient2793
[18:04:32] Normal request processed for: AutoClient2791
[18:04:32] Normal request processed for: AutoClient2792
[18:04:32] Normal request processed for: AutoClient2790
[18:04:32] Normal request processed for: AutoClient2799
[18:04:32] Normal request processed for: AutoClient2794
[18:04:32] Normal request processed for: AutoClient2802
[18:04:32] Normal request processed for: AutoClient2797
[18:04:32] Normal request processed for: AutoClient2795
[18:04:32] Normal request processed for: AutoClient2801
[18:04:32] Normal request processed for: AutoClient2796
[18:04:32] Normal request processed for: AutoClient2804
[18:04:32] Normal request processed for: AutoClient2803
[18:04:32] Normal request processed for: AutoClient2805
[18:04:32] Normal request processed for: AutoClient2798
[18:04:33] Normal request processed for: AutoClient2811
[18:04:33] Normal request processed for: AutoClient2808
[18:04:33] Normal request processed for: AutoClient2806
[18:04:33] Normal request processed for: AutoClient2812
[18:04:33] Normal request processed for: AutoClient2813
[18:04:33] Normal request processed for: AutoClient2807
[18:04:33] Normal request processed for: AutoClient2809
[18:04:33] Normal request processed for: AutoClient2810
[18:04:33] Normal request processed for: AutoClient2815
[18:04:33] Normal request processed for: AutoClient2814
[18:04:33] Normal request processed for: AutoClient2816
[18:04:33] Normal request processed for: AutoClient2818
[18:04:33] Normal request processed for: AutoClient2824
[18:04:33] Normal request processed for: AutoClient2817
[18:04:33] Normal request processed for: AutoClient2822
[18:04:33] Normal request processed for: AutoClient2826
[18:04:33] Normal request processed for: AutoClient2821
[18:04:33] Normal request processed for: AutoClient2820
[18:04:33] Normal request processed for: AutoClient2825
[18:04:33] Normal request processed for: AutoClient2819
[18:04:33] Normal request processed for: AutoClient2823
[18:04:33] Normal request processed for: AutoClient2827
[18:04:33] Normal request processed for: AutoClient2829
[18:04:33] Normal request processed for: AutoClient2828
[18:04:33] Normal request processed for: AutoClient2831
[18:04:33] Normal request processed for: AutoClient2830
[18:04:33] Normal request processed for: AutoClient2834
[18:04:33] Normal request processed for: AutoClient2833
[18:04:33] Normal request processed for: AutoClient2837
[18:04:33] Normal request processed for: AutoClient2832
[18:04:33] Normal request processed for: AutoClient2835
[18:04:33] Normal request processed for: AutoClient2838
[18:04:33] Normal request processed for: AutoClient2836
[18:04:33] Normal request processed for: AutoClient2839
[18:04:33] Normal request processed for: AutoClient2842
[18:04:33] Normal request processed for: AutoClient2843
[18:04:33] Normal request processed for: AutoClient2841
[18:04:33] Normal request processed for: AutoClient2840
[18:04:33] Normal request processed for: AutoClient2844
[18:04:33] Normal request processed for: AutoClient2845
[18:04:33] Normal request processed for: AutoClient2847
[18:04:33] Normal request processed for: AutoClient2846
[18:04:33] Normal request processed for: AutoClient2849
[18:04:33] Normal request processed for: AutoClient2848
[18:04:34] Normal request processed for: AutoClient2852
[18:04:34] Normal request processed for: AutoClient2854
[18:04:34] Normal request processed for: AutoClient2857
[18:04:34] Normal request processed for: AutoClient2855
[18:04:34] Normal request processed for: AutoClient2856
[18:04:34] Normal request processed for: AutoClient2850
[18:04:34] Normal request processed for: AutoClient2851
[18:04:34] Normal request processed for: AutoClient2853
[18:04:34] Normal request processed for: AutoClient2858
[18:04:34] Normal request processed for: AutoClient2860
[18:04:34] Normal request processed for: AutoClient2859
[18:04:34] Normal request processed for: AutoClient2863
[18:04:34] Normal request processed for: AutoClient2861
[18:04:34] Normal request processed for: AutoClient2862
[18:04:34] Normal request processed for: AutoClient2864
[18:04:34] Normal request processed for: AutoClient2867
[18:04:34] Normal request processed for: AutoClient2865
[18:04:34] Normal request processed for: AutoClient2866
[18:04:34] Normal request processed for: AutoClient2868
[18:04:34] Normal request processed for: AutoClient2871
[18:04:34] Normal request processed for: AutoClient2869
[18:04:34] Normal request processed for: AutoClient2870
[18:04:34] Normal request processed for: AutoClient2875
[18:04:34] Normal request processed for: AutoClient2873
[18:04:34] Normal request processed for: AutoClient2874
[18:04:34] Normal request processed for: AutoClient2877
[18:04:34] Normal request processed for: AutoClient2880
[18:04:34] Normal request processed for: AutoClient2872
[18:04:34] Normal request processed for: AutoClient2878
[18:04:34] Normal request processed for: AutoClient2876
[18:04:34] Normal request processed for: AutoClient2879
[18:04:34] Normal request processed for: AutoClient2881
[18:04:34] Normal request processed for: AutoClient2882
[18:04:34] Normal request processed for: AutoClient2888
[18:04:34] Normal request processed for: AutoClient2885
[18:04:34] Normal request processed for: AutoClient2891
[18:04:34] Normal request processed for: AutoClient2884
[18:04:34] Normal request processed for: AutoClient2883
[18:04:34] Normal request processed for: AutoClient2890
[18:04:34] Normal request processed for: AutoClient2887
[18:04:34] Normal request processed for: AutoClient2886
[18:04:34] Normal request processed for: AutoClient2889
[18:04:37] Priority request processed for: AutoPriority
[18:04:38] Normal request processed for: AutoClient2897
[18:04:38] Normal request processed for: AutoClient2898
[18:04:38] Normal request processed for: AutoClient2899
[18:04:38] Normal request processed for: AutoClient2892
[18:04:38] Normal request processed for: AutoClient2894
[18:04:38] Normal request processed for: AutoClient2896
[18:04:38] Normal request processed for: AutoClient2902
[18:04:38] Normal request processed for: AutoClient2901
[18:04:38] Normal request processed for: AutoClient2895
[18:04:38] Normal request processed for: AutoClient2893
[18:04:38] Normal request processed for: AutoClient2904
[18:04:41] Priority request processed for: AutoPriority
[18:04:41] Normal request processed for: AutoClient2903
[18:04:41] Normal request processed for: AutoClient2915
[18:04:41] Normal request processed for: AutoClient2913
[18:04:41] Normal request processed for: AutoClient2906
[18:04:41] Normal request processed for: AutoClient2908
[18:04:41] Normal request processed for: AutoClient2910
[18:04:41] Normal request processed for: AutoClient2916
[18:04:41] Normal request processed for: AutoClient2911
[18:04:41] Normal request processed for: AutoClient2907
[18:04:41] Normal request processed for: AutoClient2905
[18:04:41] Normal request processed for: AutoClient2912
[18:04:41] Normal request processed for: AutoClient2914
[18:04:41] Normal request processed for: AutoClient2918
[18:04:41] Normal request processed for: AutoClient2921
[18:04:41] Normal request processed for: AutoClient2909
[18:04:41] Normal request processed for: AutoClient2920
[18:04:41] Normal request processed for: AutoClient2917
[18:04:41] Normal request processed for: AutoClient2922
[18:04:41] Normal request processed for: AutoClient2924
[18:04:41] Normal request processed for: AutoClient2919
[18:04:41] Normal request processed for: AutoClient2926
[18:04:41] Normal request processed for: AutoClient2923
[18:04:41] Normal request processed for: AutoClient2925
[18:04:41] Normal request processed for: AutoClient2927
[18:04:41] Normal request processed for: AutoClient2929
[18:04:41] Normal request processed for: AutoClient2928
[18:04:41] Normal request processed for: AutoClient2930
[18:04:41] Normal request processed for: AutoClient2934
[18:04:41] Normal request processed for: AutoClient2932
[18:04:41] Normal request processed for: AutoClient2933
[18:04:41] Normal request processed for: AutoClient2935
[18:04:41] Normal request processed for: AutoClient2931
[18:04:41] Normal request processed for: AutoClient2936
[18:04:42] Normal request processed for: AutoClient2937
[18:04:42] Normal request processed for: AutoClient2940
[18:04:42] Normal request processed for: AutoClient2938
[18:04:42] Normal request processed for: AutoClient2939
[18:04:42] Normal request processed for: AutoClient2943
[18:04:42] Normal request processed for: AutoClient2941
[18:04:42] Normal request processed for: AutoClient2942
[18:04:42] Normal request processed for: AutoClient2947
[18:04:42] Normal request processed for: AutoClient2944
[18:04:42] Normal request processed for: AutoClient2945
[18:04:42] Normal request processed for: AutoClient2946
[18:04:42] Normal request processed for: AutoClient2949
[18:04:42] Normal request processed for: AutoClient2948
[18:04:42] Normal request processed for: AutoClient2952
[18:04:42] Normal request processed for: AutoClient2950
[18:04:42] Normal request processed for: AutoClient2951
[18:04:42] Normal request processed for: AutoClient2953
[18:04:42] Normal request processed for: AutoClient2954
[18:04:42] Normal request processed for: AutoClient2955
[18:04:42] Normal request processed for: AutoClient2958
[18:04:42] Normal request processed for: AutoClient2956
[18:04:42] Normal request processed for: AutoClient2957
[18:04:42] Normal request processed for: AutoClient2964
[18:04:42] Normal request processed for: AutoClient2959
[18:04:42] Normal request processed for: AutoClient2960
[18:04:42] Normal request processed for: AutoClient2961
[18:04:42] Normal request processed for: AutoClient2962
[18:04:42] Normal request processed for: AutoClient2963
[18:04:42] Normal request processed for: AutoClient2965
[18:04:42] Normal request processed for: AutoClient2966
[18:04:42] Normal request processed for: AutoClient2968
[18:04:42] Normal request processed for: AutoClient2967
[18:04:42] Normal request processed for: AutoClient2969
[18:04:42] Normal request processed for: AutoClient2975
[18:04:42] Normal request processed for: AutoClient2970
[18:04:42] Normal request processed for: AutoClient2971
[18:04:42] Normal request processed for: AutoClient2974
[18:04:43] Normal request processed for: AutoClient2972
[18:04:43] Normal request processed for: AutoClient2973
[18:04:43] Normal request processed for: AutoClient2976
[18:04:43] Normal request processed for: AutoClient2978
[18:04:43] Normal request processed for: AutoClient2979
[18:04:43] Normal request processed for: AutoClient2977
[18:04:43] Normal request processed for: AutoClient2980
[18:04:43] Normal request processed for: AutoClient2984
[18:04:43] Normal request processed for: AutoClient2986
[18:04:43] Normal request processed for: AutoClient2982
[18:04:43] Normal request processed for: AutoClient2985
[18:04:43] Normal request processed for: AutoClient2981
[18:04:43] Normal request processed for: AutoClient2983
[18:04:43] Normal request processed for: AutoClient2987
[18:04:43] Normal request processed for: AutoClient2988
[18:04:43] Normal request processed for: AutoClient2990
[18:04:43] Normal request processed for: AutoClient2989
[18:04:43] Normal request processed for: AutoClient2991
[18:04:43] Normal request processed for: AutoClient2996
[18:04:43] Normal request processed for: AutoClient2995
[18:04:43] Normal request processed for: AutoClient2997
[18:04:43] Normal request processed for: AutoClient2993
[18:04:43] Normal request processed for: AutoClient2992
[18:04:43] Normal request processed for: AutoClient2994
[18:04:43] Normal request processed for: AutoClient2999
[18:04:43] Normal request processed for: AutoClient2998
[18:04:43] Normal request processed for: AutoClient3009
[18:04:43] Normal request processed for: AutoClient3003
[18:04:43] Normal request processed for: AutoClient3001
[18:04:43] Normal request processed for: AutoClient3011
[18:04:43] Normal request processed for: AutoClient3002
[18:04:43] Normal request processed for: AutoClient3005
[18:04:43] Normal request processed for: AutoClient3010
[18:04:43] Normal request processed for: AutoClient3004
[18:04:43] Normal request processed for: AutoClient3008
[18:04:43] Normal request processed for: AutoClient3007
[18:04:43] Normal request processed for: AutoClient3006
[18:04:46] Priority request processed for: AutoPriority
[18:04:47] Normal request processed for: AutoClient3018
[18:04:47] Normal request processed for: AutoClient3012
[18:04:47] Normal request processed for: AutoClient3013
[18:04:47] Normal request processed for: AutoClient3020
[18:04:47] Normal request processed for: AutoClient3017
[18:04:47] Normal request processed for: AutoClient3019
[18:04:47] Normal request processed for: AutoClient3021
[18:04:47] Normal request processed for: AutoClient3016
[18:04:47] Normal request processed for: AutoClient3015
[18:04:47] Normal request processed for: AutoClient3014
[18:04:47] Normal request processed for: AutoClient3022
[18:04:47] Normal request processed for: AutoClient3028
[18:04:47] Normal request processed for: AutoClient3027
[18:04:47] Normal request processed for: AutoClient3026
[18:04:47] Normal request processed for: AutoClient3025
[18:04:47] Normal request processed for: AutoClient3030
[18:04:47] Normal request processed for: AutoClient3029
[18:04:47] Normal request processed for: AutoClient3033
[18:04:47] Normal request processed for: AutoClient3035
[18:04:47] Normal request processed for: AutoClient3031
[18:04:47] Normal request processed for: AutoClient3032
[18:04:47] Normal request processed for: AutoClient3034
[18:04:47] Normal request processed for: AutoClient3036
[18:04:47] Normal request processed for: AutoClient3039
[18:04:47] Normal request processed for: AutoClient3037
[18:04:47] Normal request processed for: AutoClient3040
[18:04:47] Normal request processed for: AutoClient3038
[18:04:47] Normal request processed for: AutoClient3024
[18:04:47] Normal request processed for: AutoClient3043
[18:04:47] Normal request processed for: AutoClient3023
[18:04:47] Normal request processed for: AutoClient3042
[18:04:47] Normal request processed for: AutoClient3041
[18:04:47] Normal request processed for: AutoClient3044
[18:04:47] Normal request processed for: AutoClient3046
[18:04:47] Normal request processed for: AutoClient3050
[18:04:47] Normal request processed for: AutoClient3048
[18:04:47] Normal request processed for: AutoClient3051
[18:04:47] Normal request processed for: AutoClient3045
[18:04:47] Normal request processed for: AutoClient3052
[18:04:47] Normal request processed for: AutoClient3054
[18:04:47] Normal request processed for: AutoClient3053
[18:04:47] Normal request processed for: AutoClient3047
[18:04:47] Normal request processed for: AutoClient3049
[18:04:47] Normal request processed for: AutoClient3055
[18:04:48] Normal request processed for: AutoClient3058
[18:04:48] Normal request processed for: AutoClient3056
[18:04:48] Normal request processed for: AutoClient3060
[18:04:48] Normal request processed for: AutoClient3057
[18:04:48] Normal request processed for: AutoClient3059
[18:04:48] Normal request processed for: AutoClient3061
[18:04:48] Normal request processed for: AutoClient3066
[18:04:48] Normal request processed for: AutoClient3062
[18:04:48] Normal request processed for: AutoClient3063
[18:04:48] Normal request processed for: AutoClient3064
[18:04:48] Normal request processed for: AutoClient3065
[18:04:48] Normal request processed for: AutoClient3068
[18:04:48] Normal request processed for: AutoClient3071
[18:04:48] Normal request processed for: AutoClient3067
[18:04:48] Normal request processed for: AutoClient3072
[18:04:48] Normal request processed for: AutoClient3075
[18:04:48] Normal request processed for: AutoClient3077
[18:04:48] Normal request processed for: AutoClient3069
[18:04:48] Normal request processed for: AutoClient3070
[18:04:48] Normal request processed for: AutoClient3074
[18:04:48] Normal request processed for: AutoClient3073
[18:04:48] Normal request processed for: AutoClient3076
[18:04:48] Normal request processed for: AutoClient3078
[18:04:48] Normal request processed for: AutoClient3085
[18:04:48] Normal request processed for: AutoClient3079
[18:04:48] Normal request processed for: AutoClient3083
[18:04:48] Normal request processed for: AutoClient3087
[18:04:48] Normal request processed for: AutoClient3090
[18:04:48] Normal request processed for: AutoClient3084
[18:04:48] Normal request processed for: AutoClient3086
[18:04:48] Normal request processed for: AutoClient3089
[18:04:48] Normal request processed for: AutoClient3091
[18:04:48] Normal request processed for: AutoClient3092
[18:04:48] Normal request processed for: AutoClient3093
[18:04:48] Normal request processed for: AutoClient3095
[18:04:48] Normal request processed for: AutoClient3098
[18:04:48] Normal request processed for: AutoClient3096
[18:04:48] Normal request processed for: AutoClient3080
[18:04:48] Normal request processed for: AutoClient3081
[18:04:48] Normal request processed for: AutoClient3082
[18:04:48] Normal request processed for: AutoClient3088
[18:04:48] Normal request processed for: AutoClient3097
[18:04:48] Normal request processed for: AutoClient3099
[18:04:48] Normal request processed for: AutoClient3094
[18:04:49] Normal request processed for: AutoClient3106
[18:04:49] Normal request processed for: AutoClient3107
[18:04:49] Normal request processed for: AutoClient3104
[18:04:49] Normal request processed for: AutoClient3105
[18:04:49] Normal request processed for: AutoClient3101
[18:04:49] Normal request processed for: AutoClient3102
[18:04:49] Normal request processed for: AutoClient3103
[18:04:49] Normal request processed for: AutoClient3108
[18:04:49] Normal request processed for: AutoClient3111
[18:04:49] Normal request processed for: AutoClient3110
[18:04:49] Normal request processed for: AutoClient3109
[18:04:49] Normal request processed for: AutoClient3112
[18:04:49] Normal request processed for: AutoClient3117
[18:04:49] Normal request processed for: AutoClient3113
[18:04:49] Normal request processed for: AutoClient3114
[18:04:49] Normal request processed for: AutoClient3115
[18:04:49] Normal request processed for: AutoClient3118
[18:04:49] Normal request processed for: AutoClient3116
[18:04:49] Normal request processed for: AutoClient3120
[18:04:49] Normal request processed for: AutoClient3119
[18:04:49] Normal request processed for: AutoClient3128
[18:04:49] Normal request processed for: AutoClient3132
[18:04:49] Normal request processed for: AutoClient3127
[18:04:49] Normal request processed for: AutoClient3121
[18:04:49] Normal request processed for: AutoClient3126
[18:04:49] Normal request processed for: AutoClient3124
[18:04:49] Normal request processed for: AutoClient3123
[18:04:49] Normal request processed for: AutoClient3129
[18:04:49] Normal request processed for: AutoClient3122
[18:04:49] Normal request processed for: AutoClient3125
[18:04:49] Normal request processed for: AutoClient3130
[18:04:52] Priority request processed for: AutoPriority
[18:04:52] Normal request processed for: AutoClient3136
[18:04:52] Normal request processed for: AutoClient3131
[18:04:52] Normal request processed for: AutoClient3139
[18:04:52] Normal request processed for: AutoClient3135
[18:04:52] Normal request processed for: AutoClient3138
[18:04:52] Normal request processed for: AutoClient3137
[18:04:52] Normal request processed for: AutoClient3141
[18:04:52] Normal request processed for: AutoClient3133
[18:04:52] Normal request processed for: AutoClient3134
[18:04:52] Normal request processed for: AutoClient3142
[18:04:52] Normal request processed for: AutoClient3140
[18:04:53] Normal request processed for: AutoClient3143
[18:04:53] Normal request processed for: AutoClient3144
[18:04:53] Normal request processed for: AutoClient3146
[18:04:53] Normal request processed for: AutoClient3145
[18:04:53] Normal request processed for: AutoClient3148
[18:04:53] Normal request processed for: AutoClient3152
[18:04:53] Normal request processed for: AutoClient3150
[18:04:53] Normal request processed for: AutoClient3147
[18:04:53] Normal request processed for: AutoClient3149
[18:04:53] Normal request processed for: AutoClient3151
[18:04:53] Normal request processed for: AutoClient3153
[18:04:53] Normal request processed for: AutoClient3159
[18:04:53] Normal request processed for: AutoClient3154
[18:04:53] Normal request processed for: AutoClient3162
[18:04:53] Normal request processed for: AutoClient3155
[18:04:53] Normal request processed for: AutoClient3156
[18:04:53] Normal request processed for: AutoClient3161
[18:04:53] Normal request processed for: AutoClient3158
[18:04:53] Normal request processed for: AutoClient3157
[18:04:53] Normal request processed for: AutoClient3160
[18:04:53] Normal request processed for: AutoClient3164
[18:04:53] Normal request processed for: AutoClient3163
[18:04:53] Normal request processed for: AutoClient3165
[18:04:53] Normal request processed for: AutoClient3171
[18:04:53] Normal request processed for: AutoClient3167
[18:04:53] Normal request processed for: AutoClient3168
[18:04:53] Normal request processed for: AutoClient3175
[18:04:53] Normal request processed for: AutoClient3169
[18:04:53] Normal request processed for: AutoClient3173
[18:04:53] Normal request processed for: AutoClient3166
[18:04:53] Normal request processed for: AutoClient3174
[18:04:53] Normal request processed for: AutoClient3172
[18:04:53] Normal request processed for: AutoClient3170
[18:04:53] Normal request processed for: AutoClient3181
[18:04:53] Normal request processed for: AutoClient3184
[18:04:53] Normal request processed for: AutoClient3180
[18:04:53] Normal request processed for: AutoClient3183
[18:04:53] Normal request processed for: AutoClient3186
[18:04:53] Normal request processed for: AutoClient3185
[18:04:53] Normal request processed for: AutoClient3176
[18:04:53] Normal request processed for: AutoClient3177
[18:04:53] Normal request processed for: AutoClient3179
[18:04:53] Normal request processed for: AutoClient3178
[18:04:53] Normal request processed for: AutoClient3182
[18:04:54] Normal request processed for: AutoClient3188
[18:04:54] Normal request processed for: AutoClient3191
[18:04:54] Normal request processed for: AutoClient3187
[18:04:54] Normal request processed for: AutoClient3189
[18:04:54] Normal request processed for: AutoClient3196
[18:04:54] Normal request processed for: AutoClient3195
[18:04:54] Normal request processed for: AutoClient3190
[18:04:54] Normal request processed for: AutoClient3194
[18:04:54] Normal request processed for: AutoClient3192
[18:04:54] Normal request processed for: AutoClient3193
[18:04:54] Normal request processed for: AutoClient3197
[18:04:54] Normal request processed for: AutoClient3198
[18:04:54] Normal request processed for: AutoClient3203
[18:04:54] Normal request processed for: AutoClient3199
[18:04:54] Normal request processed for: AutoClient3202
[18:04:54] Normal request processed for: AutoClient3201
[18:04:54] Normal request processed for: AutoClient3205
[18:04:54] Normal request processed for: AutoClient3209
[18:04:54] Normal request processed for: AutoClient3207
[18:04:54] Normal request processed for: AutoClient3204
[18:04:54] Normal request processed for: AutoClient3208
[18:04:54] Normal request processed for: AutoClient3206
[18:04:54] Normal request processed for: AutoClient3210
[18:04:54] Normal request processed for: AutoClient3211
[18:04:54] Normal request processed for: AutoClient3213
[18:04:54] Normal request processed for: AutoClient3212
[18:04:54] Normal request processed for: AutoClient3219
[18:04:54] Normal request processed for: AutoClient3216
[18:04:54] Normal request processed for: AutoClient3217
[18:04:54] Normal request processed for: AutoClient3214
[18:04:54] Normal request processed for: AutoClient3215
[18:04:54] Normal request processed for: AutoClient3218
[18:04:54] Normal request processed for: AutoClient3220
[18:04:54] Normal request processed for: AutoClient3221
[18:04:54] Normal request processed for: AutoClient3226
[18:04:54] Normal request processed for: AutoClient3228
[18:04:54] Normal request processed for: AutoClient3222
[18:04:54] Normal request processed for: AutoClient3223
[18:04:54] Normal request processed for: AutoClient3224
[18:04:54] Normal request processed for: AutoClient3227
[18:04:54] Normal request processed for: AutoClient3225
[18:04:54] Normal request processed for: AutoClient3229
[18:04:54] Normal request processed for: AutoClient3231
[18:04:54] Normal request processed for: AutoClient3230
[18:04:55] Normal request processed for: AutoClient3233
[18:04:55] Normal request processed for: AutoClient3232
[18:04:55] Normal request processed for: AutoClient3235
[18:04:55] Normal request processed for: AutoClient3234
[18:04:55] Normal request processed for: AutoClient3236
[18:04:55] Normal request processed for: AutoClient3237
[18:04:55] Normal request processed for: AutoClient3238
[18:04:55] Normal request processed for: AutoClient3239
[18:04:55] Normal request processed for: AutoClient3240
[18:04:55] Normal request processed for: AutoClient3251
[18:04:55] Normal request processed for: AutoClient3247
[18:04:55] Normal request processed for: AutoClient3250
[18:04:55] Normal request processed for: AutoClient3243
[18:04:55] Normal request processed for: AutoClient3245
[18:04:55] Normal request processed for: AutoClient3244
[18:04:55] Normal request processed for: AutoClient3241
[18:04:55] Normal request processed for: AutoClient3246
[18:04:55] Normal request processed for: AutoClient3248
[18:04:55] Normal request processed for: AutoClient3242
[18:04:55] Normal request processed for: AutoClient3249
[18:04:58] Priority request processed for: AutoPriority
[18:04:58] Normal request processed for: AutoClient3256
[18:04:58] Normal request processed for: AutoClient3253
[18:04:58] Normal request processed for: AutoClient3262
[18:04:58] Normal request processed for: AutoClient3255
[18:04:58] Normal request processed for: AutoClient3261
[18:04:58] Normal request processed for: AutoClient3258
[18:04:58] Normal request processed for: AutoClient3259
[18:04:58] Normal request processed for: AutoClient3257
[18:04:58] Normal request processed for: AutoClient3254
[18:04:58] Normal request processed for: AutoClient3252
[18:04:58] Normal request processed for: AutoClient3260
[18:04:59] Normal request processed for: AutoClient3267
[18:04:59] Normal request processed for: AutoClient3264
[18:04:59] Normal request processed for: AutoClient3269
[18:04:59] Normal request processed for: AutoClient3263
[18:04:59] Normal request processed for: AutoClient3270
[18:04:59] Normal request processed for: AutoClient3266
[18:04:59] Normal request processed for: AutoClient3265
[18:04:59] Normal request processed for: AutoClient3273
[18:04:59] Normal request processed for: AutoClient3271
[18:04:59] Normal request processed for: AutoClient3268
[18:04:59] Normal request processed for: AutoClient3272
[18:04:59] Normal request processed for: AutoClient3274
[18:04:59] Normal request processed for: AutoClient3275
[18:04:59] Normal request processed for: AutoClient3276
[18:04:59] Normal request processed for: AutoClient3280
[18:04:59] Normal request processed for: AutoClient3277
[18:04:59] Normal request processed for: AutoClient3278
[18:04:59] Normal request processed for: AutoClient3281
[18:04:59] Normal request processed for: AutoClient3279
[18:04:59] Normal request processed for: AutoClient3285
[18:04:59] Normal request processed for: AutoClient3283
[18:04:59] Normal request processed for: AutoClient3282
[18:04:59] Normal request processed for: AutoClient3286
[18:04:59] Normal request processed for: AutoClient3288
[18:04:59] Normal request processed for: AutoClient3287
[18:04:59] Normal request processed for: AutoClient3289
[18:04:59] Normal request processed for: AutoClient3291
[18:04:59] Normal request processed for: AutoClient3290
[18:04:59] Normal request processed for: AutoClient3284
[18:04:59] Normal request processed for: AutoClient3294
[18:04:59] Normal request processed for: AutoClient3292
[18:04:59] Normal request processed for: AutoClient3295
[18:04:59] Normal request processed for: AutoClient3293
[18:04:59] Normal request processed for: AutoClient3296
[18:04:59] Normal request processed for: AutoClient3297
[18:04:59] Normal request processed for: AutoClient3298
[18:04:59] Normal request processed for: AutoClient3299
[18:04:59] Normal request processed for: AutoClient3303
[18:04:59] Normal request processed for: AutoClient3301
[18:04:59] Normal request processed for: AutoClient3302
[18:04:59] Normal request processed for: AutoClient3306
[18:04:59] Normal request processed for: AutoClient3305
[18:04:59] Normal request processed for: AutoClient3307
[18:04:59] Normal request processed for: AutoClient3304
[18:05:00] Normal request processed for: AutoClient3308
[18:05:00] Normal request processed for: AutoClient3309
[18:05:00] Normal request processed for: AutoClient3312
[18:05:00] Normal request processed for: AutoClient3310
[18:05:00] Normal request processed for: AutoClient3311
[18:05:00] Normal request processed for: AutoClient3315
[18:05:00] Normal request processed for: AutoClient3313
[18:05:00] Normal request processed for: AutoClient3314
[18:05:00] Normal request processed for: AutoClient3316
[18:05:00] Normal request processed for: AutoClient3317
[18:05:00] Normal request processed for: AutoClient3318
[18:05:00] Normal request processed for: AutoClient3320
[18:05:00] Normal request processed for: AutoClient3319
[18:05:00] Normal request processed for: AutoClient3321
[18:05:00] Normal request processed for: AutoClient3323
[18:05:00] Normal request processed for: AutoClient3324
[18:05:00] Normal request processed for: AutoClient3325
[18:05:00] Normal request processed for: AutoClient3322
[18:05:00] Normal request processed for: AutoClient3326
[18:05:00] Normal request processed for: AutoClient3329
[18:05:00] Normal request processed for: AutoClient3327
[18:05:00] Normal request processed for: AutoClient3328
[18:05:00] Normal request processed for: AutoClient3330
[18:05:00] Normal request processed for: AutoClient3331
[18:05:00] Normal request processed for: AutoClient3332
[18:05:00] Normal request processed for: AutoClient3333
[18:05:00] Normal request processed for: AutoClient3335
[18:05:00] Normal request processed for: AutoClient3334
[18:05:00] Normal request processed for: AutoClient3336
[18:05:00] Normal request processed for: AutoClient3337
[18:05:00] Normal request processed for: AutoClient3338
[18:05:00] Normal request processed for: AutoClient3339
[18:05:00] Normal request processed for: AutoClient3340
[18:05:00] Normal request processed for: AutoClient3341
[18:05:00] Normal request processed for: AutoClient3342
[18:05:00] Normal request processed for: AutoClient3343
[18:05:00] Normal request processed for: AutoClient3346
[18:05:00] Normal request processed for: AutoClient3344
[18:05:00] Normal request processed for: AutoClient3345
[18:05:00] Normal request processed for: AutoClient3347
[18:05:00] Normal request processed for: AutoClient3348
[18:05:00] Normal request processed for: AutoClient3349
[18:05:00] Normal request processed for: AutoClient3350
[18:05:00] Normal request processed for: AutoClient3351
[18:05:01] Normal request processed for: AutoClient3353
[18:05:01] Normal request processed for: AutoClient3356
[18:05:01] Normal request processed for: AutoClient3358
[18:05:01] Normal request processed for: AutoClient3357
[18:05:01] Normal request processed for: AutoClient3354
[18:05:01] Normal request processed for: AutoClient3352
[18:05:01] Normal request processed for: AutoClient3359
[18:05:01] Normal request processed for: AutoClient3355
[18:05:01] Normal request processed for: AutoClient3360
[18:05:01] Normal request processed for: AutoClient3363
[18:05:01] Normal request processed for: AutoClient3362
[18:05:01] Normal request processed for: AutoClient3366
[18:05:01] Normal request processed for: AutoClient3368
[18:05:01] Normal request processed for: AutoClient3369
[18:05:01] Normal request processed for: AutoClient3364
[18:05:01] Normal request processed for: AutoClient3361
[18:05:01] Normal request processed for: AutoClient3370
[18:05:01] Normal request processed for: AutoClient3365
[18:05:01] Normal request processed for: AutoClient3367
[18:05:01] Normal request processed for: AutoClient3375
[18:05:04] Priority request processed for: AutoPriority
[18:05:04] Normal request processed for: AutoClient3379
[18:05:04] Normal request processed for: AutoClient3381
[18:05:04] Normal request processed for: AutoClient3376
[18:05:04] Normal request processed for: AutoClient3380
[18:05:04] Normal request processed for: AutoClient3373
[18:05:04] Normal request processed for: AutoClient3372
[18:05:04] Normal request processed for: AutoClient3378
[18:05:04] Normal request processed for: AutoClient3377
[18:05:04] Normal request processed for: AutoClient3371
[18:05:04] Normal request processed for: AutoClient3382
[18:05:04] Normal request processed for: AutoClient3374
[18:05:04] Normal request processed for: AutoClient3384
[18:05:04] Normal request processed for: AutoClient3388
[18:05:04] Normal request processed for: AutoClient3385
[18:05:04] Normal request processed for: AutoClient3391
[18:05:04] Normal request processed for: AutoClient3395
[18:05:04] Normal request processed for: AutoClient3386
[18:05:04] Normal request processed for: AutoClient3392
[18:05:04] Normal request processed for: AutoClient3383
[18:05:04] Normal request processed for: AutoClient3389
[18:05:04] Normal request processed for: AutoClient3393
[18:05:04] Normal request processed for: AutoClient3387
[18:05:05] Normal request processed for: AutoClient3394
[18:05:05] Normal request processed for: AutoClient3398
[18:05:05] Normal request processed for: AutoClient3403
[18:05:05] Normal request processed for: AutoClient3405
[18:05:05] Normal request processed for: AutoClient3404
[18:05:05] Normal request processed for: AutoClient3396
[18:05:05] Normal request processed for: AutoClient3397
[18:05:05] Normal request processed for: AutoClient3390
[18:05:05] Normal request processed for: AutoClient3399
[18:05:05] Normal request processed for: AutoClient3401
[18:05:05] Normal request processed for: AutoClient3402
[18:05:05] Normal request processed for: AutoClient3407
[18:05:05] Normal request processed for: AutoClient3406
[18:05:05] Normal request processed for: AutoClient3413
[18:05:05] Normal request processed for: AutoClient3410
[18:05:05] Normal request processed for: AutoClient3409
[18:05:05] Normal request processed for: AutoClient3414
[18:05:05] Normal request processed for: AutoClient3415
[18:05:05] Normal request processed for: AutoClient3411
[18:05:05] Normal request processed for: AutoClient3408
[18:05:05] Normal request processed for: AutoClient3412
[18:05:05] Normal request processed for: AutoClient3416
[18:05:05] Normal request processed for: AutoClient3418
[18:05:05] Normal request processed for: AutoClient3417
[18:05:05] Normal request processed for: AutoClient3419
[18:05:05] Normal request processed for: AutoClient3420
[18:05:05] Normal request processed for: AutoClient3423
[18:05:05] Normal request processed for: AutoClient3421
[18:05:05] Normal request processed for: AutoClient3422
[18:05:05] Normal request processed for: AutoClient3427
[18:05:05] Normal request processed for: AutoClient3424
[18:05:05] Normal request processed for: AutoClient3426
[18:05:05] Normal request processed for: AutoClient3425
[18:05:05] Normal request processed for: AutoClient3428
[18:05:05] Normal request processed for: AutoClient3430
[18:05:05] Normal request processed for: AutoClient3429
[18:05:05] Normal request processed for: AutoClient3434
[18:05:05] Normal request processed for: AutoClient3435
[18:05:05] Normal request processed for: AutoClient3431
[18:05:05] Normal request processed for: AutoClient3432
[18:05:05] Normal request processed for: AutoClient3433
[18:05:05] Normal request processed for: AutoClient3436
[18:05:05] Normal request processed for: AutoClient3437
[18:05:05] Normal request processed for: AutoClient3438
[18:05:06] Normal request processed for: AutoClient3439
[18:05:06] Normal request processed for: AutoClient3442
[18:05:06] Normal request processed for: AutoClient3445
[18:05:06] Normal request processed for: AutoClient3440
[18:05:06] Normal request processed for: AutoClient3441
[18:05:06] Normal request processed for: AutoClient3447
[18:05:06] Normal request processed for: AutoClient3443
[18:05:06] Normal request processed for: AutoClient3446
[18:05:06] Normal request processed for: AutoClient3444
[18:05:06] Normal request processed for: AutoClient3449
[18:05:06] Normal request processed for: AutoClient3448
[18:05:06] Normal request processed for: AutoClient3453
[18:05:06] Normal request processed for: AutoClient3452
[18:05:06] Normal request processed for: AutoClient3454
[18:05:06] Normal request processed for: AutoClient3458
[18:05:06] Normal request processed for: AutoClient3450
[18:05:06] Normal request processed for: AutoClient3457
[18:05:06] Normal request processed for: AutoClient3455
[18:05:06] Normal request processed for: AutoClient3451
[18:05:06] Normal request processed for: AutoClient3456
[18:05:06] Normal request processed for: AutoClient3460
[18:05:06] Normal request processed for: AutoClient3459
[18:05:06] Normal request processed for: AutoClient3462
[18:05:06] Normal request processed for: AutoClient3463
[18:05:06] Normal request processed for: AutoClient3467
[18:05:06] Normal request processed for: AutoClient3461
[18:05:06] Normal request processed for: AutoClient3468
[18:05:06] Normal request processed for: AutoClient3470
[18:05:06] Normal request processed for: AutoClient3466
[18:05:06] Normal request processed for: AutoClient3469
[18:05:06] Normal request processed for: AutoClient3464
[18:05:06] Normal request processed for: AutoClient3471
[18:05:06] Normal request processed for: AutoClient3465
[18:05:06] Normal request processed for: AutoClient3478
[18:05:06] Normal request processed for: AutoClient3472
[18:05:06] Normal request processed for: AutoClient3473
[18:05:06] Normal request processed for: AutoClient3480
[18:05:06] Normal request processed for: AutoClient3476
[18:05:06] Normal request processed for: AutoClient3474
[18:05:06] Normal request processed for: AutoClient3475
[18:05:06] Normal request processed for: AutoClient3477
[18:05:06] Normal request processed for: AutoClient3479
[18:05:07] Normal request processed for: AutoClient3487
[18:05:07] Normal request processed for: AutoClient3481
[18:05:07] Normal request processed for: AutoClient3484
[18:05:07] Normal request processed for: AutoClient3482
[18:05:07] Normal request processed for: AutoClient3490
[18:05:07] Normal request processed for: AutoClient3489
[18:05:07] Normal request processed for: AutoClient3488
[18:05:07] Normal request processed for: AutoClient3483
[18:05:07] Normal request processed for: AutoClient3491
[18:05:07] Normal request processed for: AutoClient3486
[18:05:07] Normal request processed for: AutoClient3485
[18:05:10] Priority request processed for: AutoPriority
[18:05:10] Normal request processed for: AutoClient3497
[18:05:10] Normal request processed for: AutoClient3492
[18:05:10] Normal request processed for: AutoClient3502
[18:05:10] Normal request processed for: AutoClient3494
[18:05:10] Normal request processed for: AutoClient3495
[18:05:10] Normal request processed for: AutoClient3493
[18:05:10] Normal request processed for: AutoClient3499
[18:05:10] Normal request processed for: AutoClient3498
[18:05:10] Normal request processed for: AutoClient3496
[18:05:10] Normal request processed for: AutoClient3503
[18:05:10] Normal request processed for: AutoClient3501
[18:05:13] Priority request processed for: AutoPriority
[18:05:13] Normal request processed for: AutoClient3513
[18:05:13] Normal request processed for: AutoClient3511
[18:05:13] Normal request processed for: AutoClient3512
[18:05:13] Normal request processed for: AutoClient3516
[18:05:13] Normal request processed for: AutoClient3508
[18:05:13] Normal request processed for: AutoClient3514
[18:05:13] Normal request processed for: AutoClient3504
[18:05:13] Normal request processed for: AutoClient3510
[18:05:13] Normal request processed for: AutoClient3509
[18:05:13] Normal request processed for: AutoClient3515
[18:05:13] Normal request processed for: AutoClient3517
[18:05:13] Normal request processed for: AutoClient3505
[18:05:13] Normal request processed for: AutoClient3519
[18:05:13] Normal request processed for: AutoClient3507
[18:05:13] Normal request processed for: AutoClient3520
[18:05:13] Normal request processed for: AutoClient3528
[18:05:13] Normal request processed for: AutoClient3518
[18:05:13] Normal request processed for: AutoClient3506
[18:05:13] Normal request processed for: AutoClient3523
[18:05:13] Normal request processed for: AutoClient3522
[18:05:13] Normal request processed for: AutoClient3521
[18:05:13] Normal request processed for: AutoClient3526
[18:05:14] Normal request processed for: AutoClient3525
[18:05:14] Normal request processed for: AutoClient3527
[18:05:14] Normal request processed for: AutoClient3533
[18:05:14] Normal request processed for: AutoClient3524
[18:05:14] Normal request processed for: AutoClient3532
[18:05:14] Normal request processed for: AutoClient3529
[18:05:14] Normal request processed for: AutoClient3530
[18:05:14] Normal request processed for: AutoClient3535
[18:05:14] Normal request processed for: AutoClient3536
[18:05:14] Normal request processed for: AutoClient3531
[18:05:14] Normal request processed for: AutoClient3540
[18:05:14] Normal request processed for: AutoClient3538
[18:05:14] Normal request processed for: AutoClient3539
[18:05:14] Normal request processed for: AutoClient3537
[18:05:14] Normal request processed for: AutoClient3534
[18:05:14] Normal request processed for: AutoClient3545
[18:05:14] Normal request processed for: AutoClient3542
[18:05:14] Normal request processed for: AutoClient3541
[18:05:14] Normal request processed for: AutoClient3544
[18:05:14] Normal request processed for: AutoClient3546
[18:05:14] Normal request processed for: AutoClient3543
[18:05:14] Normal request processed for: AutoClient3550
[18:05:14] Normal request processed for: AutoClient3552
[18:05:14] Normal request processed for: AutoClient3547
[18:05:14] Normal request processed for: AutoClient3551
[18:05:14] Normal request processed for: AutoClient3549
[18:05:14] Normal request processed for: AutoClient3553
[18:05:14] Normal request processed for: AutoClient3548
[18:05:14] Normal request processed for: AutoClient3560
[18:05:14] Normal request processed for: AutoClient3558
[18:05:14] Normal request processed for: AutoClient3554
[18:05:14] Normal request processed for: AutoClient3556
[18:05:14] Normal request processed for: AutoClient3557
[18:05:15] Normal request processed for: AutoClient3564
[18:05:15] Normal request processed for: AutoClient3561
[18:05:15] Normal request processed for: AutoClient3565
[18:05:15] Normal request processed for: AutoClient3559
[18:05:15] Normal request processed for: AutoClient3555
[18:05:15] Normal request processed for: AutoClient3563
[18:05:15] Normal request processed for: AutoClient3562
[18:05:15] Normal request processed for: AutoClient3566
[18:05:15] Normal request processed for: AutoClient3567
[18:05:15] Normal request processed for: AutoClient3569
[18:05:15] Normal request processed for: AutoClient3572
[18:05:15] Normal request processed for: AutoClient3571
[18:05:15] Normal request processed for: AutoClient3577
[18:05:15] Normal request processed for: AutoClient3578
[18:05:15] Normal request processed for: AutoClient3570
[18:05:15] Normal request processed for: AutoClient3574
[18:05:15] Normal request processed for: AutoClient3573
[18:05:15] Normal request processed for: AutoClient3568
[18:05:15] Normal request processed for: AutoClient3575
[18:05:15] Normal request processed for: AutoClient3582
[18:05:15] Normal request processed for: AutoClient3580
[18:05:15] Normal request processed for: AutoClient3576
[18:05:15] Normal request processed for: AutoClient3591
[18:05:15] Normal request processed for: AutoClient3587
[18:05:15] Normal request processed for: AutoClient3584
[18:05:15] Normal request processed for: AutoClient3579
[18:05:15] Normal request processed for: AutoClient3586
[18:05:15] Normal request processed for: AutoClient3590
[18:05:15] Normal request processed for: AutoClient3581
[18:05:15] Normal request processed for: AutoClient3585
[18:05:15] Normal request processed for: AutoClient3589
[18:05:15] Normal request processed for: AutoClient3583
[18:05:15] Normal request processed for: AutoClient3588
[18:05:15] Normal request processed for: AutoClient3597
[18:05:15] Normal request processed for: AutoClient3593
[18:05:15] Normal request processed for: AutoClient3596
[18:05:15] Normal request processed for: AutoClient3592
[18:05:15] Normal request processed for: AutoClient3598
[18:05:15] Normal request processed for: AutoClient3594
[18:05:15] Normal request processed for: AutoClient3595
[18:05:15] Normal request processed for: AutoClient3599
[18:05:16] Normal request processed for: AutoClient3603
[18:05:16] Normal request processed for: AutoClient3605
[18:05:16] Normal request processed for: AutoClient3609
[18:05:16] Normal request processed for: AutoClient3604
[18:05:16] Normal request processed for: AutoClient3601
[18:05:16] Normal request processed for: AutoClient3608
[18:05:16] Normal request processed for: AutoClient3607
[18:05:16] Normal request processed for: AutoClient3611
[18:05:16] Normal request processed for: AutoClient3602
[18:05:16] Normal request processed for: AutoClient3606
[18:05:16] Normal request processed for: AutoClient3610
[18:05:19] Priority request processed for: AutoPriority
[18:05:19] Normal request processed for: AutoClient3621
[18:05:19] Normal request processed for: AutoClient3619
[18:05:19] Normal request processed for: AutoClient3615
[18:05:19] Normal request processed for: AutoClient3617
[18:05:19] Normal request processed for: AutoClient3613
[18:05:19] Normal request processed for: AutoClient3616
[18:05:19] Normal request processed for: AutoClient3618
[18:05:19] Normal request processed for: AutoClient3614
[18:05:19] Normal request processed for: AutoClient3612
[18:05:19] Normal request processed for: AutoClient3620
[18:05:19] Normal request processed for: AutoClient3622
[18:05:19] Normal request processed for: AutoClient3623
[18:05:19] Normal request processed for: AutoClient3628
[18:05:19] Normal request processed for: AutoClient3627
[18:05:19] Normal request processed for: AutoClient3632
[18:05:19] Normal request processed for: AutoClient3624
[18:05:19] Normal request processed for: AutoClient3629
[18:05:19] Normal request processed for: AutoClient3625
[18:05:19] Normal request processed for: AutoClient3633
[18:05:19] Normal request processed for: AutoClient3626
[18:05:19] Normal request processed for: AutoClient3631
[18:05:19] Normal request processed for: AutoClient3630
[18:05:19] Normal request processed for: AutoClient3639
[18:05:19] Normal request processed for: AutoClient3641
[18:05:19] Normal request processed for: AutoClient3634
[18:05:19] Normal request processed for: AutoClient3638
[18:05:19] Normal request processed for: AutoClient3643
[18:05:19] Normal request processed for: AutoClient3642
[18:05:19] Normal request processed for: AutoClient3636
[18:05:19] Normal request processed for: AutoClient3640
[18:05:19] Normal request processed for: AutoClient3635
[18:05:19] Normal request processed for: AutoClient3637
[18:05:19] Normal request processed for: AutoClient3644
[18:05:20] Normal request processed for: AutoClient3645
[18:05:20] Normal request processed for: AutoClient3654
[18:05:20] Normal request processed for: AutoClient3655
[18:05:20] Normal request processed for: AutoClient3646
[18:05:20] Normal request processed for: AutoClient3652
[18:05:20] Normal request processed for: AutoClient3647
[18:05:20] Normal request processed for: AutoClient3648
[18:05:20] Normal request processed for: AutoClient3653
[18:05:20] Normal request processed for: AutoClient3651
[18:05:20] Normal request processed for: AutoClient3650
[18:05:20] Normal request processed for: AutoClient3649
[18:05:20] Normal request processed for: AutoClient3656
[18:05:20] Normal request processed for: AutoClient3658
[18:05:20] Normal request processed for: AutoClient3660
[18:05:20] Normal request processed for: AutoClient3663
[18:05:20] Normal request processed for: AutoClient3659
[18:05:20] Normal request processed for: AutoClient3657
[18:05:20] Normal request processed for: AutoClient3661
[18:05:20] Normal request processed for: AutoClient3662
[18:05:20] Normal request processed for: AutoClient3664
[18:05:20] Normal request processed for: AutoClient3665
[18:05:20] Normal request processed for: AutoClient3666
[18:05:20] Normal request processed for: AutoClient3667
[18:05:20] Normal request processed for: AutoClient3675
[18:05:20] Normal request processed for: AutoClient3673
[18:05:20] Normal request processed for: AutoClient3669
[18:05:20] Normal request processed for: AutoClient3670
[18:05:20] Normal request processed for: AutoClient3674
[18:05:20] Normal request processed for: AutoClient3672
[18:05:20] Normal request processed for: AutoClient3668
[18:05:20] Normal request processed for: AutoClient3671
[18:05:20] Normal request processed for: AutoClient3676
[18:05:20] Normal request processed for: AutoClient3677
[18:05:20] Normal request processed for: AutoClient3678
[18:05:20] Normal request processed for: AutoClient3685
[18:05:20] Normal request processed for: AutoClient3683
[18:05:20] Normal request processed for: AutoClient3682
[18:05:20] Normal request processed for: AutoClient3688
[18:05:20] Normal request processed for: AutoClient3680
[18:05:20] Normal request processed for: AutoClient3679
[18:05:20] Normal request processed for: AutoClient3681
[18:05:20] Normal request processed for: AutoClient3684
[18:05:20] Normal request processed for: AutoClient3686
[18:05:20] Normal request processed for: AutoClient3687
[18:05:21] Normal request processed for: AutoClient3689
[18:05:21] Normal request processed for: AutoClient3694
[18:05:21] Normal request processed for: AutoClient3690
[18:05:21] Normal request processed for: AutoClient3695
[18:05:21] Normal request processed for: AutoClient3691
[18:05:21] Normal request processed for: AutoClient3693
[18:05:21] Normal request processed for: AutoClient3697
[18:05:21] Normal request processed for: AutoClient3696
[18:05:21] Normal request processed for: AutoClient3692
[18:05:21] Normal request processed for: AutoClient3698
[18:05:21] Normal request processed for: AutoClient3699
[18:05:21] Normal request processed for: AutoClient3702
[18:05:21] Normal request processed for: AutoClient3703
[18:05:21] Normal request processed for: AutoClient3701
[18:05:21] Normal request processed for: AutoClient3709
[18:05:21] Normal request processed for: AutoClient3704
[18:05:21] Normal request processed for: AutoClient3710
[18:05:21] Normal request processed for: AutoClient3705
[18:05:21] Normal request processed for: AutoClient3706
[18:05:21] Normal request processed for: AutoClient3707
[18:05:21] Normal request processed for: AutoClient3708
[18:05:21] Normal request processed for: AutoClient3712
[18:05:21] Normal request processed for: AutoClient3714
[18:05:21] Normal request processed for: AutoClient3711
[18:05:21] Normal request processed for: AutoClient3713
[18:05:21] Normal request processed for: AutoClient3715
[18:05:21] Normal request processed for: AutoClient3720
[18:05:21] Normal request processed for: AutoClient3718
[18:05:21] Normal request processed for: AutoClient3717
[18:05:21] Normal request processed for: AutoClient3716
[18:05:21] Normal request processed for: AutoClient3719
[18:05:21] Normal request processed for: AutoClient3731
[18:05:21] Normal request processed for: AutoClient3723
[18:05:21] Normal request processed for: AutoClient3726
[18:05:21] Normal request processed for: AutoClient3728
[18:05:21] Normal request processed for: AutoClient3721
[18:05:21] Normal request processed for: AutoClient3729
[18:05:21] Normal request processed for: AutoClient3724
[18:05:21] Normal request processed for: AutoClient3725
[18:05:21] Normal request processed for: AutoClient3722
[18:05:21] Normal request processed for: AutoClient3730
[18:05:21] Normal request processed for: AutoClient3727
[18:05:24] Priority request processed for: AutoPriority
[18:05:25] Normal request processed for: AutoClient3732
[18:05:25] Normal request processed for: AutoClient3739
[18:05:25] Normal request processed for: AutoClient3733
[18:05:25] Normal request processed for: AutoClient3741
[18:05:25] Normal request processed for: AutoClient3735
[18:05:25] Normal request processed for: AutoClient3742
[18:05:25] Normal request processed for: AutoClient3736
[18:05:25] Normal request processed for: AutoClient3738
[18:05:25] Normal request processed for: AutoClient3740
[18:05:25] Normal request processed for: AutoClient3734
[18:05:25] Normal request processed for: AutoClient3737
[18:05:25] Normal request processed for: AutoClient3743
[18:05:25] Normal request processed for: AutoClient3744
[18:05:25] Normal request processed for: AutoClient3745
[18:05:25] Normal request processed for: AutoClient3747
[18:05:25] Normal request processed for: AutoClient3752
[18:05:25] Normal request processed for: AutoClient3750
[18:05:25] Normal request processed for: AutoClient3753
[18:05:25] Normal request processed for: AutoClient3748
[18:05:25] Normal request processed for: AutoClient3749
[18:05:25] Normal request processed for: AutoClient3751
[18:05:25] Normal request processed for: AutoClient3746
[18:05:25] Normal request processed for: AutoClient3754
[18:05:25] Normal request processed for: AutoClient3755
[18:05:25] Normal request processed for: AutoClient3756
[18:05:25] Normal request processed for: AutoClient3758
[18:05:25] Normal request processed for: AutoClient3762
[18:05:25] Normal request processed for: AutoClient3764
[18:05:25] Normal request processed for: AutoClient3757
[18:05:25] Normal request processed for: AutoClient3760
[18:05:25] Normal request processed for: AutoClient3759
[18:05:25] Normal request processed for: AutoClient3761
[18:05:25] Normal request processed for: AutoClient3763
[18:05:25] Normal request processed for: AutoClient3765
[18:05:25] Normal request processed for: AutoClient3767
[18:05:25] Normal request processed for: AutoClient3766
[18:05:25] Normal request processed for: AutoClient3768
[18:05:25] Normal request processed for: AutoClient3772
[18:05:25] Normal request processed for: AutoClient3769
[18:05:25] Normal request processed for: AutoClient3770
[18:05:25] Normal request processed for: AutoClient3774
[18:05:25] Normal request processed for: AutoClient3771
[18:05:25] Normal request processed for: AutoClient3775
[18:05:25] Normal request processed for: AutoClient3773
[18:05:26] Normal request processed for: AutoClient3776
[18:05:26] Normal request processed for: AutoClient3777
[18:05:26] Normal request processed for: AutoClient3779
[18:05:26] Normal request processed for: AutoClient3780
[18:05:26] Normal request processed for: AutoClient3782
[18:05:26] Normal request processed for: AutoClient3781
[18:05:26] Normal request processed for: AutoClient3778
[18:05:26] Normal request processed for: AutoClient3785
[18:05:26] Normal request processed for: AutoClient3783
[18:05:26] Normal request processed for: AutoClient3784
[18:05:26] Normal request processed for: AutoClient3786
[18:05:26] Normal request processed for: AutoClient3787
[18:05:26] Normal request processed for: AutoClient3788
[18:05:26] Normal request processed for: AutoClient3790
[18:05:26] Normal request processed for: AutoClient3789
[18:05:26] Normal request processed for: AutoClient3791
[18:05:26] Normal request processed for: AutoClient3792
[18:05:26] Normal request processed for: AutoClient3793
[18:05:26] Normal request processed for: AutoClient3794
[18:05:26] Normal request processed for: AutoClient3795
[18:05:26] Normal request processed for: AutoClient3796
[18:05:26] Normal request processed for: AutoClient3797
[18:05:26] Normal request processed for: AutoClient3798
[18:05:26] Normal request processed for: AutoClient3799
[18:05:26] Normal request processed for: AutoClient3801
[18:05:26] Normal request processed for: AutoClient3802
[18:05:26] Normal request processed for: AutoClient3803
[18:05:26] Normal request processed for: AutoClient3804
[18:05:26] Normal request processed for: AutoClient3805
[18:05:26] Normal request processed for: AutoClient3806
[18:05:26] Normal request processed for: AutoClient3807
[18:05:26] Normal request processed for: AutoClient3808
[18:05:26] Normal request processed for: AutoClient3809
[18:05:26] Normal request processed for: AutoClient3811
[18:05:26] Normal request processed for: AutoClient3812
[18:05:26] Normal request processed for: AutoClient3810
[18:05:26] Normal request processed for: AutoClient3813
[18:05:26] Normal request processed for: AutoClient3814
[18:05:26] Normal request processed for: AutoClient3815
[18:05:26] Normal request processed for: AutoClient3816
[18:05:26] Normal request processed for: AutoClient3818
[18:05:26] Normal request processed for: AutoClient3817
[18:05:26] Normal request processed for: AutoClient3819
[18:05:26] Normal request processed for: AutoClient3820
[18:05:27] Normal request processed for: AutoClient3821
[18:05:27] Normal request processed for: AutoClient3822
[18:05:27] Normal request processed for: AutoClient3824
[18:05:27] Normal request processed for: AutoClient3823
[18:05:27] Normal request processed for: AutoClient3825
[18:05:27] Normal request processed for: AutoClient3827
[18:05:27] Normal request processed for: AutoClient3826
[18:05:27] Normal request processed for: AutoClient3828
[18:05:27] Normal request processed for: AutoClient3829
[18:05:27] Normal request processed for: AutoClient3831
[18:05:27] Normal request processed for: AutoClient3830
[18:05:27] Normal request processed for: AutoClient3832
[18:05:27] Normal request processed for: AutoClient3833
[18:05:27] Normal request processed for: AutoClient3834
[18:05:27] Normal request processed for: AutoClient3835
[18:05:27] Normal request processed for: AutoClient3837
[18:05:27] Normal request processed for: AutoClient3838
[18:05:27] Normal request processed for: AutoClient3836
[18:05:27] Normal request processed for: AutoClient3839
[18:05:27] Normal request processed for: AutoClient3840
[18:05:27] Normal request processed for: AutoClient3850
[18:05:27] Normal request processed for: AutoClient3845
[18:05:27] Normal request processed for: AutoClient3843
[18:05:27] Normal request processed for: AutoClient3841
[18:05:27] Normal request processed for: AutoClient3844
[18:05:27] Normal request processed for: AutoClient3847
[18:05:27] Normal request processed for: AutoClient3842
[18:05:27] Normal request processed for: AutoClient3846
[18:05:27] Normal request processed for: AutoClient3849
[18:05:27] Normal request processed for: AutoClient3848
[18:05:27] Normal request processed for: AutoClient3851
[18:05:30] Priority request processed for: AutoPriority
[18:05:31] Normal request processed for: AutoClient3853
[18:05:31] Normal request processed for: AutoClient3861
[18:05:31] Normal request processed for: AutoClient3860
[18:05:31] Normal request processed for: AutoClient3858
[18:05:31] Normal request processed for: AutoClient3854
[18:05:31] Normal request processed for: AutoClient3852
[18:05:31] Normal request processed for: AutoClient3859
[18:05:31] Normal request processed for: AutoClient3855
[18:05:31] Normal request processed for: AutoClient3857
[18:05:31] Normal request processed for: AutoClient3856
[18:05:31] Normal request processed for: AutoClient3862
[18:05:31] Normal request processed for: AutoClient3863
[18:05:31] Normal request processed for: AutoClient3864
[18:05:31] Normal request processed for: AutoClient3868
[18:05:31] Normal request processed for: AutoClient3870
[18:05:31] Normal request processed for: AutoClient3866
[18:05:31] Normal request processed for: AutoClient3865
[18:05:31] Normal request processed for: AutoClient3871
[18:05:31] Normal request processed for: AutoClient3872
[18:05:31] Normal request processed for: AutoClient3873
[18:05:31] Normal request processed for: AutoClient3867
[18:05:31] Normal request processed for: AutoClient3869
[18:05:31] Normal request processed for: AutoClient3874
[18:05:31] Normal request processed for: AutoClient3875
[18:05:31] Normal request processed for: AutoClient3879
[18:05:31] Normal request processed for: AutoClient3876
[18:05:31] Normal request processed for: AutoClient3881
[18:05:31] Normal request processed for: AutoClient3877
[18:05:31] Normal request processed for: AutoClient3884
[18:05:31] Normal request processed for: AutoClient3882
[18:05:31] Normal request processed for: AutoClient3880
[18:05:31] Normal request processed for: AutoClient3878
[18:05:31] Normal request processed for: AutoClient3883
[18:05:31] Normal request processed for: AutoClient3885
[18:05:31] Normal request processed for: AutoClient3886
[18:05:31] Normal request processed for: AutoClient3889
[18:05:31] Normal request processed for: AutoClient3887
[18:05:31] Normal request processed for: AutoClient3888
[18:05:31] Normal request processed for: AutoClient3892
[18:05:31] Normal request processed for: AutoClient3891
[18:05:31] Normal request processed for: AutoClient3895
[18:05:31] Normal request processed for: AutoClient3893
[18:05:31] Normal request processed for: AutoClient3890
[18:05:31] Normal request processed for: AutoClient3894
[18:05:32] Normal request processed for: AutoClient3896
[18:05:32] Normal request processed for: AutoClient3897
[18:05:32] Normal request processed for: AutoClient3898
[18:05:32] Normal request processed for: AutoClient3899
[18:05:32] Normal request processed for: AutoClient3901
[18:05:32] Normal request processed for: AutoClient3903
[18:05:32] Normal request processed for: AutoClient3906
[18:05:32] Normal request processed for: AutoClient3902
[18:05:32] Normal request processed for: AutoClient3904
[18:05:32] Normal request processed for: AutoClient3905
[18:05:32] Normal request processed for: AutoClient3907
[18:05:32] Normal request processed for: AutoClient3908
[18:05:32] Normal request processed for: AutoClient3909
[18:05:32] Normal request processed for: AutoClient3910
[18:05:32] Normal request processed for: AutoClient3912
[18:05:32] Normal request processed for: AutoClient3911
[18:05:32] Normal request processed for: AutoClient3913
[18:05:32] Normal request processed for: AutoClient3915
[18:05:32] Normal request processed for: AutoClient3916
[18:05:32] Normal request processed for: AutoClient3914
[18:05:32] Normal request processed for: AutoClient3917
[18:05:32] Normal request processed for: AutoClient3920
[18:05:32] Normal request processed for: AutoClient3923
[18:05:32] Normal request processed for: AutoClient3924
[18:05:32] Normal request processed for: AutoClient3925
[18:05:32] Normal request processed for: AutoClient3927
[18:05:32] Normal request processed for: AutoClient3926
[18:05:32] Normal request processed for: AutoClient3929
[18:05:32] Normal request processed for: AutoClient3919
[18:05:32] Normal request processed for: AutoClient3928
[18:05:32] Normal request processed for: AutoClient3930
[18:05:32] Normal request processed for: AutoClient3931
[18:05:32] Normal request processed for: AutoClient3932
[18:05:32] Normal request processed for: AutoClient3922
[18:05:32] Normal request processed for: AutoClient3933
[18:05:32] Normal request processed for: AutoClient3935
[18:05:32] Normal request processed for: AutoClient3934
[18:05:32] Normal request processed for: AutoClient3938
[18:05:32] Normal request processed for: AutoClient3936
[18:05:32] Normal request processed for: AutoClient3937
[18:05:32] Normal request processed for: AutoClient3939
[18:05:32] Normal request processed for: AutoClient3940
[18:05:32] Normal request processed for: AutoClient3941
[18:05:32] Normal request processed for: AutoClient3943
[18:05:33] Normal request processed for: AutoClient3942
[18:05:33] Normal request processed for: AutoClient3944
[18:05:33] Normal request processed for: AutoClient3945
[18:05:33] Normal request processed for: AutoClient3946
[18:05:33] Normal request processed for: AutoClient3947
[18:05:33] Normal request processed for: AutoClient3951
[18:05:33] Normal request processed for: AutoClient3949
[18:05:33] Normal request processed for: AutoClient3948
[18:05:33] Normal request processed for: AutoClient3950
[18:05:33] Normal request processed for: AutoClient3952
[18:05:33] Normal request processed for: AutoClient3953
[18:05:33] Normal request processed for: AutoClient3954
[18:05:33] Normal request processed for: AutoClient3955
[18:05:33] Normal request processed for: AutoClient3918
[18:05:33] Normal request processed for: AutoClient3956
[18:05:33] Normal request processed for: AutoClient3921
[18:05:33] Normal request processed for: AutoClient3957
[18:05:33] Normal request processed for: AutoClient3960
[18:05:33] Normal request processed for: AutoClient3958
[18:05:33] Normal request processed for: AutoClient3959
[18:05:33] Normal request processed for: AutoClient3965
[18:05:33] Normal request processed for: AutoClient3964
[18:05:33] Normal request processed for: AutoClient3963
[18:05:33] Normal request processed for: AutoClient3961
[18:05:33] Normal request processed for: AutoClient3962
[18:05:36] Priority request processed for: AutoPriority
[18:05:36] Normal request processed for: AutoClient3970
[18:05:36] Normal request processed for: AutoClient3972
[18:05:36] Normal request processed for: AutoClient3974
[18:05:36] Normal request processed for: AutoClient3966
[18:05:36] Normal request processed for: AutoClient3971
[18:05:36] Normal request processed for: AutoClient3968
[18:05:36] Normal request processed for: AutoClient3975
[18:05:36] Normal request processed for: AutoClient3969
[18:05:36] Normal request processed for: AutoClient3976
[18:05:36] Normal request processed for: AutoClient3967
[18:05:36] Normal request processed for: AutoClient3973
[18:05:36] Normal request processed for: AutoClient3977
[18:05:36] Normal request processed for: AutoClient3981
[18:05:36] Normal request processed for: AutoClient3984
[18:05:36] Normal request processed for: AutoClient3983
[18:05:36] Normal request processed for: AutoClient3978
[18:05:36] Normal request processed for: AutoClient3979
[18:05:36] Normal request processed for: AutoClient3987
[18:05:36] Normal request processed for: AutoClient3980
[18:05:36] Normal request processed for: AutoClient3985
[18:05:36] Normal request processed for: AutoClient3986
[18:05:36] Normal request processed for: AutoClient3982
[18:05:37] Normal request processed for: AutoClient3992
[18:05:37] Normal request processed for: AutoClient3997
[18:05:37] Normal request processed for: AutoClient3994
[18:05:37] Normal request processed for: AutoClient3990
[18:05:37] Normal request processed for: AutoClient3996
[18:05:37] Normal request processed for: AutoClient3991
[18:05:37] Normal request processed for: AutoClient3993
[18:05:37] Normal request processed for: AutoClient3995
[18:05:37] Normal request processed for: AutoClient3998
[18:05:37] Normal request processed for: AutoClient3988
[18:05:37] Normal request processed for: AutoClient3989
[18:05:37] Normal request processed for: AutoClient4008
[18:05:37] Normal request processed for: AutoClient3999
[18:05:37] Normal request processed for: AutoClient4009
[18:05:37] Normal request processed for: AutoClient4005
[18:05:37] Normal request processed for: AutoClient4001
[18:05:37] Normal request processed for: AutoClient4002
[18:05:37] Normal request processed for: AutoClient4004
[18:05:37] Normal request processed for: AutoClient4006
[18:05:37] Normal request processed for: AutoClient4003
[18:05:37] Normal request processed for: AutoClient4007
[18:05:37] Normal request processed for: AutoClient4010
[18:05:37] Normal request processed for: AutoClient4014
[18:05:37] Normal request processed for: AutoClient4012
[18:05:37] Normal request processed for: AutoClient4017
[18:05:37] Normal request processed for: AutoClient4016
[18:05:37] Normal request processed for: AutoClient4011
[18:05:37] Normal request processed for: AutoClient4020
[18:05:37] Normal request processed for: AutoClient4015
[18:05:37] Normal request processed for: AutoClient4013
[18:05:37] Normal request processed for: AutoClient4018
[18:05:37] Normal request processed for: AutoClient4019
[18:05:37] Normal request processed for: AutoClient4021
[18:05:37] Normal request processed for: AutoClient4025
[18:05:37] Normal request processed for: AutoClient4023
[18:05:37] Normal request processed for: AutoClient4024
[18:05:37] Normal request processed for: AutoClient4022
[18:05:37] Normal request processed for: AutoClient4028
[18:05:37] Normal request processed for: AutoClient4026
[18:05:37] Normal request processed for: AutoClient4027
[18:05:37] Normal request processed for: AutoClient4030
[18:05:37] Normal request processed for: AutoClient4029
[18:05:37] Normal request processed for: AutoClient4032
[18:05:37] Normal request processed for: AutoClient4031
[18:05:38] Normal request processed for: AutoClient4033
[18:05:38] Normal request processed for: AutoClient4034
[18:05:38] Normal request processed for: AutoClient4035
[18:05:38] Normal request processed for: AutoClient4037
[18:05:38] Normal request processed for: AutoClient4036
[18:05:38] Normal request processed for: AutoClient4038
[18:05:38] Normal request processed for: AutoClient4043
[18:05:38] Normal request processed for: AutoClient4039
[18:05:38] Normal request processed for: AutoClient4042
[18:05:38] Normal request processed for: AutoClient4041
[18:05:38] Normal request processed for: AutoClient4040
[18:05:38] Normal request processed for: AutoClient4044
[18:05:38] Normal request processed for: AutoClient4046
[18:05:38] Normal request processed for: AutoClient4047
[18:05:38] Normal request processed for: AutoClient4049
[18:05:38] Normal request processed for: AutoClient4045
[18:05:38] Normal request processed for: AutoClient4050
[18:05:38] Normal request processed for: AutoClient4048
[18:05:38] Normal request processed for: AutoClient4052
[18:05:38] Normal request processed for: AutoClient4051
[18:05:38] Normal request processed for: AutoClient4053
[18:05:38] Normal request processed for: AutoClient4054
[18:05:38] Normal request processed for: AutoClient4055
[18:05:38] Normal request processed for: AutoClient4056
[18:05:38] Normal request processed for: AutoClient4057
[18:05:38] Normal request processed for: AutoClient4060
[18:05:38] Normal request processed for: AutoClient4058
[18:05:38] Normal request processed for: AutoClient4062
[18:05:38] Normal request processed for: AutoClient4059
[18:05:38] Normal request processed for: AutoClient4061
[18:05:38] Normal request processed for: AutoClient4065
[18:05:38] Normal request processed for: AutoClient4063
[18:05:38] Normal request processed for: AutoClient4064
[18:05:38] Normal request processed for: AutoClient4070
[18:05:38] Normal request processed for: AutoClient4074
[18:05:38] Normal request processed for: AutoClient4066
[18:05:38] Normal request processed for: AutoClient4068
[18:05:38] Normal request processed for: AutoClient4069
[18:05:38] Normal request processed for: AutoClient4067
[18:05:38] Normal request processed for: AutoClient4072
[18:05:38] Normal request processed for: AutoClient4071
[18:05:38] Normal request processed for: AutoClient4073
[18:05:38] Normal request processed for: AutoClient4075
[18:05:38] Normal request processed for: AutoClient4076
[18:05:39] Normal request processed for: AutoClient4078
[18:05:39] Normal request processed for: AutoClient4077
[18:05:39] Normal request processed for: AutoClient4080
[18:05:39] Normal request processed for: AutoClient4079
[18:05:39] Normal request processed for: AutoClient4083
[18:05:39] Normal request processed for: AutoClient4090
[18:05:39] Normal request processed for: AutoClient4087
[18:05:39] Normal request processed for: AutoClient4081
[18:05:39] Normal request processed for: AutoClient4095
[18:05:39] Normal request processed for: AutoClient4085
[18:05:39] Normal request processed for: AutoClient4089
[18:05:39] Normal request processed for: AutoClient4086
[18:05:39] Normal request processed for: AutoClient4082
[18:05:39] Normal request processed for: AutoClient4088
[18:05:39] Normal request processed for: AutoClient4084
[18:05:42] Priority request processed for: AutoPriority
[18:05:42] Normal request processed for: AutoClient4092
[18:05:42] Normal request processed for: AutoClient4098
[18:05:42] Normal request processed for: AutoClient4096
[18:05:42] Normal request processed for: AutoClient4099
[18:05:42] Normal request processed for: AutoClient4094
[18:05:42] Normal request processed for: AutoClient4093
[18:05:42] Normal request processed for: AutoClient4103
[18:05:42] Normal request processed for: AutoClient4097
[18:05:42] Normal request processed for: AutoClient4091
[18:05:42] Normal request processed for: AutoClient4101
[18:05:42] Normal request processed for: AutoClient4102
[18:05:45] Priority request processed for: AutoPriority
[18:05:45] Normal request processed for: AutoClient4110
[18:05:45] Normal request processed for: AutoClient4113
[18:05:45] Normal request processed for: AutoClient4105
[18:05:45] Normal request processed for: AutoClient4112
[18:05:45] Normal request processed for: AutoClient4111
[18:05:45] Normal request processed for: AutoClient4106
[18:05:45] Normal request processed for: AutoClient4107
[18:05:45] Normal request processed for: AutoClient4104
[18:05:45] Normal request processed for: AutoClient4109
[18:05:45] Normal request processed for: AutoClient4108
[18:05:45] Normal request processed for: AutoClient4114
[18:05:46] Normal request processed for: AutoClient4115
[18:05:46] Normal request processed for: AutoClient4119
[18:05:46] Normal request processed for: AutoClient4117
[18:05:46] Normal request processed for: AutoClient4116
[18:05:46] Normal request processed for: AutoClient4122
[18:05:46] Normal request processed for: AutoClient4121
[18:05:46] Normal request processed for: AutoClient4118
[18:05:46] Normal request processed for: AutoClient4120
[18:05:46] Normal request processed for: AutoClient4124
[18:05:46] Normal request processed for: AutoClient4125
[18:05:46] Normal request processed for: AutoClient4123
[18:05:46] Normal request processed for: AutoClient4129
[18:05:46] Normal request processed for: AutoClient4127
[18:05:46] Normal request processed for: AutoClient4132
[18:05:46] Normal request processed for: AutoClient4126
[18:05:46] Normal request processed for: AutoClient4131
[18:05:46] Normal request processed for: AutoClient4134
[18:05:46] Normal request processed for: AutoClient4128
[18:05:46] Normal request processed for: AutoClient4130
[18:05:46] Normal request processed for: AutoClient4133
[18:05:46] Normal request processed for: AutoClient4136
[18:05:46] Normal request processed for: AutoClient4135
[18:05:46] Normal request processed for: AutoClient4142
[18:05:46] Normal request processed for: AutoClient4137
[18:05:46] Normal request processed for: AutoClient4144
[18:05:46] Normal request processed for: AutoClient4141
[18:05:46] Normal request processed for: AutoClient4143
[18:05:46] Normal request processed for: AutoClient4138
[18:05:46] Normal request processed for: AutoClient4140
[18:05:46] Normal request processed for: AutoClient4146
[18:05:46] Normal request processed for: AutoClient4139
[18:05:46] Normal request processed for: AutoClient4147
[18:05:46] Normal request processed for: AutoClient4145
[18:05:47] Normal request processed for: AutoClient4155
[18:05:47] Normal request processed for: AutoClient4148
[18:05:47] Normal request processed for: AutoClient4150
[18:05:47] Normal request processed for: AutoClient4153
[18:05:47] Normal request processed for: AutoClient4156
[18:05:47] Normal request processed for: AutoClient4154
[18:05:47] Normal request processed for: AutoClient4149
[18:05:47] Normal request processed for: AutoClient4152
[18:05:47] Normal request processed for: AutoClient4158
[18:05:47] Normal request processed for: AutoClient4151
[18:05:47] Normal request processed for: AutoClient4157
[18:05:47] Normal request processed for: AutoClient4160
[18:05:47] Normal request processed for: AutoClient4159
[18:05:47] Normal request processed for: AutoClient4161
[18:05:47] Normal request processed for: AutoClient4164
[18:05:47] Normal request processed for: AutoClient4162
[18:05:47] Normal request processed for: AutoClient4166
[18:05:47] Normal request processed for: AutoClient4163
[18:05:47] Normal request processed for: AutoClient4165
[18:05:47] Normal request processed for: AutoClient4167
[18:05:47] Normal request processed for: AutoClient4168
[18:05:47] Normal request processed for: AutoClient4169
[18:05:47] Normal request processed for: AutoClient4173
[18:05:47] Normal request processed for: AutoClient4171
[18:05:47] Normal request processed for: AutoClient4172
[18:05:47] Normal request processed for: AutoClient4178
[18:05:47] Normal request processed for: AutoClient4174
[18:05:47] Normal request processed for: AutoClient4170
[18:05:47] Normal request processed for: AutoClient4177
[18:05:47] Normal request processed for: AutoClient4175
[18:05:47] Normal request processed for: AutoClient4179
[18:05:47] Normal request processed for: AutoClient4180
[18:05:47] Normal request processed for: AutoClient4176
[18:05:47] Normal request processed for: AutoClient4181
[18:05:47] Normal request processed for: AutoClient4182
[18:05:47] Normal request processed for: AutoClient4187
[18:05:47] Normal request processed for: AutoClient4184
[18:05:47] Normal request processed for: AutoClient4183
[18:05:47] Normal request processed for: AutoClient4189
[18:05:47] Normal request processed for: AutoClient4186
[18:05:47] Normal request processed for: AutoClient4188
[18:05:47] Normal request processed for: AutoClient4185
[18:05:47] Normal request processed for: AutoClient4190
[18:05:47] Normal request processed for: AutoClient4192
[18:05:48] Normal request processed for: AutoClient4191
[18:05:48] Normal request processed for: AutoClient4195
[18:05:48] Normal request processed for: AutoClient4193
[18:05:48] Normal request processed for: AutoClient4194
[18:05:48] Normal request processed for: AutoClient4197
[18:05:48] Normal request processed for: AutoClient4198
[18:05:48] Normal request processed for: AutoClient4199
[18:05:48] Normal request processed for: AutoClient4196
[18:05:48] Normal request processed for: AutoClient4205
[18:05:48] Normal request processed for: AutoClient4211
[18:05:48] Normal request processed for: AutoClient4203
[18:05:48] Normal request processed for: AutoClient4202
[18:05:48] Normal request processed for: AutoClient4207
[18:05:48] Normal request processed for: AutoClient4204
[18:05:48] Normal request processed for: AutoClient4206
[18:05:48] Normal request processed for: AutoClient4209
[18:05:48] Normal request processed for: AutoClient4208
[18:05:48] Normal request processed for: AutoClient4201
[18:05:48] Normal request processed for: AutoClient4210
[18:05:51] Priority request processed for: AutoPriority
[18:05:51] Normal request processed for: AutoClient4218
[18:05:51] Normal request processed for: AutoClient4215
[18:05:51] Normal request processed for: AutoClient4219
[18:05:51] Normal request processed for: AutoClient4213
[18:05:51] Normal request processed for: AutoClient4221
[18:05:51] Normal request processed for: AutoClient4217
[18:05:51] Normal request processed for: AutoClient4220
[18:05:51] Normal request processed for: AutoClient4214
[18:05:51] Normal request processed for: AutoClient4216
[18:05:51] Normal request processed for: AutoClient4212
[18:05:51] Normal request processed for: AutoClient4222
[18:05:51] Normal request processed for: AutoClient4224
[18:05:51] Normal request processed for: AutoClient4227
[18:05:51] Normal request processed for: AutoClient4225
[18:05:51] Normal request processed for: AutoClient4223
[18:05:51] Normal request processed for: AutoClient4230
[18:05:51] Normal request processed for: AutoClient4231
[18:05:51] Normal request processed for: AutoClient4226
[18:05:51] Normal request processed for: AutoClient4228
[18:05:51] Normal request processed for: AutoClient4232
[18:05:51] Normal request processed for: AutoClient4229
[18:05:51] Normal request processed for: AutoClient4233
[18:05:52] Normal request processed for: AutoClient4234
[18:05:52] Normal request processed for: AutoClient4237
[18:05:52] Normal request processed for: AutoClient4236
[18:05:52] Normal request processed for: AutoClient4235
[18:05:52] Normal request processed for: AutoClient4238
[18:05:52] Normal request processed for: AutoClient4243
[18:05:52] Normal request processed for: AutoClient4240
[18:05:52] Normal request processed for: AutoClient4239
[18:05:52] Normal request processed for: AutoClient4244
[18:05:52] Normal request processed for: AutoClient4241
[18:05:52] Normal request processed for: AutoClient4242
[18:05:52] Normal request processed for: AutoClient4245
[18:05:52] Normal request processed for: AutoClient4247
[18:05:52] Normal request processed for: AutoClient4248
[18:05:52] Normal request processed for: AutoClient4246
[18:05:52] Normal request processed for: AutoClient4249
[18:05:52] Normal request processed for: AutoClient4254
[18:05:52] Normal request processed for: AutoClient4252
[18:05:52] Normal request processed for: AutoClient4251
[18:05:52] Normal request processed for: AutoClient4253
[18:05:52] Normal request processed for: AutoClient4250
[18:05:52] Normal request processed for: AutoClient4255
[18:05:52] Normal request processed for: AutoClient4256
[18:05:52] Normal request processed for: AutoClient4258
[18:05:52] Normal request processed for: AutoClient4257
[18:05:52] Normal request processed for: AutoClient4259
[18:05:52] Normal request processed for: AutoClient4261
[18:05:52] Normal request processed for: AutoClient4260
[18:05:52] Normal request processed for: AutoClient4262
[18:05:52] Normal request processed for: AutoClient4263
[18:05:52] Normal request processed for: AutoClient4264
[18:05:52] Normal request processed for: AutoClient4265
[18:05:52] Normal request processed for: AutoClient4266
[18:05:52] Normal request processed for: AutoClient4267
[18:05:52] Normal request processed for: AutoClient4271
[18:05:52] Normal request processed for: AutoClient4268
[18:05:52] Normal request processed for: AutoClient4269
[18:05:52] Normal request processed for: AutoClient4270
[18:05:52] Normal request processed for: AutoClient4272
[18:05:52] Normal request processed for: AutoClient4273
[18:05:52] Normal request processed for: AutoClient4274
[18:05:52] Normal request processed for: AutoClient4276
[18:05:52] Normal request processed for: AutoClient4275
[18:05:52] Normal request processed for: AutoClient4277
[18:05:53] Normal request processed for: AutoClient4278
[18:05:53] Normal request processed for: AutoClient4280
[18:05:53] Normal request processed for: AutoClient4279
[18:05:53] Normal request processed for: AutoClient4281
[18:05:53] Normal request processed for: AutoClient4282
[18:05:53] Normal request processed for: AutoClient4284
[18:05:53] Normal request processed for: AutoClient4285
[18:05:53] Normal request processed for: AutoClient4283
[18:05:53] Normal request processed for: AutoClient4287
[18:05:53] Normal request processed for: AutoClient4286
[18:05:53] Normal request processed for: AutoClient4288
[18:05:53] Normal request processed for: AutoClient4289
[18:05:53] Normal request processed for: AutoClient4291
[18:05:53] Normal request processed for: AutoClient4290
[18:05:53] Normal request processed for: AutoClient4293
[18:05:53] Normal request processed for: AutoClient4295
[18:05:53] Normal request processed for: AutoClient4296
[18:05:53] Normal request processed for: AutoClient4292
[18:05:53] Normal request processed for: AutoClient4297
[18:05:53] Normal request processed for: AutoClient4294
[18:05:53] Normal request processed for: AutoClient4298
[18:05:53] Normal request processed for: AutoClient4299
[18:05:53] Normal request processed for: AutoClient4301
[18:05:53] Normal request processed for: AutoClient4302
[18:05:53] Normal request processed for: AutoClient4303
[18:05:53] Normal request processed for: AutoClient4306
[18:05:53] Normal request processed for: AutoClient4308
[18:05:53] Normal request processed for: AutoClient4305
[18:05:53] Normal request processed for: AutoClient4304
[18:05:53] Normal request processed for: AutoClient4307
[18:05:53] Normal request processed for: AutoClient4309
[18:05:53] Normal request processed for: AutoClient4310
[18:05:53] Normal request processed for: AutoClient4311
[18:05:53] Normal request processed for: AutoClient4314
[18:05:53] Normal request processed for: AutoClient4312
[18:05:53] Normal request processed for: AutoClient4315
[18:05:53] Normal request processed for: AutoClient4313
[18:05:53] Normal request processed for: AutoClient4320
[18:05:53] Normal request processed for: AutoClient4318
[18:05:53] Normal request processed for: AutoClient4316
[18:05:53] Normal request processed for: AutoClient4319
[18:05:53] Normal request processed for: AutoClient4317
[18:05:54] Normal request processed for: AutoClient4332
[18:05:54] Normal request processed for: AutoClient4329
[18:05:54] Normal request processed for: AutoClient4328
[18:05:54] Normal request processed for: AutoClient4321
[18:05:54] Normal request processed for: AutoClient4327
[18:05:54] Normal request processed for: AutoClient4322
[18:05:54] Normal request processed for: AutoClient4331
[18:05:54] Normal request processed for: AutoClient4324
[18:05:54] Normal request processed for: AutoClient4326
[18:05:54] Normal request processed for: AutoClient4323
[18:05:54] Normal request processed for: AutoClient4325
[18:05:57] Priority request processed for: AutoPriority
[18:05:57] Normal request processed for: AutoClient4341
[18:05:57] Normal request processed for: AutoClient4337
[18:05:57] Normal request processed for: AutoClient4334
[18:05:57] Normal request processed for: AutoClient4335
[18:05:57] Normal request processed for: AutoClient4336
[18:05:57] Normal request processed for: AutoClient4340
[18:05:57] Normal request processed for: AutoClient4338
[18:05:57] Normal request processed for: AutoClient4333
[18:05:57] Normal request processed for: AutoClient4330
[18:05:57] Normal request processed for: AutoClient4343
[18:05:57] Normal request processed for: AutoClient4339
[18:05:57] Normal request processed for: AutoClient4342
[18:05:57] Normal request processed for: AutoClient4344
[18:05:57] Normal request processed for: AutoClient4346
[18:05:57] Normal request processed for: AutoClient4347
[18:05:57] Normal request processed for: AutoClient4345
[18:05:57] Normal request processed for: AutoClient4353
[18:05:57] Normal request processed for: AutoClient4349
[18:05:57] Normal request processed for: AutoClient4351
[18:05:57] Normal request processed for: AutoClient4348
[18:05:57] Normal request processed for: AutoClient4350
[18:05:57] Normal request processed for: AutoClient4352
[18:05:57] Normal request processed for: AutoClient4354
[18:05:57] Normal request processed for: AutoClient4356
[18:05:57] Normal request processed for: AutoClient4355
[18:05:57] Normal request processed for: AutoClient4364
[18:05:57] Normal request processed for: AutoClient4360
[18:05:57] Normal request processed for: AutoClient4362
[18:05:57] Normal request processed for: AutoClient4359
[18:05:57] Normal request processed for: AutoClient4357
[18:05:57] Normal request processed for: AutoClient4358
[18:05:57] Normal request processed for: AutoClient4361
[18:05:57] Normal request processed for: AutoClient4363
[18:05:58] Normal request processed for: AutoClient4366
[18:05:58] Normal request processed for: AutoClient4367
[18:05:58] Normal request processed for: AutoClient4365
[18:05:58] Normal request processed for: AutoClient4368
[18:05:58] Normal request processed for: AutoClient4369
[18:05:58] Normal request processed for: AutoClient4370
[18:05:58] Normal request processed for: AutoClient4375
[18:05:58] Normal request processed for: AutoClient4373
[18:05:58] Normal request processed for: AutoClient4371
[18:05:58] Normal request processed for: AutoClient4374
[18:05:58] Normal request processed for: AutoClient4372
[18:05:58] Normal request processed for: AutoClient4377
[18:05:58] Normal request processed for: AutoClient4376
[18:05:58] Normal request processed for: AutoClient4379
[18:05:58] Normal request processed for: AutoClient4382
[18:05:58] Normal request processed for: AutoClient4378
[18:05:58] Normal request processed for: AutoClient4384
[18:05:58] Normal request processed for: AutoClient4380
[18:05:58] Normal request processed for: AutoClient4381
[18:05:58] Normal request processed for: AutoClient4385
[18:05:58] Normal request processed for: AutoClient4386
[18:05:58] Normal request processed for: AutoClient4383
[18:05:58] Normal request processed for: AutoClient4390
[18:05:58] Normal request processed for: AutoClient4388
[18:05:58] Normal request processed for: AutoClient4391
[18:05:58] Normal request processed for: AutoClient4389
[18:05:58] Normal request processed for: AutoClient4393
[18:05:58] Normal request processed for: AutoClient4392
[18:05:58] Normal request processed for: AutoClient4387
[18:05:58] Normal request processed for: AutoClient4394
[18:05:58] Normal request processed for: AutoClient4395
[18:05:58] Normal request processed for: AutoClient4396
[18:05:58] Normal request processed for: AutoClient4397
[18:05:58] Normal request processed for: AutoClient4398
[18:05:58] Normal request processed for: AutoClient4399
[18:05:58] Normal request processed for: AutoClient4405
[18:05:58] Normal request processed for: AutoClient4402
[18:05:58] Normal request processed for: AutoClient4401
[18:05:58] Normal request processed for: AutoClient4406
[18:05:58] Normal request processed for: AutoClient4404
[18:05:58] Normal request processed for: AutoClient4403
[18:05:58] Normal request processed for: AutoClient4407
[18:05:58] Normal request processed for: AutoClient4408
[18:05:58] Normal request processed for: AutoClient4409
[18:05:59] Normal request processed for: AutoClient4414
[18:05:59] Normal request processed for: AutoClient4417
[18:05:59] Normal request processed for: AutoClient4410
[18:05:59] Normal request processed for: AutoClient4413
[18:05:59] Normal request processed for: AutoClient4411
[18:05:59] Normal request processed for: AutoClient4416
[18:05:59] Normal request processed for: AutoClient4418
[18:05:59] Normal request processed for: AutoClient4412
[18:05:59] Normal request processed for: AutoClient4419
[18:05:59] Normal request processed for: AutoClient4420
[18:05:59] Normal request processed for: AutoClient4421
[18:05:59] Normal request processed for: AutoClient4422
[18:05:59] Normal request processed for: AutoClient4415
[18:05:59] Normal request processed for: AutoClient4424
[18:05:59] Normal request processed for: AutoClient4423
[18:05:59] Normal request processed for: AutoClient4425
[18:05:59] Normal request processed for: AutoClient4427
[18:05:59] Normal request processed for: AutoClient4426
[18:05:59] Normal request processed for: AutoClient4428
[18:05:59] Normal request processed for: AutoClient4429
[18:05:59] Normal request processed for: AutoClient4431
[18:05:59] Normal request processed for: AutoClient4430
[18:05:59] Normal request processed for: AutoClient4435
[18:05:59] Normal request processed for: AutoClient4432
[18:05:59] Normal request processed for: AutoClient4433
[18:05:59] Normal request processed for: AutoClient4434
[18:05:59] Normal request processed for: AutoClient4436
[18:05:59] Normal request processed for: AutoClient4438
[18:05:59] Normal request processed for: AutoClient4437
[18:05:59] Normal request processed for: AutoClient4439
[18:05:59] Normal request processed for: AutoClient4440
[18:06:00] Normal request processed for: AutoClient4442
[18:06:00] Normal request processed for: AutoClient4448
[18:06:00] Normal request processed for: AutoClient4444
[18:06:00] Normal request processed for: AutoClient4450
[18:06:00] Normal request processed for: AutoClient4443
[18:06:00] Normal request processed for: AutoClient4447
[18:06:00] Normal request processed for: AutoClient4441
[18:06:00] Normal request processed for: AutoClient4451
[18:06:00] Normal request processed for: AutoClient4449
[18:06:00] Normal request processed for: AutoClient4445
[18:06:00] Normal request processed for: AutoClient4446
[18:06:03] Priority request processed for: AutoPriority
[18:06:03] Normal request processed for: AutoClient4454
[18:06:03] Normal request processed for: AutoClient4455
[18:06:03] Normal request processed for: AutoClient4458
[18:06:03] Normal request processed for: AutoClient4461
[18:06:03] Normal request processed for: AutoClient4459
[18:06:03] Normal request processed for: AutoClient4456
[18:06:03] Normal request processed for: AutoClient4460
[18:06:03] Normal request processed for: AutoClient4457
[18:06:03] Normal request processed for: AutoClient4452
[18:06:03] Normal request processed for: AutoClient4462
[18:06:03] Normal request processed for: AutoClient4453
[18:06:03] Normal request processed for: AutoClient4464
[18:06:03] Normal request processed for: AutoClient4467
[18:06:03] Normal request processed for: AutoClient4470
[18:06:03] Normal request processed for: AutoClient4472
[18:06:03] Normal request processed for: AutoClient4468
[18:06:03] Normal request processed for: AutoClient4466
[18:06:03] Normal request processed for: AutoClient4469
[18:06:03] Normal request processed for: AutoClient4471
[18:06:03] Normal request processed for: AutoClient4473
[18:06:03] Normal request processed for: AutoClient4463
[18:06:03] Normal request processed for: AutoClient4465
[18:06:03] Normal request processed for: AutoClient4475
[18:06:03] Normal request processed for: AutoClient4474
[18:06:03] Normal request processed for: AutoClient4478
[18:06:03] Normal request processed for: AutoClient4479
[18:06:03] Normal request processed for: AutoClient4482
[18:06:03] Normal request processed for: AutoClient4477
[18:06:03] Normal request processed for: AutoClient4476
[18:06:03] Normal request processed for: AutoClient4480
[18:06:03] Normal request processed for: AutoClient4481
[18:06:03] Normal request processed for: AutoClient4483
[18:06:03] Normal request processed for: AutoClient4484
[18:06:04] Normal request processed for: AutoClient4488
[18:06:04] Normal request processed for: AutoClient4489
[18:06:04] Normal request processed for: AutoClient4485
[18:06:04] Normal request processed for: AutoClient4486
[18:06:04] Normal request processed for: AutoClient4487
[18:06:04] Normal request processed for: AutoClient4491
[18:06:04] Normal request processed for: AutoClient4490
[18:06:04] Normal request processed for: AutoClient4494
[18:06:04] Normal request processed for: AutoClient4495
[18:06:04] Normal request processed for: AutoClient4493
[18:06:04] Normal request processed for: AutoClient4492
[18:06:04] Normal request processed for: AutoClient4496
[18:06:04] Normal request processed for: AutoClient4497
[18:06:04] Normal request processed for: AutoClient4503
[18:06:04] Normal request processed for: AutoClient4501
[18:06:04] Normal request processed for: AutoClient4498
[18:06:04] Normal request processed for: AutoClient4504
[18:06:04] Normal request processed for: AutoClient4499
[18:06:04] Normal request processed for: AutoClient4502
[18:06:04] Normal request processed for: AutoClient4506
[18:06:04] Normal request processed for: AutoClient4508
[18:06:04] Normal request processed for: AutoClient4505
[18:06:04] Normal request processed for: AutoClient4507
[18:06:04] Normal request processed for: AutoClient4509
[18:06:04] Normal request processed for: AutoClient4511
[18:06:04] Normal request processed for: AutoClient4513
[18:06:04] Normal request processed for: AutoClient4510
[18:06:04] Normal request processed for: AutoClient4515
[18:06:04] Normal request processed for: AutoClient4512
[18:06:04] Normal request processed for: AutoClient4516
[18:06:04] Normal request processed for: AutoClient4514
[18:06:04] Normal request processed for: AutoClient4518
[18:06:04] Normal request processed for: AutoClient4517
[18:06:04] Normal request processed for: AutoClient4519
[18:06:04] Normal request processed for: AutoClient4520
[18:06:04] Normal request processed for: AutoClient4522
[18:06:04] Normal request processed for: AutoClient4524
[18:06:04] Normal request processed for: AutoClient4523
[18:06:04] Normal request processed for: AutoClient4521
[18:06:04] Normal request processed for: AutoClient4526
[18:06:04] Normal request processed for: AutoClient4525
[18:06:04] Normal request processed for: AutoClient4529
[18:06:04] Normal request processed for: AutoClient4527
[18:06:04] Normal request processed for: AutoClient4528
[18:06:05] Normal request processed for: AutoClient4530
[18:06:05] Normal request processed for: AutoClient4532
[18:06:05] Normal request processed for: AutoClient4531
[18:06:05] Normal request processed for: AutoClient4535
[18:06:05] Normal request processed for: AutoClient4533
[18:06:05] Normal request processed for: AutoClient4536
[18:06:05] Normal request processed for: AutoClient4538
[18:06:05] Normal request processed for: AutoClient4537
[18:06:05] Normal request processed for: AutoClient4540
[18:06:05] Normal request processed for: AutoClient4539
[18:06:05] Normal request processed for: AutoClient4541
[18:06:05] Normal request processed for: AutoClient4542
[18:06:05] Normal request processed for: AutoClient4543
[18:06:05] Normal request processed for: AutoClient4547
[18:06:05] Normal request processed for: AutoClient4545
[18:06:05] Normal request processed for: AutoClient4544
[18:06:05] Normal request processed for: AutoClient4549
[18:06:05] Normal request processed for: AutoClient4546
[18:06:05] Normal request processed for: AutoClient4534
[18:06:05] Normal request processed for: AutoClient4548
[18:06:05] Normal request processed for: AutoClient4550
[18:06:05] Normal request processed for: AutoClient4552
[18:06:05] Normal request processed for: AutoClient4551
[18:06:05] Normal request processed for: AutoClient4556
[18:06:05] Normal request processed for: AutoClient4553
[18:06:05] Normal request processed for: AutoClient4555
[18:06:05] Normal request processed for: AutoClient4554
[18:06:05] Normal request processed for: AutoClient4559
[18:06:05] Normal request processed for: AutoClient4560
[18:06:05] Normal request processed for: AutoClient4557
[18:06:05] Normal request processed for: AutoClient4558
[18:06:05] Normal request processed for: AutoClient4565
[18:06:05] Normal request processed for: AutoClient4561
[18:06:05] Normal request processed for: AutoClient4566
[18:06:05] Normal request processed for: AutoClient4564
[18:06:05] Normal request processed for: AutoClient4563
[18:06:05] Normal request processed for: AutoClient4567
[18:06:05] Normal request processed for: AutoClient4571
[18:06:05] Normal request processed for: AutoClient4562
[18:06:05] Normal request processed for: AutoClient4570
[18:06:05] Normal request processed for: AutoClient4569
[18:06:05] Normal request processed for: AutoClient4568
[18:06:08] Priority request processed for: AutoPriority
[18:06:09] Normal request processed for: AutoClient4578
[18:06:09] Normal request processed for: AutoClient4582
[18:06:09] Normal request processed for: AutoClient4581
[18:06:09] Normal request processed for: AutoClient4576
[18:06:09] Normal request processed for: AutoClient4573
[18:06:09] Normal request processed for: AutoClient4572
[18:06:09] Normal request processed for: AutoClient4574
[18:06:09] Normal request processed for: AutoClient4579
[18:06:09] Normal request processed for: AutoClient4580
[18:06:09] Normal request processed for: AutoClient4577
[18:06:09] Normal request processed for: AutoClient4575
[18:06:09] Normal request processed for: AutoClient4586
[18:06:09] Normal request processed for: AutoClient4587
[18:06:09] Normal request processed for: AutoClient4585
[18:06:09] Normal request processed for: AutoClient4583
[18:06:09] Normal request processed for: AutoClient4593
[18:06:09] Normal request processed for: AutoClient4584
[18:06:09] Normal request processed for: AutoClient4589
[18:06:09] Normal request processed for: AutoClient4591
[18:06:09] Normal request processed for: AutoClient4590
[18:06:09] Normal request processed for: AutoClient4588
[18:06:09] Normal request processed for: AutoClient4592
[18:06:09] Normal request processed for: AutoClient4595
[18:06:09] Normal request processed for: AutoClient4597
[18:06:09] Normal request processed for: AutoClient4596
[18:06:09] Normal request processed for: AutoClient4598
[18:06:09] Normal request processed for: AutoClient4594
[18:06:09] Normal request processed for: AutoClient4601
[18:06:09] Normal request processed for: AutoClient4599
[18:06:09] Normal request processed for: AutoClient4602
[18:06:09] Normal request processed for: AutoClient4604
[18:06:09] Normal request processed for: AutoClient4603
[18:06:09] Normal request processed for: AutoClient4606
[18:06:09] Normal request processed for: AutoClient4608
[18:06:09] Normal request processed for: AutoClient4607
[18:06:09] Normal request processed for: AutoClient4605
[18:06:09] Normal request processed for: AutoClient4611
[18:06:09] Normal request processed for: AutoClient4609
[18:06:09] Normal request processed for: AutoClient4610
[18:06:09] Normal request processed for: AutoClient4613
[18:06:09] Normal request processed for: AutoClient4614
[18:06:09] Normal request processed for: AutoClient4612
[18:06:09] Normal request processed for: AutoClient4616
[18:06:09] Normal request processed for: AutoClient4615
[18:06:10] Normal request processed for: AutoClient4618
[18:06:10] Normal request processed for: AutoClient4619
[18:06:10] Normal request processed for: AutoClient4617
[18:06:10] Normal request processed for: AutoClient4623
[18:06:10] Normal request processed for: AutoClient4620
[18:06:10] Normal request processed for: AutoClient4624
[18:06:10] Normal request processed for: AutoClient4626
[18:06:10] Normal request processed for: AutoClient4622
[18:06:10] Normal request processed for: AutoClient4621
[18:06:10] Normal request processed for: AutoClient4625
[18:06:10] Normal request processed for: AutoClient4627
[18:06:10] Normal request processed for: AutoClient4629
[18:06:10] Normal request processed for: AutoClient4628
[18:06:10] Normal request processed for: AutoClient4631
[18:06:10] Normal request processed for: AutoClient4630
[18:06:10] Normal request processed for: AutoClient4632
[18:06:10] Normal request processed for: AutoClient4633
[18:06:10] Normal request processed for: AutoClient4635
[18:06:10] Normal request processed for: AutoClient4637
[18:06:10] Normal request processed for: AutoClient4634
[18:06:10] Normal request processed for: AutoClient4636
[18:06:10] Normal request processed for: AutoClient4638
[18:06:10] Normal request processed for: AutoClient4639
[18:06:10] Normal request processed for: AutoClient4641
[18:06:10] Normal request processed for: AutoClient4640
[18:06:10] Normal request processed for: AutoClient4642
[18:06:10] Normal request processed for: AutoClient4643
[18:06:10] Normal request processed for: AutoClient4645
[18:06:10] Normal request processed for: AutoClient4644
[18:06:10] Normal request processed for: AutoClient4647
[18:06:10] Normal request processed for: AutoClient4648
[18:06:10] Normal request processed for: AutoClient4646
[18:06:10] Normal request processed for: AutoClient4649
[18:06:10] Normal request processed for: AutoClient4650
[18:06:10] Normal request processed for: AutoClient4651
[18:06:10] Normal request processed for: AutoClient4652
[18:06:10] Normal request processed for: AutoClient4655
[18:06:10] Normal request processed for: AutoClient4657
[18:06:10] Normal request processed for: AutoClient4653
[18:06:10] Normal request processed for: AutoClient4654
[18:06:10] Normal request processed for: AutoClient4659
[18:06:10] Normal request processed for: AutoClient4656
[18:06:10] Normal request processed for: AutoClient4658
[18:06:10] Normal request processed for: AutoClient4661
[18:06:11] Normal request processed for: AutoClient4664
[18:06:11] Normal request processed for: AutoClient4662
[18:06:11] Normal request processed for: AutoClient4666
[18:06:11] Normal request processed for: AutoClient4667
[18:06:11] Normal request processed for: AutoClient4660
[18:06:11] Normal request processed for: AutoClient4663
[18:06:11] Normal request processed for: AutoClient4669
[18:06:11] Normal request processed for: AutoClient4665
[18:06:11] Normal request processed for: AutoClient4670
[18:06:11] Normal request processed for: AutoClient4668
[18:06:11] Normal request processed for: AutoClient4671
[18:06:11] Normal request processed for: AutoClient4672
[18:06:11] Normal request processed for: AutoClient4675
[18:06:11] Normal request processed for: AutoClient4677
[18:06:11] Normal request processed for: AutoClient4676
[18:06:11] Normal request processed for: AutoClient4678
[18:06:11] Normal request processed for: AutoClient4674
[18:06:11] Normal request processed for: AutoClient4673
[18:06:11] Normal request processed for: AutoClient4679
[18:06:11] Normal request processed for: AutoClient4680
[18:06:11] Normal request processed for: AutoClient4682
[18:06:11] Normal request processed for: AutoClient4690
[18:06:11] Normal request processed for: AutoClient4686
[18:06:11] Normal request processed for: AutoClient4684
[18:06:11] Normal request processed for: AutoClient4681
[18:06:11] Normal request processed for: AutoClient4688
[18:06:11] Normal request processed for: AutoClient4687
[18:06:11] Normal request processed for: AutoClient4683
[18:06:11] Normal request processed for: AutoClient4685
[18:06:11] Normal request processed for: AutoClient4689
[18:06:11] Normal request processed for: AutoClient4691
[18:06:14] Priority request processed for: AutoPriority
[18:06:14] Normal request processed for: AutoClient4692
[18:06:14] Normal request processed for: AutoClient4693
[18:06:14] Normal request processed for: AutoClient4703
[18:06:14] Normal request processed for: AutoClient4701
[18:06:14] Normal request processed for: AutoClient4697
[18:06:14] Normal request processed for: AutoClient4694
[18:06:14] Normal request processed for: AutoClient4696
[18:06:14] Normal request processed for: AutoClient4699
[18:06:14] Normal request processed for: AutoClient4695
[18:06:14] Normal request processed for: AutoClient4702
[18:06:14] Normal request processed for: AutoClient4698
[18:06:17] Priority request processed for: AutoPriority
[18:06:18] Normal request processed for: AutoClient4712
[18:06:18] Normal request processed for: AutoClient4714
[18:06:18] Normal request processed for: AutoClient4711
[18:06:18] Normal request processed for: AutoClient4713
[18:06:18] Normal request processed for: AutoClient4708
[18:06:18] Normal request processed for: AutoClient4707
[18:06:18] Normal request processed for: AutoClient4710
[18:06:18] Normal request processed for: AutoClient4709
[18:06:18] Normal request processed for: AutoClient4705
[18:06:18] Normal request processed for: AutoClient4704
[18:06:18] Normal request processed for: AutoClient4706
[18:06:18] Normal request processed for: AutoClient4718
[18:06:18] Normal request processed for: AutoClient4722
[18:06:18] Normal request processed for: AutoClient4715
[18:06:18] Normal request processed for: AutoClient4717
[18:06:18] Normal request processed for: AutoClient4721
[18:06:18] Normal request processed for: AutoClient4716
[18:06:18] Normal request processed for: AutoClient4719
[18:06:18] Normal request processed for: AutoClient4724
[18:06:18] Normal request processed for: AutoClient4725
[18:06:18] Normal request processed for: AutoClient4720
[18:06:18] Normal request processed for: AutoClient4723
[18:06:18] Normal request processed for: AutoClient4726
[18:06:18] Normal request processed for: AutoClient4728
[18:06:18] Normal request processed for: AutoClient4732
[18:06:18] Normal request processed for: AutoClient4727
[18:06:18] Normal request processed for: AutoClient4735
[18:06:18] Normal request processed for: AutoClient4729
[18:06:18] Normal request processed for: AutoClient4731
[18:06:18] Normal request processed for: AutoClient4730
[18:06:18] Normal request processed for: AutoClient4734
[18:06:18] Normal request processed for: AutoClient4733
[18:06:18] Normal request processed for: AutoClient4737
[18:06:18] Normal request processed for: AutoClient4736
[18:06:18] Normal request processed for: AutoClient4739
[18:06:18] Normal request processed for: AutoClient4743
[18:06:18] Normal request processed for: AutoClient4738
[18:06:18] Normal request processed for: AutoClient4747
[18:06:18] Normal request processed for: AutoClient4745
[18:06:18] Normal request processed for: AutoClient4740
[18:06:18] Normal request processed for: AutoClient4744
[18:06:18] Normal request processed for: AutoClient4741
[18:06:18] Normal request processed for: AutoClient4742
[18:06:18] Normal request processed for: AutoClient4746
[18:06:19] Normal request processed for: AutoClient4748
[18:06:19] Normal request processed for: AutoClient4750
[18:06:19] Normal request processed for: AutoClient4749
[18:06:19] Normal request processed for: AutoClient4751
[18:06:19] Normal request processed for: AutoClient4754
[18:06:19] Normal request processed for: AutoClient4756
[18:06:19] Normal request processed for: AutoClient4753
[18:06:19] Normal request processed for: AutoClient4755
[18:06:19] Normal request processed for: AutoClient4752
[18:06:19] Normal request processed for: AutoClient4757
[18:06:19] Normal request processed for: AutoClient4758
[18:06:19] Normal request processed for: AutoClient4759
[18:06:19] Normal request processed for: AutoClient4763
[18:06:19] Normal request processed for: AutoClient4765
[18:06:19] Normal request processed for: AutoClient4766
[18:06:19] Normal request processed for: AutoClient4760
[18:06:19] Normal request processed for: AutoClient4761
[18:06:19] Normal request processed for: AutoClient4762
[18:06:19] Normal request processed for: AutoClient4767
[18:06:19] Normal request processed for: AutoClient4764
[18:06:19] Normal request processed for: AutoClient4768
[18:06:19] Normal request processed for: AutoClient4769
[18:06:19] Normal request processed for: AutoClient4775
[18:06:19] Normal request processed for: AutoClient4770
[18:06:19] Normal request processed for: AutoClient4771
[18:06:19] Normal request processed for: AutoClient4774
[18:06:19] Normal request processed for: AutoClient4773
[18:06:19] Normal request processed for: AutoClient4772
[18:06:19] Normal request processed for: AutoClient4778
[18:06:19] Normal request processed for: AutoClient4779
[18:06:19] Normal request processed for: AutoClient4777
[18:06:19] Normal request processed for: AutoClient4776
[18:06:19] Normal request processed for: AutoClient4780
[18:06:19] Normal request processed for: AutoClient4783
[18:06:19] Normal request processed for: AutoClient4782
[18:06:19] Normal request processed for: AutoClient4785
[18:06:19] Normal request processed for: AutoClient4781
[18:06:19] Normal request processed for: AutoClient4784
[18:06:19] Normal request processed for: AutoClient4786
[18:06:19] Normal request processed for: AutoClient4789
[18:06:19] Normal request processed for: AutoClient4787
[18:06:19] Normal request processed for: AutoClient4788
[18:06:19] Normal request processed for: AutoClient4791
[18:06:19] Normal request processed for: AutoClient4790
[18:06:20] Normal request processed for: AutoClient4793
[18:06:20] Normal request processed for: AutoClient4792
[18:06:20] Normal request processed for: AutoClient4794
[18:06:20] Normal request processed for: AutoClient4795
[18:06:20] Normal request processed for: AutoClient4796
[18:06:20] Normal request processed for: AutoClient4797
[18:06:20] Normal request processed for: AutoClient4798
[18:06:20] Normal request processed for: AutoClient4799
[18:06:20] Normal request processed for: AutoClient4804
[18:06:20] Normal request processed for: AutoClient4802
[18:06:20] Normal request processed for: AutoClient4803
[18:06:20] Normal request processed for: AutoClient4801
[18:06:20] Normal request processed for: AutoClient4805
[18:06:20] Normal request processed for: AutoClient4808
[18:06:20] Normal request processed for: AutoClient4809
[18:06:20] Normal request processed for: AutoClient4806
[18:06:20] Normal request processed for: AutoClient4811
[18:06:20] Normal request processed for: AutoClient4807
[18:06:20] Normal request processed for: AutoClient4810
[18:06:23] Priority request processed for: AutoPriority
[18:06:23] Normal request processed for: AutoClient4822
[18:06:23] Normal request processed for: AutoClient4819
[18:06:23] Normal request processed for: AutoClient4815
[18:06:23] Normal request processed for: AutoClient4816
[18:06:23] Normal request processed for: AutoClient4817
[18:06:23] Normal request processed for: AutoClient4813
[18:06:23] Normal request processed for: AutoClient4820
[18:06:23] Normal request processed for: AutoClient4818
[18:06:23] Normal request processed for: AutoClient4814
[18:06:23] Normal request processed for: AutoClient4812
[18:06:23] Normal request processed for: AutoClient4821
[18:06:24] Normal request processed for: AutoClient4823
[18:06:24] Normal request processed for: AutoClient4825
[18:06:24] Normal request processed for: AutoClient4824
[18:06:24] Normal request processed for: AutoClient4828
[18:06:24] Normal request processed for: AutoClient4826
[18:06:24] Normal request processed for: AutoClient4827
[18:06:24] Normal request processed for: AutoClient4830
[18:06:24] Normal request processed for: AutoClient4832
[18:06:24] Normal request processed for: AutoClient4829
[18:06:24] Normal request processed for: AutoClient4831
[18:06:24] Normal request processed for: AutoClient4833
[18:06:24] Normal request processed for: AutoClient4838
[18:06:24] Normal request processed for: AutoClient4837
[18:06:24] Normal request processed for: AutoClient4834
[18:06:24] Normal request processed for: AutoClient4836
[18:06:24] Normal request processed for: AutoClient4835
[18:06:24] Normal request processed for: AutoClient4839
[18:06:24] Normal request processed for: AutoClient4840
[18:06:24] Normal request processed for: AutoClient4841
[18:06:24] Normal request processed for: AutoClient4842
[18:06:24] Normal request processed for: AutoClient4843
[18:06:24] Normal request processed for: AutoClient4844
[18:06:24] Normal request processed for: AutoClient4845
[18:06:24] Normal request processed for: AutoClient4847
[18:06:24] Normal request processed for: AutoClient4849
[18:06:24] Normal request processed for: AutoClient4848
[18:06:24] Normal request processed for: AutoClient4846
[18:06:24] Normal request processed for: AutoClient4850
[18:06:24] Normal request processed for: AutoClient4852
[18:06:24] Normal request processed for: AutoClient4854
[18:06:24] Normal request processed for: AutoClient4851
[18:06:24] Normal request processed for: AutoClient4853
[18:06:24] Normal request processed for: AutoClient4855
[18:06:24] Normal request processed for: AutoClient4856
[18:06:24] Normal request processed for: AutoClient4857
[18:06:24] Normal request processed for: AutoClient4858
[18:06:24] Normal request processed for: AutoClient4859
[18:06:24] Normal request processed for: AutoClient4861
[18:06:24] Normal request processed for: AutoClient4863
[18:06:24] Normal request processed for: AutoClient4860
[18:06:24] Normal request processed for: AutoClient4862
[18:06:24] Normal request processed for: AutoClient4865
[18:06:24] Normal request processed for: AutoClient4864
[18:06:24] Normal request processed for: AutoClient4866
[18:06:25] Normal request processed for: AutoClient4868
[18:06:25] Normal request processed for: AutoClient4871
[18:06:25] Normal request processed for: AutoClient4867
[18:06:25] Normal request processed for: AutoClient4869
[18:06:25] Normal request processed for: AutoClient4870
[18:06:25] Normal request processed for: AutoClient4875
[18:06:25] Normal request processed for: AutoClient4874
[18:06:25] Normal request processed for: AutoClient4873
[18:06:25] Normal request processed for: AutoClient4872
[18:06:25] Normal request processed for: AutoClient4877
[18:06:25] Normal request processed for: AutoClient4876
[18:06:25] Normal request processed for: AutoClient4878
[18:06:25] Normal request processed for: AutoClient4880
[18:06:25] Normal request processed for: AutoClient4883
[18:06:25] Normal request processed for: AutoClient4884
[18:06:25] Normal request processed for: AutoClient4885
[18:06:25] Normal request processed for: AutoClient4879
[18:06:25] Normal request processed for: AutoClient4882
[18:06:25] Normal request processed for: AutoClient4881
[18:06:25] Normal request processed for: AutoClient4886
[18:06:25] Normal request processed for: AutoClient4887
[18:06:25] Normal request processed for: AutoClient4888
[18:06:25] Normal request processed for: AutoClient4894
[18:06:25] Normal request processed for: AutoClient4890
[18:06:25] Normal request processed for: AutoClient4892
[18:06:25] Normal request processed for: AutoClient4889
[18:06:25] Normal request processed for: AutoClient4895
[18:06:25] Normal request processed for: AutoClient4896
[18:06:25] Normal request processed for: AutoClient4891
[18:06:25] Normal request processed for: AutoClient4893
[18:06:25] Normal request processed for: AutoClient4897
[18:06:25] Normal request processed for: AutoClient4898
[18:06:25] Normal request processed for: AutoClient4899
[18:06:25] Normal request processed for: AutoClient4901
[18:06:25] Normal request processed for: AutoClient4903
[18:06:25] Normal request processed for: AutoClient4902
[18:06:25] Normal request processed for: AutoClient4905
[18:06:25] Normal request processed for: AutoClient4904
[18:06:25] Normal request processed for: AutoClient4907
[18:06:25] Normal request processed for: AutoClient4909
[18:06:25] Normal request processed for: AutoClient4906
[18:06:25] Normal request processed for: AutoClient4908
[18:06:25] Normal request processed for: AutoClient4911
[18:06:25] Normal request processed for: AutoClient4910
[18:06:26] Normal request processed for: AutoClient4914
[18:06:26] Normal request processed for: AutoClient4913
[18:06:26] Normal request processed for: AutoClient4912
[18:06:26] Normal request processed for: AutoClient4916
[18:06:26] Normal request processed for: AutoClient4915
[18:06:26] Normal request processed for: AutoClient4917
[18:06:26] Normal request processed for: AutoClient4918
[18:06:26] Normal request processed for: AutoClient4920
[18:06:26] Normal request processed for: AutoClient4919
[18:06:26] Normal request processed for: AutoClient4922
[18:06:26] Normal request processed for: AutoClient4921
[18:06:26] Normal request processed for: AutoClient4930
[18:06:26] Normal request processed for: AutoClient4924
[18:06:26] Normal request processed for: AutoClient4929
[18:06:26] Normal request processed for: AutoClient4925
[18:06:26] Normal request processed for: AutoClient4927
[18:06:26] Normal request processed for: AutoClient4926
[18:06:26] Normal request processed for: AutoClient4928
[18:06:26] Normal request processed for: AutoClient4923
[18:06:26] Normal request processed for: AutoClient4931
[18:06:29] Priority request processed for: AutoPriority
[18:06:29] Normal request processed for: AutoClient4940
[18:06:29] Normal request processed for: AutoClient4933
[18:06:29] Normal request processed for: AutoClient4938
[18:06:29] Normal request processed for: AutoClient4934
[18:06:29] Normal request processed for: AutoClient4939
[18:06:29] Normal request processed for: AutoClient4935
[18:06:29] Normal request processed for: AutoClient4937
[18:06:29] Normal request processed for: AutoClient4932
[18:06:29] Normal request processed for: AutoClient4941
[18:06:29] Normal request processed for: AutoClient4936
[18:06:29] Normal request processed for: AutoClient4942
[18:06:29] Normal request processed for: AutoClient4945
[18:06:29] Normal request processed for: AutoClient4948
[18:06:29] Normal request processed for: AutoClient4943
[18:06:29] Normal request processed for: AutoClient4944
[18:06:29] Normal request processed for: AutoClient4950
[18:06:29] Normal request processed for: AutoClient4946
[18:06:29] Normal request processed for: AutoClient4947
[18:06:29] Normal request processed for: AutoClient4949
[18:06:29] Normal request processed for: AutoClient4951
[18:06:29] Normal request processed for: AutoClient4952
[18:06:29] Normal request processed for: AutoClient4953
[18:06:30] Normal request processed for: AutoClient4954
[18:06:30] Normal request processed for: AutoClient4956
[18:06:30] Normal request processed for: AutoClient4959
[18:06:30] Normal request processed for: AutoClient4958
[18:06:30] Normal request processed for: AutoClient4963
[18:06:30] Normal request processed for: AutoClient4957
[18:06:30] Normal request processed for: AutoClient4960
[18:06:30] Normal request processed for: AutoClient4955
[18:06:30] Normal request processed for: AutoClient4962
[18:06:30] Normal request processed for: AutoClient4961
[18:06:30] Normal request processed for: AutoClient4964
[18:06:30] Normal request processed for: AutoClient4965
[18:06:30] Normal request processed for: AutoClient4969
[18:06:30] Normal request processed for: AutoClient4967
[18:06:30] Normal request processed for: AutoClient4966
[18:06:30] Normal request processed for: AutoClient4971
[18:06:30] Normal request processed for: AutoClient4970
[18:06:30] Normal request processed for: AutoClient4973
[18:06:30] Normal request processed for: AutoClient4972
[18:06:30] Normal request processed for: AutoClient4975
[18:06:30] Normal request processed for: AutoClient4968
[18:06:30] Normal request processed for: AutoClient4974
[18:06:30] Normal request processed for: AutoClient4977
[18:06:30] Normal request processed for: AutoClient4976
[18:06:30] Normal request processed for: AutoClient4980
[18:06:30] Normal request processed for: AutoClient4981
[18:06:30] Normal request processed for: AutoClient4978
[18:06:30] Normal request processed for: AutoClient4982
[18:06:30] Normal request processed for: AutoClient4983
[18:06:30] Normal request processed for: AutoClient4979
[18:06:30] Normal request processed for: AutoClient4986
[18:06:30] Normal request processed for: AutoClient4984
[18:06:30] Normal request processed for: AutoClient4985
[18:06:30] Normal request processed for: AutoClient4987
[18:06:30] Normal request processed for: AutoClient4992
[18:06:30] Normal request processed for: AutoClient4991
[18:06:30] Normal request processed for: AutoClient4990
[18:06:30] Normal request processed for: AutoClient4993
[18:06:30] Normal request processed for: AutoClient4988
[18:06:30] Normal request processed for: AutoClient4989
[18:06:30] Normal request processed for: AutoClient4995
[18:06:30] Normal request processed for: AutoClient4997
[18:06:30] Normal request processed for: AutoClient4996
[18:06:30] Normal request processed for: AutoClient4994
[18:06:31] Normal request processed for: AutoClient4998
[18:06:31] Normal request processed for: AutoClient5002
[18:06:31] Normal request processed for: AutoClient5003
[18:06:31] Normal request processed for: AutoClient5001
[18:06:31] Normal request processed for: AutoClient5005
[18:06:31] Normal request processed for: AutoClient4999
[18:06:31] Normal request processed for: AutoClient5004
[18:06:31] Normal request processed for: AutoClient5007
[18:06:31] Normal request processed for: AutoClient5006
[18:06:31] Normal request processed for: AutoClient5008
[18:06:31] Normal request processed for: AutoClient5009
[18:06:31] Normal request processed for: AutoClient5010
[18:06:31] Normal request processed for: AutoClient5011
[18:06:31] Normal request processed for: AutoClient5012
[18:06:31] Normal request processed for: AutoClient5018
[18:06:31] Normal request processed for: AutoClient5014
[18:06:31] Normal request processed for: AutoClient5013
[18:06:31] Normal request processed for: AutoClient5015
[18:06:31] Normal request processed for: AutoClient5016
[18:06:31] Normal request processed for: AutoClient5017
[18:06:31] Normal request processed for: AutoClient5020
[18:06:31] Normal request processed for: AutoClient5019
[18:06:31] Normal request processed for: AutoClient5021
[18:06:31] Normal request processed for: AutoClient5022
[18:06:31] Normal request processed for: AutoClient5025
[18:06:31] Normal request processed for: AutoClient5023
[18:06:31] Normal request processed for: AutoClient5024
[18:06:31] Normal request processed for: AutoClient5026
[18:06:31] Normal request processed for: AutoClient5028
[18:06:31] Normal request processed for: AutoClient5027
[18:06:31] Normal request processed for: AutoClient5031
[18:06:31] Normal request processed for: AutoClient5030
[18:06:31] Normal request processed for: AutoClient5029
[18:06:31] Normal request processed for: AutoClient5032
[18:06:31] Normal request processed for: AutoClient5033
[18:06:31] Normal request processed for: AutoClient5037
[18:06:31] Normal request processed for: AutoClient5036
[18:06:31] Normal request processed for: AutoClient5034
[18:06:31] Normal request processed for: AutoClient5035
[18:06:31] Normal request processed for: AutoClient5038
[18:06:31] Normal request processed for: AutoClient5039
[18:06:31] Normal request processed for: AutoClient5040
[18:06:32] Normal request processed for: AutoClient5043
[18:06:32] Normal request processed for: AutoClient5041
[18:06:32] Normal request processed for: AutoClient5044
[18:06:32] Normal request processed for: AutoClient5046
[18:06:32] Normal request processed for: AutoClient5042
[18:06:32] Normal request processed for: AutoClient5049
[18:06:32] Normal request processed for: AutoClient5045
[18:06:32] Normal request processed for: AutoClient5047
[18:06:32] Normal request processed for: AutoClient5048
[18:06:32] Normal request processed for: AutoClient5052
[18:06:32] Normal request processed for: AutoClient5050
[18:06:35] Priority request processed for: AutoPriority
[18:06:35] Normal request processed for: AutoClient5062
[18:06:35] Normal request processed for: AutoClient5060
[18:06:35] Normal request processed for: AutoClient5057
[18:06:35] Normal request processed for: AutoClient5056
[18:06:35] Normal request processed for: AutoClient5061
[18:06:35] Normal request processed for: AutoClient5055
[18:06:35] Normal request processed for: AutoClient5051
[18:06:35] Normal request processed for: AutoClient5054
[18:06:35] Normal request processed for: AutoClient5059
[18:06:35] Normal request processed for: AutoClient5053
[18:06:35] Normal request processed for: AutoClient5058
[18:06:35] Normal request processed for: AutoClient5063
[18:06:35] Normal request processed for: AutoClient5073
[18:06:35] Normal request processed for: AutoClient5065
[18:06:35] Normal request processed for: AutoClient5064
[18:06:35] Normal request processed for: AutoClient5070
[18:06:35] Normal request processed for: AutoClient5066
[18:06:35] Normal request processed for: AutoClient5069
[18:06:35] Normal request processed for: AutoClient5068
[18:06:35] Normal request processed for: AutoClient5067
[18:06:35] Normal request processed for: AutoClient5072
[18:06:35] Normal request processed for: AutoClient5071
[18:06:36] Normal request processed for: AutoClient5076
[18:06:36] Normal request processed for: AutoClient5074
[18:06:36] Normal request processed for: AutoClient5082
[18:06:36] Normal request processed for: AutoClient5075
[18:06:36] Normal request processed for: AutoClient5080
[18:06:36] Normal request processed for: AutoClient5077
[18:06:36] Normal request processed for: AutoClient5078
[18:06:36] Normal request processed for: AutoClient5083
[18:06:36] Normal request processed for: AutoClient5079
[18:06:36] Normal request processed for: AutoClient5084
[18:06:36] Normal request processed for: AutoClient5081
[18:06:36] Normal request processed for: AutoClient5086
[18:06:36] Normal request processed for: AutoClient5089
[18:06:36] Normal request processed for: AutoClient5093
[18:06:36] Normal request processed for: AutoClient5085
[18:06:36] Normal request processed for: AutoClient5092
[18:06:36] Normal request processed for: AutoClient5087
[18:06:36] Normal request processed for: AutoClient5094
[18:06:36] Normal request processed for: AutoClient5088
[18:06:36] Normal request processed for: AutoClient5090
[18:06:36] Normal request processed for: AutoClient5095
[18:06:36] Normal request processed for: AutoClient5091
[18:06:36] Normal request processed for: AutoClient5096
[18:06:36] Normal request processed for: AutoClient5097
[18:06:36] Normal request processed for: AutoClient5099
[18:06:36] Normal request processed for: AutoClient5098
[18:06:36] Normal request processed for: AutoClient5107
[18:06:36] Normal request processed for: AutoClient5104
[18:06:36] Normal request processed for: AutoClient5103
[18:06:36] Normal request processed for: AutoClient5105
[18:06:36] Normal request processed for: AutoClient5106
[18:06:36] Normal request processed for: AutoClient5101
[18:06:36] Normal request processed for: AutoClient5102
[18:06:36] Normal request processed for: AutoClient5108
[18:06:36] Normal request processed for: AutoClient5110
[18:06:36] Normal request processed for: AutoClient5112
[18:06:36] Normal request processed for: AutoClient5109
[18:06:36] Normal request processed for: AutoClient5111
[18:06:36] Normal request processed for: AutoClient5113
[18:06:36] Normal request processed for: AutoClient5117
[18:06:36] Normal request processed for: AutoClient5114
[18:06:36] Normal request processed for: AutoClient5116
[18:06:36] Normal request processed for: AutoClient5115
[18:06:36] Normal request processed for: AutoClient5118
[18:06:37] Normal request processed for: AutoClient5120
[18:06:37] Normal request processed for: AutoClient5121
[18:06:37] Normal request processed for: AutoClient5119
[18:06:37] Normal request processed for: AutoClient5123
[18:06:37] Normal request processed for: AutoClient5122
[18:06:37] Normal request processed for: AutoClient5126
[18:06:37] Normal request processed for: AutoClient5124
[18:06:37] Normal request processed for: AutoClient5125
[18:06:37] Normal request processed for: AutoClient5129
[18:06:37] Normal request processed for: AutoClient5127
[18:06:37] Normal request processed for: AutoClient5128
[18:06:37] Normal request processed for: AutoClient5130
[18:06:37] Normal request processed for: AutoClient5131
[18:06:37] Normal request processed for: AutoClient5134
[18:06:37] Normal request processed for: AutoClient5132
[18:06:37] Normal request processed for: AutoClient5136
[18:06:37] Normal request processed for: AutoClient5135
[18:06:37] Normal request processed for: AutoClient5133
[18:06:37] Normal request processed for: AutoClient5137
[18:06:37] Normal request processed for: AutoClient5139
[18:06:37] Normal request processed for: AutoClient5138
[18:06:37] Normal request processed for: AutoClient5140
[18:06:37] Normal request processed for: AutoClient5141
[18:06:37] Normal request processed for: AutoClient5143
[18:06:37] Normal request processed for: AutoClient5142
[18:06:37] Normal request processed for: AutoClient5146
[18:06:37] Normal request processed for: AutoClient5145
[18:06:37] Normal request processed for: AutoClient5144
[18:06:37] Normal request processed for: AutoClient5151
[18:06:37] Normal request processed for: AutoClient5147
[18:06:37] Normal request processed for: AutoClient5149
[18:06:37] Normal request processed for: AutoClient5148
[18:06:37] Normal request processed for: AutoClient5152
[18:06:37] Normal request processed for: AutoClient5150
[18:06:37] Normal request processed for: AutoClient5153
[18:06:37] Normal request processed for: AutoClient5154
[18:06:37] Normal request processed for: AutoClient5158
[18:06:37] Normal request processed for: AutoClient5156
[18:06:37] Normal request processed for: AutoClient5155
[18:06:37] Normal request processed for: AutoClient5157
[18:06:37] Normal request processed for: AutoClient5159
[18:06:37] Normal request processed for: AutoClient5160
[18:06:38] Normal request processed for: AutoClient5167
[18:06:38] Normal request processed for: AutoClient5168
[18:06:38] Normal request processed for: AutoClient5169
[18:06:38] Normal request processed for: AutoClient5170
[18:06:38] Normal request processed for: AutoClient5166
[18:06:38] Normal request processed for: AutoClient5171
[18:06:38] Normal request processed for: AutoClient5163
[18:06:38] Normal request processed for: AutoClient5162
[18:06:38] Normal request processed for: AutoClient5161
[18:06:38] Normal request processed for: AutoClient5164
[18:06:38] Normal request processed for: AutoClient5165
[18:06:41] Priority request processed for: AutoPriority
[18:06:41] Normal request processed for: AutoClient5172
[18:06:41] Normal request processed for: AutoClient5173
[18:06:41] Normal request processed for: AutoClient5178
[18:06:41] Normal request processed for: AutoClient5181
[18:06:41] Normal request processed for: AutoClient5182
[18:06:41] Normal request processed for: AutoClient5180
[18:06:41] Normal request processed for: AutoClient5179
[18:06:41] Normal request processed for: AutoClient5177
[18:06:41] Normal request processed for: AutoClient5176
[18:06:41] Normal request processed for: AutoClient5174
[18:06:41] Normal request processed for: AutoClient5175
[18:06:41] Normal request processed for: AutoClient5186
[18:06:41] Normal request processed for: AutoClient5183
[18:06:41] Normal request processed for: AutoClient5188
[18:06:41] Normal request processed for: AutoClient5185
[18:06:41] Normal request processed for: AutoClient5187
[18:06:41] Normal request processed for: AutoClient5184
[18:06:41] Normal request processed for: AutoClient5191
[18:06:41] Normal request processed for: AutoClient5194
[18:06:41] Normal request processed for: AutoClient5189
[18:06:41] Normal request processed for: AutoClient5190
[18:06:41] Normal request processed for: AutoClient5192
[18:06:41] Normal request processed for: AutoClient5198
[18:06:41] Normal request processed for: AutoClient5195
[18:06:41] Normal request processed for: AutoClient5193
[18:06:41] Normal request processed for: AutoClient5196
[18:06:41] Normal request processed for: AutoClient5207
[18:06:41] Normal request processed for: AutoClient5204
[18:06:41] Normal request processed for: AutoClient5205
[18:06:41] Normal request processed for: AutoClient5202
[18:06:41] Normal request processed for: AutoClient5197
[18:06:41] Normal request processed for: AutoClient5199
[18:06:41] Normal request processed for: AutoClient5201
[18:06:42] Normal request processed for: AutoClient5209
[18:06:42] Normal request processed for: AutoClient5208
[18:06:42] Normal request processed for: AutoClient5206
[18:06:42] Normal request processed for: AutoClient5203
[18:06:42] Normal request processed for: AutoClient5210
[18:06:42] Normal request processed for: AutoClient5212
[18:06:42] Normal request processed for: AutoClient5211
[18:06:42] Normal request processed for: AutoClient5214
[18:06:42] Normal request processed for: AutoClient5213
[18:06:42] Normal request processed for: AutoClient5215
[18:06:42] Normal request processed for: AutoClient5216
[18:06:42] Normal request processed for: AutoClient5217
[18:06:42] Normal request processed for: AutoClient5223
[18:06:42] Normal request processed for: AutoClient5220
[18:06:42] Normal request processed for: AutoClient5218
[18:06:42] Normal request processed for: AutoClient5221
[18:06:42] Normal request processed for: AutoClient5222
[18:06:42] Normal request processed for: AutoClient5219
[18:06:42] Normal request processed for: AutoClient5225
[18:06:42] Normal request processed for: AutoClient5224
[18:06:42] Normal request processed for: AutoClient5226
[18:06:42] Normal request processed for: AutoClient5228
[18:06:42] Normal request processed for: AutoClient5227
[18:06:42] Normal request processed for: AutoClient5229
[18:06:42] Normal request processed for: AutoClient5233
[18:06:42] Normal request processed for: AutoClient5236
[18:06:42] Normal request processed for: AutoClient5232
[18:06:42] Normal request processed for: AutoClient5231
[18:06:42] Normal request processed for: AutoClient5235
[18:06:42] Normal request processed for: AutoClient5237
[18:06:42] Normal request processed for: AutoClient5234
[18:06:42] Normal request processed for: AutoClient5238
[18:06:42] Normal request processed for: AutoClient5241
[18:06:42] Normal request processed for: AutoClient5243
[18:06:42] Normal request processed for: AutoClient5242
[18:06:42] Normal request processed for: AutoClient5246
[18:06:42] Normal request processed for: AutoClient5240
[18:06:42] Normal request processed for: AutoClient5249
[18:06:42] Normal request processed for: AutoClient5239
[18:06:42] Normal request processed for: AutoClient5244
[18:06:42] Normal request processed for: AutoClient5245
[18:06:42] Normal request processed for: AutoClient5247
[18:06:42] Normal request processed for: AutoClient5248
[18:06:42] Normal request processed for: AutoClient5230
[18:06:43] Normal request processed for: AutoClient5255
[18:06:43] Normal request processed for: AutoClient5252
[18:06:43] Normal request processed for: AutoClient5250
[18:06:43] Normal request processed for: AutoClient5258
[18:06:43] Normal request processed for: AutoClient5251
[18:06:43] Normal request processed for: AutoClient5253
[18:06:43] Normal request processed for: AutoClient5254
[18:06:43] Normal request processed for: AutoClient5260
[18:06:43] Normal request processed for: AutoClient5256
[18:06:43] Normal request processed for: AutoClient5257
[18:06:43] Normal request processed for: AutoClient5259
[18:06:43] Normal request processed for: AutoClient5269
[18:06:43] Normal request processed for: AutoClient5262
[18:06:43] Normal request processed for: AutoClient5266
[18:06:43] Normal request processed for: AutoClient5268
[18:06:43] Normal request processed for: AutoClient5261
[18:06:43] Normal request processed for: AutoClient5265
[18:06:43] Normal request processed for: AutoClient5263
[18:06:43] Normal request processed for: AutoClient5267
[18:06:43] Normal request processed for: AutoClient5264
[18:06:43] Normal request processed for: AutoClient5271
[18:06:43] Normal request processed for: AutoClient5270
[18:06:43] Normal request processed for: AutoClient5272
[18:06:43] Normal request processed for: AutoClient5277
[18:06:43] Normal request processed for: AutoClient5279
[18:06:43] Normal request processed for: AutoClient5273
[18:06:43] Normal request processed for: AutoClient5274
[18:06:43] Normal request processed for: AutoClient5280
[18:06:43] Normal request processed for: AutoClient5276
[18:06:43] Normal request processed for: AutoClient5275
[18:06:43] Normal request processed for: AutoClient5278
[18:06:43] Normal request processed for: AutoClient5292
[18:06:43] Normal request processed for: AutoClient5281
[18:06:43] Normal request processed for: AutoClient5289
[18:06:43] Normal request processed for: AutoClient5285
[18:06:43] Normal request processed for: AutoClient5291
[18:06:43] Normal request processed for: AutoClient5287
[18:06:43] Normal request processed for: AutoClient5282
[18:06:43] Normal request processed for: AutoClient5286
[18:06:43] Normal request processed for: AutoClient5284
[18:06:43] Normal request processed for: AutoClient5288
[18:06:43] Normal request processed for: AutoClient5283
[18:06:46] Priority request processed for: AutoPriority
[18:06:47] Normal request processed for: AutoClient5303
[18:06:47] Normal request processed for: AutoClient5296
[18:06:47] Normal request processed for: AutoClient5302
[18:06:47] Normal request processed for: AutoClient5313
[18:06:47] Normal request processed for: AutoClient5293
[18:06:47] Normal request processed for: AutoClient5290
[18:06:47] Normal request processed for: AutoClient5294
[18:06:47] Normal request processed for: AutoClient5295
[18:06:47] Normal request processed for: AutoClient5299
[18:06:47] Normal request processed for: AutoClient5298
[18:06:47] Normal request processed for: AutoClient5297
[18:06:50] Priority request processed for: AutoPriority
[18:06:50] Normal request processed for: AutoClient5301
[18:06:50] Normal request processed for: AutoClient5324
[18:06:50] Normal request processed for: AutoClient5314
[18:06:50] Normal request processed for: AutoClient5310
[18:06:50] Normal request processed for: AutoClient5308
[18:06:50] Normal request processed for: AutoClient5316
[18:06:50] Normal request processed for: AutoClient5317
[18:06:50] Normal request processed for: AutoClient5320
[18:06:50] Normal request processed for: AutoClient5315
[18:06:50] Normal request processed for: AutoClient5312
[18:06:50] Normal request processed for: AutoClient5318
[18:06:50] Normal request processed for: AutoClient5326
[18:06:50] Normal request processed for: AutoClient5323
[18:06:50] Normal request processed for: AutoClient5319
[18:06:50] Normal request processed for: AutoClient5325
[18:06:50] Normal request processed for: AutoClient5306
[18:06:50] Normal request processed for: AutoClient5321
[18:06:50] Normal request processed for: AutoClient5331
[18:06:50] Normal request processed for: AutoClient5329
[18:06:50] Normal request processed for: AutoClient5322
[18:06:50] Normal request processed for: AutoClient5307
[18:06:50] Normal request processed for: AutoClient5328
[18:06:50] Normal request processed for: AutoClient5327
[18:06:50] Normal request processed for: AutoClient5335
[18:06:50] Normal request processed for: AutoClient5334
[18:06:50] Normal request processed for: AutoClient5330
[18:06:50] Normal request processed for: AutoClient5311
[18:06:50] Normal request processed for: AutoClient5337
[18:06:50] Normal request processed for: AutoClient5339
[18:06:50] Normal request processed for: AutoClient5336
[18:06:50] Normal request processed for: AutoClient5332
[18:06:50] Normal request processed for: AutoClient5333
[18:06:50] Normal request processed for: AutoClient5338
[18:06:51] Normal request processed for: AutoClient5343
[18:06:51] Normal request processed for: AutoClient5340
[18:06:51] Normal request processed for: AutoClient5341
[18:06:51] Normal request processed for: AutoClient5309
[18:06:51] Normal request processed for: AutoClient5345
[18:06:51] Normal request processed for: AutoClient5347
[18:06:51] Normal request processed for: AutoClient5344
[18:06:51] Normal request processed for: AutoClient5342
[18:06:51] Normal request processed for: AutoClient5304
[18:06:51] Normal request processed for: AutoClient5305
[18:06:51] Normal request processed for: AutoClient5346
[18:06:51] Normal request processed for: AutoClient5351
[18:06:51] Normal request processed for: AutoClient5357
[18:06:51] Normal request processed for: AutoClient5356
[18:06:51] Normal request processed for: AutoClient5353
[18:06:51] Normal request processed for: AutoClient5348
[18:06:51] Normal request processed for: AutoClient5363
[18:06:51] Normal request processed for: AutoClient5350
[18:06:51] Normal request processed for: AutoClient5352
[18:06:51] Normal request processed for: AutoClient5354
[18:06:51] Normal request processed for: AutoClient5349
[18:06:51] Normal request processed for: AutoClient5355
[18:06:51] Normal request processed for: AutoClient5362
[18:06:51] Normal request processed for: AutoClient5358
[18:06:51] Normal request processed for: AutoClient5361
[18:06:51] Normal request processed for: AutoClient5364
[18:06:51] Normal request processed for: AutoClient5367
[18:06:51] Normal request processed for: AutoClient5371
[18:06:51] Normal request processed for: AutoClient5365
[18:06:51] Normal request processed for: AutoClient5359
[18:06:51] Normal request processed for: AutoClient5369
[18:06:51] Normal request processed for: AutoClient5366
[18:06:51] Normal request processed for: AutoClient5360
[18:06:51] Normal request processed for: AutoClient5373
[18:06:51] Normal request processed for: AutoClient5382
[18:06:51] Normal request processed for: AutoClient5372
[18:06:51] Normal request processed for: AutoClient5370
[18:06:51] Normal request processed for: AutoClient5374
[18:06:51] Normal request processed for: AutoClient5375
[18:06:51] Normal request processed for: AutoClient5376
[18:06:51] Normal request processed for: AutoClient5368
[18:06:51] Normal request processed for: AutoClient5380
[18:06:51] Normal request processed for: AutoClient5377
[18:06:51] Normal request processed for: AutoClient5381
[18:06:52] Normal request processed for: AutoClient5378
[18:06:52] Normal request processed for: AutoClient5379
[18:06:52] Normal request processed for: AutoClient5387
[18:06:52] Normal request processed for: AutoClient5385
[18:06:52] Normal request processed for: AutoClient5384
[18:06:52] Normal request processed for: AutoClient5383
[18:06:52] Normal request processed for: AutoClient5390
[18:06:52] Normal request processed for: AutoClient5391
[18:06:52] Normal request processed for: AutoClient5393
[18:06:52] Normal request processed for: AutoClient5389
[18:06:52] Normal request processed for: AutoClient5386
[18:06:52] Normal request processed for: AutoClient5392
[18:06:52] Normal request processed for: AutoClient5395
[18:06:52] Normal request processed for: AutoClient5394
[18:06:52] Normal request processed for: AutoClient5388
[18:06:52] Normal request processed for: AutoClient5396
[18:06:52] Normal request processed for: AutoClient5397
[18:06:52] Normal request processed for: AutoClient5399
[18:06:52] Normal request processed for: AutoClient5398
[18:06:52] Normal request processed for: AutoClient5405
[18:06:52] Normal request processed for: AutoClient5409
[18:06:52] Normal request processed for: AutoClient5402
[18:06:52] Normal request processed for: AutoClient5403
[18:06:52] Normal request processed for: AutoClient5410
[18:06:52] Normal request processed for: AutoClient5406
[18:06:52] Normal request processed for: AutoClient5401
[18:06:52] Normal request processed for: AutoClient5404
[18:06:52] Normal request processed for: AutoClient5407
[18:06:52] Normal request processed for: AutoClient5408
[18:06:52] Normal request processed for: AutoClient5411
[18:06:55] Priority request processed for: AutoPriority
[18:06:56] Normal request processed for: AutoClient5412
[18:06:56] Normal request processed for: AutoClient5419
[18:06:56] Normal request processed for: AutoClient5413
[18:06:56] Normal request processed for: AutoClient5414
[18:06:56] Normal request processed for: AutoClient5418
[18:06:56] Normal request processed for: AutoClient5421
[18:06:56] Normal request processed for: AutoClient5420
[18:06:56] Normal request processed for: AutoClient5416
[18:06:56] Normal request processed for: AutoClient5415
[18:06:56] Normal request processed for: AutoClient5422
[18:06:56] Normal request processed for: AutoClient5417
[18:06:56] Normal request processed for: AutoClient5424
[18:06:56] Normal request processed for: AutoClient5423
[18:06:56] Normal request processed for: AutoClient5431
[18:06:56] Normal request processed for: AutoClient5425
[18:06:56] Normal request processed for: AutoClient5426
[18:06:56] Normal request processed for: AutoClient5429
[18:06:56] Normal request processed for: AutoClient5427
[18:06:56] Normal request processed for: AutoClient5428
[18:06:56] Normal request processed for: AutoClient5430
[18:06:56] Normal request processed for: AutoClient5433
[18:06:56] Normal request processed for: AutoClient5432
[18:06:56] Normal request processed for: AutoClient5436
[18:06:56] Normal request processed for: AutoClient5434
[18:06:56] Normal request processed for: AutoClient5435
[18:06:56] Normal request processed for: AutoClient5437
[18:06:56] Normal request processed for: AutoClient5442
[18:06:56] Normal request processed for: AutoClient5440
[18:06:56] Normal request processed for: AutoClient5439
[18:06:56] Normal request processed for: AutoClient5438
[18:06:56] Normal request processed for: AutoClient5444
[18:06:56] Normal request processed for: AutoClient5441
[18:06:56] Normal request processed for: AutoClient5443
[18:06:56] Normal request processed for: AutoClient5446
[18:06:56] Normal request processed for: AutoClient5445
[18:06:56] Normal request processed for: AutoClient5449
[18:06:56] Normal request processed for: AutoClient5447
[18:06:56] Normal request processed for: AutoClient5451
[18:06:56] Normal request processed for: AutoClient5448
[18:06:56] Normal request processed for: AutoClient5452
[18:06:56] Normal request processed for: AutoClient5455
[18:06:56] Normal request processed for: AutoClient5450
[18:06:56] Normal request processed for: AutoClient5453
[18:06:56] Normal request processed for: AutoClient5454
[18:06:57] Normal request processed for: AutoClient5456
[18:06:57] Normal request processed for: AutoClient5457
[18:06:57] Normal request processed for: AutoClient5458
[18:06:57] Normal request processed for: AutoClient5461
[18:06:57] Normal request processed for: AutoClient5465
[18:06:57] Normal request processed for: AutoClient5459
[18:06:57] Normal request processed for: AutoClient5460
[18:06:57] Normal request processed for: AutoClient5463
[18:06:57] Normal request processed for: AutoClient5462
[18:06:57] Normal request processed for: AutoClient5464
[18:06:57] Normal request processed for: AutoClient5466
[18:06:57] Normal request processed for: AutoClient5467
[18:06:57] Normal request processed for: AutoClient5468
[18:06:57] Normal request processed for: AutoClient5469
[18:06:57] Normal request processed for: AutoClient5470
[18:06:57] Normal request processed for: AutoClient5473
[18:06:57] Normal request processed for: AutoClient5475
[18:06:57] Normal request processed for: AutoClient5471
[18:06:57] Normal request processed for: AutoClient5472
[18:06:57] Normal request processed for: AutoClient5476
[18:06:57] Normal request processed for: AutoClient5477
[18:06:57] Normal request processed for: AutoClient5474
[18:06:57] Normal request processed for: AutoClient5479
[18:06:57] Normal request processed for: AutoClient5478
[18:06:57] Normal request processed for: AutoClient5480
[18:06:57] Normal request processed for: AutoClient5483
[18:06:57] Normal request processed for: AutoClient5481
[18:06:57] Normal request processed for: AutoClient5489
[18:06:57] Normal request processed for: AutoClient5482
[18:06:57] Normal request processed for: AutoClient5484
[18:06:57] Normal request processed for: AutoClient5485
[18:06:57] Normal request processed for: AutoClient5491
[18:06:57] Normal request processed for: AutoClient5490
[18:06:57] Normal request processed for: AutoClient5495
[18:06:57] Normal request processed for: AutoClient5492
[18:06:57] Normal request processed for: AutoClient5494
[18:06:57] Normal request processed for: AutoClient5497
[18:06:57] Normal request processed for: AutoClient5499
[18:06:57] Normal request processed for: AutoClient5488
[18:06:57] Normal request processed for: AutoClient5493
[18:06:57] Normal request processed for: AutoClient5487
[18:06:57] Normal request processed for: AutoClient5498
[18:06:57] Normal request processed for: AutoClient5486
[18:06:57] Normal request processed for: AutoClient5496
[18:06:58] Normal request processed for: AutoClient5502
[18:06:58] Normal request processed for: AutoClient5503
[18:06:58] Normal request processed for: AutoClient5501
[18:06:58] Normal request processed for: AutoClient5505
[18:06:58] Normal request processed for: AutoClient5504
[18:06:58] Normal request processed for: AutoClient5506
[18:06:58] Normal request processed for: AutoClient5507
[18:06:58] Normal request processed for: AutoClient5509
[18:06:58] Normal request processed for: AutoClient5508
[18:06:58] Normal request processed for: AutoClient5511
[18:06:58] Normal request processed for: AutoClient5510
[18:06:58] Normal request processed for: AutoClient5512
[18:06:58] Normal request processed for: AutoClient5513
[18:06:58] Normal request processed for: AutoClient5516
[18:06:58] Normal request processed for: AutoClient5514
[18:06:58] Normal request processed for: AutoClient5515
[18:06:58] Normal request processed for: AutoClient5517
[18:06:58] Normal request processed for: AutoClient5518
[18:06:58] Normal request processed for: AutoClient5519
[18:06:58] Normal request processed for: AutoClient5520
[18:06:58] Normal request processed for: AutoClient5531
[18:06:58] Normal request processed for: AutoClient5528
[18:06:58] Normal request processed for: AutoClient5523
[18:06:58] Normal request processed for: AutoClient5527
[18:06:58] Normal request processed for: AutoClient5522
[18:06:58] Normal request processed for: AutoClient5521
[18:06:58] Normal request processed for: AutoClient5530
[18:06:58] Normal request processed for: AutoClient5532
[18:06:58] Normal request processed for: AutoClient5524
[18:06:58] Normal request processed for: AutoClient5529
[18:06:58] Normal request processed for: AutoClient5533
[18:07:01] Priority request processed for: AutoPriority
[18:07:01] Normal request processed for: AutoClient5539
[18:07:01] Normal request processed for: AutoClient5536
[18:07:01] Normal request processed for: AutoClient5540
[18:07:01] Normal request processed for: AutoClient5526
[18:07:01] Normal request processed for: AutoClient5537
[18:07:01] Normal request processed for: AutoClient5543
[18:07:01] Normal request processed for: AutoClient5541
[18:07:01] Normal request processed for: AutoClient5538
[18:07:01] Normal request processed for: AutoClient5525
[18:07:01] Normal request processed for: AutoClient5534
[18:07:01] Normal request processed for: AutoClient5535
[18:07:02] Normal request processed for: AutoClient5542
[18:07:02] Normal request processed for: AutoClient5550
[18:07:02] Normal request processed for: AutoClient5546
[18:07:02] Normal request processed for: AutoClient5548
[18:07:02] Normal request processed for: AutoClient5553
[18:07:02] Normal request processed for: AutoClient5544
[18:07:02] Normal request processed for: AutoClient5547
[18:07:02] Normal request processed for: AutoClient5551
[18:07:02] Normal request processed for: AutoClient5554
[18:07:02] Normal request processed for: AutoClient5545
[18:07:02] Normal request processed for: AutoClient5549
[18:07:02] Normal request processed for: AutoClient5556
[18:07:02] Normal request processed for: AutoClient5562
[18:07:02] Normal request processed for: AutoClient5561
[18:07:02] Normal request processed for: AutoClient5555
[18:07:02] Normal request processed for: AutoClient5552
[18:07:02] Normal request processed for: AutoClient5558
[18:07:02] Normal request processed for: AutoClient5559
[18:07:02] Normal request processed for: AutoClient5557
[18:07:02] Normal request processed for: AutoClient5560
[18:07:02] Normal request processed for: AutoClient5563
[18:07:02] Normal request processed for: AutoClient5564
[18:07:02] Normal request processed for: AutoClient5567
[18:07:02] Normal request processed for: AutoClient5565
[18:07:02] Normal request processed for: AutoClient5566
[18:07:02] Normal request processed for: AutoClient5568
[18:07:02] Normal request processed for: AutoClient5571
[18:07:02] Normal request processed for: AutoClient5570
[18:07:02] Normal request processed for: AutoClient5572
[18:07:02] Normal request processed for: AutoClient5575
[18:07:02] Normal request processed for: AutoClient5569
[18:07:02] Normal request processed for: AutoClient5573
[18:07:02] Normal request processed for: AutoClient5574
[18:07:02] Normal request processed for: AutoClient5576
[18:07:02] Normal request processed for: AutoClient5578
[18:07:02] Normal request processed for: AutoClient5581
[18:07:02] Normal request processed for: AutoClient5586
[18:07:02] Normal request processed for: AutoClient5577
[18:07:02] Normal request processed for: AutoClient5580
[18:07:02] Normal request processed for: AutoClient5585
[18:07:02] Normal request processed for: AutoClient5582
[18:07:02] Normal request processed for: AutoClient5579
[18:07:02] Normal request processed for: AutoClient5583
[18:07:02] Normal request processed for: AutoClient5584
[18:07:03] Normal request processed for: AutoClient5588
[18:07:03] Normal request processed for: AutoClient5590
[18:07:03] Normal request processed for: AutoClient5587
[18:07:03] Normal request processed for: AutoClient5591
[18:07:03] Normal request processed for: AutoClient5592
[18:07:03] Normal request processed for: AutoClient5589
[18:07:03] Normal request processed for: AutoClient5594
[18:07:03] Normal request processed for: AutoClient5593
[18:07:03] Normal request processed for: AutoClient5595
[18:07:03] Normal request processed for: AutoClient5596
[18:07:03] Normal request processed for: AutoClient5597
[18:07:03] Normal request processed for: AutoClient5598
[18:07:03] Normal request processed for: AutoClient5599
[18:07:03] Normal request processed for: AutoClient5601
[18:07:03] Normal request processed for: AutoClient5604
[18:07:03] Normal request processed for: AutoClient5603
[18:07:03] Normal request processed for: AutoClient5602
[18:07:03] Normal request processed for: AutoClient5606
[18:07:03] Normal request processed for: AutoClient5607
[18:07:03] Normal request processed for: AutoClient5608
[18:07:03] Normal request processed for: AutoClient5609
[18:07:03] Normal request processed for: AutoClient5605
[18:07:03] Normal request processed for: AutoClient5616
[18:07:03] Normal request processed for: AutoClient5610
[18:07:03] Normal request processed for: AutoClient5614
[18:07:03] Normal request processed for: AutoClient5612
[18:07:03] Normal request processed for: AutoClient5620
[18:07:03] Normal request processed for: AutoClient5611
[18:07:03] Normal request processed for: AutoClient5615
[18:07:03] Normal request processed for: AutoClient5617
[18:07:03] Normal request processed for: AutoClient5618
[18:07:03] Normal request processed for: AutoClient5622
[18:07:03] Normal request processed for: AutoClient5613
[18:07:03] Normal request processed for: AutoClient5623
[18:07:03] Normal request processed for: AutoClient5619
[18:07:03] Normal request processed for: AutoClient5627
[18:07:03] Normal request processed for: AutoClient5621
[18:07:03] Normal request processed for: AutoClient5630
[18:07:03] Normal request processed for: AutoClient5624
[18:07:03] Normal request processed for: AutoClient5626
[18:07:03] Normal request processed for: AutoClient5625
[18:07:03] Normal request processed for: AutoClient5628
[18:07:03] Normal request processed for: AutoClient5629
[18:07:03] Normal request processed for: AutoClient5633
[18:07:04] Normal request processed for: AutoClient5637
[18:07:04] Normal request processed for: AutoClient5636
[18:07:04] Normal request processed for: AutoClient5638
[18:07:04] Normal request processed for: AutoClient5639
[18:07:04] Normal request processed for: AutoClient5635
[18:07:04] Normal request processed for: AutoClient5634
[18:07:04] Normal request processed for: AutoClient5631
[18:07:04] Normal request processed for: AutoClient5640
[18:07:04] Normal request processed for: AutoClient5632
[18:07:04] Normal request processed for: AutoClient5641
[18:07:04] Normal request processed for: AutoClient5642
[18:07:04] Normal request processed for: AutoClient5646
[18:07:04] Normal request processed for: AutoClient5647
[18:07:04] Normal request processed for: AutoClient5643
[18:07:04] Normal request processed for: AutoClient5645
[18:07:04] Normal request processed for: AutoClient5644
[18:07:04] Normal request processed for: AutoClient5649
[18:07:04] Normal request processed for: AutoClient5648
[18:07:04] Normal request processed for: AutoClient5650
[18:07:04] Normal request processed for: AutoClient5651
[18:07:07] Priority request processed for: AutoPriority
[18:07:07] Normal request processed for: AutoClient5660
[18:07:07] Normal request processed for: AutoClient5657
[18:07:07] Normal request processed for: AutoClient5663
[18:07:07] Normal request processed for: AutoClient5654
[18:07:07] Normal request processed for: AutoClient5652
[18:07:07] Normal request processed for: AutoClient5653
[18:07:07] Normal request processed for: AutoClient5655
[18:07:07] Normal request processed for: AutoClient5661
[18:07:07] Normal request processed for: AutoClient5656
[18:07:07] Normal request processed for: AutoClient5659
[18:07:07] Normal request processed for: AutoClient5658
[18:07:08] Normal request processed for: AutoClient5666
[18:07:08] Normal request processed for: AutoClient5671
[18:07:08] Normal request processed for: AutoClient5672
[18:07:08] Normal request processed for: AutoClient5668
[18:07:08] Normal request processed for: AutoClient5662
[18:07:08] Normal request processed for: AutoClient5673
[18:07:08] Normal request processed for: AutoClient5665
[18:07:08] Normal request processed for: AutoClient5667
[18:07:08] Normal request processed for: AutoClient5670
[18:07:08] Normal request processed for: AutoClient5669
[18:07:08] Normal request processed for: AutoClient5664
[18:07:08] Normal request processed for: AutoClient5674
[18:07:08] Normal request processed for: AutoClient5676
[18:07:08] Normal request processed for: AutoClient5675
[18:07:08] Normal request processed for: AutoClient5677
[18:07:08] Normal request processed for: AutoClient5678
[18:07:08] Normal request processed for: AutoClient5681
[18:07:08] Normal request processed for: AutoClient5680
[18:07:08] Normal request processed for: AutoClient5679
[18:07:08] Normal request processed for: AutoClient5685
[18:07:08] Normal request processed for: AutoClient5682
[18:07:08] Normal request processed for: AutoClient5683
[18:07:08] Normal request processed for: AutoClient5686
[18:07:08] Normal request processed for: AutoClient5690
[18:07:08] Normal request processed for: AutoClient5689
[18:07:08] Normal request processed for: AutoClient5696
[18:07:08] Normal request processed for: AutoClient5687
[18:07:08] Normal request processed for: AutoClient5693
[18:07:08] Normal request processed for: AutoClient5692
[18:07:08] Normal request processed for: AutoClient5684
[18:07:08] Normal request processed for: AutoClient5688
[18:07:08] Normal request processed for: AutoClient5691
[18:07:08] Normal request processed for: AutoClient5694
[18:07:08] Normal request processed for: AutoClient5695
[18:07:08] Normal request processed for: AutoClient5699
[18:07:08] Normal request processed for: AutoClient5698
[18:07:08] Normal request processed for: AutoClient5697
[18:07:08] Normal request processed for: AutoClient5706
[18:07:08] Normal request processed for: AutoClient5702
[18:07:08] Normal request processed for: AutoClient5710
[18:07:08] Normal request processed for: AutoClient5701
[18:07:08] Normal request processed for: AutoClient5703
[18:07:08] Normal request processed for: AutoClient5704
[18:07:08] Normal request processed for: AutoClient5709
[18:07:09] Normal request processed for: AutoClient5707
[18:07:09] Normal request processed for: AutoClient5708
[18:07:09] Normal request processed for: AutoClient5713
[18:07:09] Normal request processed for: AutoClient5718
[18:07:09] Normal request processed for: AutoClient5705
[18:07:09] Normal request processed for: AutoClient5716
[18:07:09] Normal request processed for: AutoClient5712
[18:07:09] Normal request processed for: AutoClient5711
[18:07:09] Normal request processed for: AutoClient5714
[18:07:09] Normal request processed for: AutoClient5715
[18:07:09] Normal request processed for: AutoClient5717
[18:07:09] Normal request processed for: AutoClient5724
[18:07:09] Normal request processed for: AutoClient5719
[18:07:09] Normal request processed for: AutoClient5720
[18:07:09] Normal request processed for: AutoClient5721
[18:07:09] Normal request processed for: AutoClient5722
[18:07:09] Normal request processed for: AutoClient5726
[18:07:09] Normal request processed for: AutoClient5723
[18:07:09] Normal request processed for: AutoClient5725
[18:07:09] Normal request processed for: AutoClient5727
[18:07:09] Normal request processed for: AutoClient5728
[18:07:09] Normal request processed for: AutoClient5730
[18:07:09] Normal request processed for: AutoClient5729
[18:07:09] Normal request processed for: AutoClient5731
[18:07:09] Normal request processed for: AutoClient5732
[18:07:09] Normal request processed for: AutoClient5733
[18:07:09] Normal request processed for: AutoClient5735
[18:07:09] Normal request processed for: AutoClient5736
[18:07:09] Normal request processed for: AutoClient5739
[18:07:09] Normal request processed for: AutoClient5734
[18:07:09] Normal request processed for: AutoClient5737
[18:07:09] Normal request processed for: AutoClient5738
[18:07:09] Normal request processed for: AutoClient5741
[18:07:09] Normal request processed for: AutoClient5740
[18:07:09] Normal request processed for: AutoClient5742
[18:07:09] Normal request processed for: AutoClient5743
[18:07:09] Normal request processed for: AutoClient5744
[18:07:09] Normal request processed for: AutoClient5747
[18:07:09] Normal request processed for: AutoClient5746
[18:07:09] Normal request processed for: AutoClient5745
[18:07:09] Normal request processed for: AutoClient5749
[18:07:09] Normal request processed for: AutoClient5751
[18:07:09] Normal request processed for: AutoClient5750
[18:07:09] Normal request processed for: AutoClient5748
[18:07:10] Normal request processed for: AutoClient5757
[18:07:10] Normal request processed for: AutoClient5755
[18:07:10] Normal request processed for: AutoClient5752
[18:07:10] Normal request processed for: AutoClient5758
[18:07:10] Normal request processed for: AutoClient5754
[18:07:10] Normal request processed for: AutoClient5760
[18:07:10] Normal request processed for: AutoClient5753
[18:07:10] Normal request processed for: AutoClient5756
[18:07:10] Normal request processed for: AutoClient5759
[18:07:10] Normal request processed for: AutoClient5771
[18:07:10] Normal request processed for: AutoClient5762
[18:07:10] Normal request processed for: AutoClient5763
[18:07:10] Normal request processed for: AutoClient5768
[18:07:10] Normal request processed for: AutoClient5770
[18:07:10] Normal request processed for: AutoClient5764
[18:07:10] Normal request processed for: AutoClient5767
[18:07:10] Normal request processed for: AutoClient5761
[18:07:10] Normal request processed for: AutoClient5765
[18:07:10] Normal request processed for: AutoClient5766
[18:07:10] Normal request processed for: AutoClient5769
[18:07:13] Priority request processed for: AutoPriority
[18:07:13] Normal request processed for: AutoClient5784
[18:07:13] Normal request processed for: AutoClient5773
[18:07:13] Normal request processed for: AutoClient5781
[18:07:13] Normal request processed for: AutoClient5776
[18:07:13] Normal request processed for: AutoClient5772
[18:07:13] Normal request processed for: AutoClient5774
[18:07:13] Normal request processed for: AutoClient5777
[18:07:13] Normal request processed for: AutoClient5775
[18:07:13] Normal request processed for: AutoClient5780
[18:07:13] Normal request processed for: AutoClient5779
[18:07:13] Normal request processed for: AutoClient5778
[18:07:13] Normal request processed for: AutoClient5783
[18:07:13] Normal request processed for: AutoClient5788
[18:07:13] Normal request processed for: AutoClient5796
[18:07:13] Normal request processed for: AutoClient5792
[18:07:13] Normal request processed for: AutoClient5790
[18:07:13] Normal request processed for: AutoClient5782
[18:07:13] Normal request processed for: AutoClient5791
[18:07:13] Normal request processed for: AutoClient5789
[18:07:13] Normal request processed for: AutoClient5787
[18:07:13] Normal request processed for: AutoClient5786
[18:07:13] Normal request processed for: AutoClient5794
[18:07:14] Normal request processed for: AutoClient5798
[18:07:14] Normal request processed for: AutoClient5797
[18:07:14] Normal request processed for: AutoClient5785
[18:07:14] Normal request processed for: AutoClient5793
[18:07:14] Normal request processed for: AutoClient5795
[18:07:14] Normal request processed for: AutoClient5799
[18:07:14] Normal request processed for: AutoClient5802
[18:07:14] Normal request processed for: AutoClient5803
[18:07:14] Normal request processed for: AutoClient5805
[18:07:14] Normal request processed for: AutoClient5804
[18:07:14] Normal request processed for: AutoClient5806
[18:07:14] Normal request processed for: AutoClient5807
[18:07:14] Normal request processed for: AutoClient5809
[18:07:14] Normal request processed for: AutoClient5801
[18:07:14] Normal request processed for: AutoClient5815
[18:07:14] Normal request processed for: AutoClient5808
[18:07:14] Normal request processed for: AutoClient5812
[18:07:14] Normal request processed for: AutoClient5817
[18:07:14] Normal request processed for: AutoClient5819
[18:07:14] Normal request processed for: AutoClient5810
[18:07:14] Normal request processed for: AutoClient5811
[18:07:14] Normal request processed for: AutoClient5814
[18:07:14] Normal request processed for: AutoClient5820
[18:07:14] Normal request processed for: AutoClient5818
[18:07:14] Normal request processed for: AutoClient5825
[18:07:14] Normal request processed for: AutoClient5822
[18:07:14] Normal request processed for: AutoClient5824
[18:07:14] Normal request processed for: AutoClient5813
[18:07:14] Normal request processed for: AutoClient5816
[18:07:14] Normal request processed for: AutoClient5823
[18:07:14] Normal request processed for: AutoClient5826
[18:07:14] Normal request processed for: AutoClient5833
[18:07:14] Normal request processed for: AutoClient5821
[18:07:14] Normal request processed for: AutoClient5831
[18:07:14] Normal request processed for: AutoClient5827
[18:07:14] Normal request processed for: AutoClient5832
[18:07:14] Normal request processed for: AutoClient5830
[18:07:14] Normal request processed for: AutoClient5828
[18:07:14] Normal request processed for: AutoClient5834
[18:07:14] Normal request processed for: AutoClient5837
[18:07:14] Normal request processed for: AutoClient5835
[18:07:14] Normal request processed for: AutoClient5829
[18:07:14] Normal request processed for: AutoClient5836
[18:07:14] Normal request processed for: AutoClient5839
[18:07:15] Normal request processed for: AutoClient5841
[18:07:15] Normal request processed for: AutoClient5840
[18:07:15] Normal request processed for: AutoClient5846
[18:07:15] Normal request processed for: AutoClient5838
[18:07:15] Normal request processed for: AutoClient5845
[18:07:15] Normal request processed for: AutoClient5843
[18:07:15] Normal request processed for: AutoClient5844
[18:07:15] Normal request processed for: AutoClient5847
[18:07:15] Normal request processed for: AutoClient5842
[18:07:15] Normal request processed for: AutoClient5849
[18:07:15] Normal request processed for: AutoClient5848
[18:07:15] Normal request processed for: AutoClient5852
[18:07:15] Normal request processed for: AutoClient5851
[18:07:15] Normal request processed for: AutoClient5854
[18:07:15] Normal request processed for: AutoClient5855
[18:07:15] Normal request processed for: AutoClient5850
[18:07:15] Normal request processed for: AutoClient5853
[18:07:15] Normal request processed for: AutoClient5857
[18:07:15] Normal request processed for: AutoClient5856
[18:07:15] Normal request processed for: AutoClient5859
[18:07:15] Normal request processed for: AutoClient5858
[18:07:15] Normal request processed for: AutoClient5860
[18:07:15] Normal request processed for: AutoClient5868
[18:07:15] Normal request processed for: AutoClient5861
[18:07:15] Normal request processed for: AutoClient5869
[18:07:15] Normal request processed for: AutoClient5862
[18:07:15] Normal request processed for: AutoClient5863
[18:07:15] Normal request processed for: AutoClient5866
[18:07:15] Normal request processed for: AutoClient5864
[18:07:15] Normal request processed for: AutoClient5867
[18:07:15] Normal request processed for: AutoClient5865
[18:07:15] Normal request processed for: AutoClient5871
[18:07:15] Normal request processed for: AutoClient5870
[18:07:15] Normal request processed for: AutoClient5880
[18:07:15] Normal request processed for: AutoClient5879
[18:07:15] Normal request processed for: AutoClient5874
[18:07:15] Normal request processed for: AutoClient5878
[18:07:15] Normal request processed for: AutoClient5877
[18:07:15] Normal request processed for: AutoClient5872
[18:07:15] Normal request processed for: AutoClient5873
[18:07:15] Normal request processed for: AutoClient5875
[18:07:15] Normal request processed for: AutoClient5876
[18:07:16] Normal request processed for: AutoClient5881
[18:07:16] Normal request processed for: AutoClient5884
[18:07:16] Normal request processed for: AutoClient5883
[18:07:16] Normal request processed for: AutoClient5885
[18:07:16] Normal request processed for: AutoClient5882
[18:07:16] Normal request processed for: AutoClient5890
[18:07:16] Normal request processed for: AutoClient5889
[18:07:16] Normal request processed for: AutoClient5886
[18:07:16] Normal request processed for: AutoClient5891
[18:07:16] Normal request processed for: AutoClient5888
[18:07:16] Normal request processed for: AutoClient5887
[18:07:19] Priority request processed for: AutoPriority
[18:07:19] Normal request processed for: AutoClient5897
[18:07:19] Normal request processed for: AutoClient5893
[18:07:19] Normal request processed for: AutoClient5899
[18:07:19] Normal request processed for: AutoClient5895
[18:07:19] Normal request processed for: AutoClient5905
[18:07:19] Normal request processed for: AutoClient5906
[18:07:19] Normal request processed for: AutoClient5892
[18:07:19] Normal request processed for: AutoClient5901
[18:07:19] Normal request processed for: AutoClient5896
[18:07:19] Normal request processed for: AutoClient5898
[18:07:19] Normal request processed for: AutoClient5894
[18:07:22] Priority request processed for: AutoPriority
[18:07:22] Normal request processed for: AutoClient5902
[18:07:22] Normal request processed for: AutoClient5913
[18:07:22] Normal request processed for: AutoClient5910
[18:07:22] Normal request processed for: AutoClient5909
[18:07:22] Normal request processed for: AutoClient5907
[18:07:22] Normal request processed for: AutoClient5903
[18:07:22] Normal request processed for: AutoClient5904
[18:07:22] Normal request processed for: AutoClient5911
[18:07:22] Normal request processed for: AutoClient5908
[18:07:22] Normal request processed for: AutoClient5912
[18:07:22] Normal request processed for: AutoClient5914
[18:07:22] Normal request processed for: AutoClient5915
[18:07:22] Normal request processed for: AutoClient5926
[18:07:22] Normal request processed for: AutoClient5924
[18:07:22] Normal request processed for: AutoClient5922
[18:07:22] Normal request processed for: AutoClient5916
[18:07:22] Normal request processed for: AutoClient5917
[18:07:22] Normal request processed for: AutoClient5923
[18:07:22] Normal request processed for: AutoClient5918
[18:07:22] Normal request processed for: AutoClient5919
[18:07:22] Normal request processed for: AutoClient5921
[18:07:22] Normal request processed for: AutoClient5920
[18:07:23] Normal request processed for: AutoClient5931
[18:07:23] Normal request processed for: AutoClient5925
[18:07:23] Normal request processed for: AutoClient5930
[18:07:23] Normal request processed for: AutoClient5934
[18:07:23] Normal request processed for: AutoClient5936
[18:07:23] Normal request processed for: AutoClient5932
[18:07:23] Normal request processed for: AutoClient5927
[18:07:23] Normal request processed for: AutoClient5928
[18:07:23] Normal request processed for: AutoClient5929
[18:07:23] Normal request processed for: AutoClient5933
[18:07:23] Normal request processed for: AutoClient5935
[18:07:23] Normal request processed for: AutoClient5940
[18:07:23] Normal request processed for: AutoClient5943
[18:07:23] Normal request processed for: AutoClient5937
[18:07:23] Normal request processed for: AutoClient5938
[18:07:23] Normal request processed for: AutoClient5941
[18:07:23] Normal request processed for: AutoClient5942
[18:07:23] Normal request processed for: AutoClient5939
[18:07:23] Normal request processed for: AutoClient5944
[18:07:23] Normal request processed for: AutoClient5946
[18:07:23] Normal request processed for: AutoClient5947
[18:07:23] Normal request processed for: AutoClient5945
[18:07:23] Normal request processed for: AutoClient5948
[18:07:23] Normal request processed for: AutoClient5949
[18:07:23] Normal request processed for: AutoClient5950
[18:07:23] Normal request processed for: AutoClient5955
[18:07:23] Normal request processed for: AutoClient5954
[18:07:23] Normal request processed for: AutoClient5952
[18:07:23] Normal request processed for: AutoClient5957
[18:07:23] Normal request processed for: AutoClient5951
[18:07:23] Normal request processed for: AutoClient5953
[18:07:23] Normal request processed for: AutoClient5956
[18:07:23] Normal request processed for: AutoClient5958
[18:07:23] Normal request processed for: AutoClient5959
[18:07:23] Normal request processed for: AutoClient5961
[18:07:23] Normal request processed for: AutoClient5960
[18:07:23] Normal request processed for: AutoClient5964
[18:07:23] Normal request processed for: AutoClient5966
[18:07:23] Normal request processed for: AutoClient5965
[18:07:23] Normal request processed for: AutoClient5962
[18:07:23] Normal request processed for: AutoClient5963
[18:07:23] Normal request processed for: AutoClient5967
[18:07:23] Normal request processed for: AutoClient5970
[18:07:23] Normal request processed for: AutoClient5968
[18:07:24] Normal request processed for: AutoClient5969
[18:07:24] Normal request processed for: AutoClient5971
[18:07:24] Normal request processed for: AutoClient5974
[18:07:24] Normal request processed for: AutoClient5976
[18:07:24] Normal request processed for: AutoClient5972
[18:07:24] Normal request processed for: AutoClient5975
[18:07:24] Normal request processed for: AutoClient5979
[18:07:24] Normal request processed for: AutoClient5977
[18:07:24] Normal request processed for: AutoClient5973
[18:07:24] Normal request processed for: AutoClient5980
[18:07:24] Normal request processed for: AutoClient5978
[18:07:24] Normal request processed for: AutoClient5983
[18:07:24] Normal request processed for: AutoClient5981
[18:07:24] Normal request processed for: AutoClient5982
[18:07:24] Normal request processed for: AutoClient5984
[18:07:24] Normal request processed for: AutoClient5989
[18:07:24] Normal request processed for: AutoClient5987
[18:07:24] Normal request processed for: AutoClient5988
[18:07:24] Normal request processed for: AutoClient5985
[18:07:24] Normal request processed for: AutoClient5986
[18:07:24] Normal request processed for: AutoClient5991
[18:07:24] Normal request processed for: AutoClient5990
[18:07:24] Normal request processed for: AutoClient5994
[18:07:24] Normal request processed for: AutoClient5996
[18:07:24] Normal request processed for: AutoClient5993
[18:07:24] Normal request processed for: AutoClient5992
[18:07:24] Normal request processed for: AutoClient5995
[18:07:24] Normal request processed for: AutoClient5997
[18:07:24] Normal request processed for: AutoClient5998
[18:07:24] Normal request processed for: AutoClient5999
[18:07:25] Normal request processed for: AutoClient6009
[18:07:25] Normal request processed for: AutoClient6003
[18:07:25] Normal request processed for: AutoClient6010
[18:07:25] Normal request processed for: AutoClient6001
[18:07:25] Normal request processed for: AutoClient6005
[18:07:25] Normal request processed for: AutoClient6007
[18:07:25] Normal request processed for: AutoClient6006
[18:07:25] Normal request processed for: AutoClient6004
[18:07:25] Normal request processed for: AutoClient6008
[18:07:25] Normal request processed for: AutoClient6011
[18:07:25] Normal request processed for: AutoClient6002
[18:07:28] Priority request processed for: AutoPriority
[18:07:28] Normal request processed for: AutoClient6016
[18:07:28] Normal request processed for: AutoClient6013
[18:07:28] Normal request processed for: AutoClient6020
[18:07:28] Normal request processed for: AutoClient6024
[18:07:28] Normal request processed for: AutoClient6019
[18:07:28] Normal request processed for: AutoClient6017
[18:07:28] Normal request processed for: AutoClient6015
[18:07:28] Normal request processed for: AutoClient6018
[18:07:28] Normal request processed for: AutoClient6022
[18:07:28] Normal request processed for: AutoClient6012
[18:07:28] Normal request processed for: AutoClient6014
[18:07:28] Normal request processed for: AutoClient6030
[18:07:28] Normal request processed for: AutoClient6025
[18:07:28] Normal request processed for: AutoClient6027
[18:07:28] Normal request processed for: AutoClient6026
[18:07:28] Normal request processed for: AutoClient6021
[18:07:28] Normal request processed for: AutoClient6031
[18:07:28] Normal request processed for: AutoClient6028
[18:07:28] Normal request processed for: AutoClient6023
[18:07:28] Normal request processed for: AutoClient6032
[18:07:28] Normal request processed for: AutoClient6029
[18:07:28] Normal request processed for: AutoClient6033
[18:07:28] Normal request processed for: AutoClient6036
[18:07:28] Normal request processed for: AutoClient6041
[18:07:28] Normal request processed for: AutoClient6034
[18:07:28] Normal request processed for: AutoClient6039
[18:07:28] Normal request processed for: AutoClient6035
[18:07:28] Normal request processed for: AutoClient6040
[18:07:28] Normal request processed for: AutoClient6038
[18:07:28] Normal request processed for: AutoClient6037
[18:07:28] Normal request processed for: AutoClient6044
[18:07:28] Normal request processed for: AutoClient6042
[18:07:28] Normal request processed for: AutoClient6043
[18:07:29] Normal request processed for: AutoClient6046
[18:07:29] Normal request processed for: AutoClient6051
[18:07:29] Normal request processed for: AutoClient6050
[18:07:29] Normal request processed for: AutoClient6053
[18:07:29] Normal request processed for: AutoClient6048
[18:07:29] Normal request processed for: AutoClient6045
[18:07:29] Normal request processed for: AutoClient6049
[18:07:29] Normal request processed for: AutoClient6052
[18:07:29] Normal request processed for: AutoClient6047
[18:07:29] Normal request processed for: AutoClient6054
[18:07:29] Normal request processed for: AutoClient6055
[18:07:29] Normal request processed for: AutoClient6059
[18:07:29] Normal request processed for: AutoClient6058
[18:07:29] Normal request processed for: AutoClient6056
[18:07:29] Normal request processed for: AutoClient6061
[18:07:29] Normal request processed for: AutoClient6062
[18:07:29] Normal request processed for: AutoClient6057
[18:07:29] Normal request processed for: AutoClient6060
[18:07:29] Normal request processed for: AutoClient6063
[18:07:29] Normal request processed for: AutoClient6065
[18:07:29] Normal request processed for: AutoClient6064
[18:07:29] Normal request processed for: AutoClient6066
[18:07:29] Normal request processed for: AutoClient6067
[18:07:29] Normal request processed for: AutoClient6069
[18:07:29] Normal request processed for: AutoClient6071
[18:07:29] Normal request processed for: AutoClient6070
[18:07:29] Normal request processed for: AutoClient6075
[18:07:29] Normal request processed for: AutoClient6068
[18:07:29] Normal request processed for: AutoClient6072
[18:07:29] Normal request processed for: AutoClient6078
[18:07:29] Normal request processed for: AutoClient6073
[18:07:29] Normal request processed for: AutoClient6077
[18:07:29] Normal request processed for: AutoClient6076
[18:07:29] Normal request processed for: AutoClient6081
[18:07:29] Normal request processed for: AutoClient6074
[18:07:29] Normal request processed for: AutoClient6082
[18:07:29] Normal request processed for: AutoClient6087
[18:07:29] Normal request processed for: AutoClient6084
[18:07:29] Normal request processed for: AutoClient6080
[18:07:29] Normal request processed for: AutoClient6079
[18:07:29] Normal request processed for: AutoClient6086
[18:07:29] Normal request processed for: AutoClient6083
[18:07:29] Normal request processed for: AutoClient6088
[18:07:29] Normal request processed for: AutoClient6085
[18:07:30] Normal request processed for: AutoClient6089
[18:07:30] Normal request processed for: AutoClient6090
[18:07:30] Normal request processed for: AutoClient6092
[18:07:30] Normal request processed for: AutoClient6093
[18:07:30] Normal request processed for: AutoClient6097
[18:07:30] Normal request processed for: AutoClient6099
[18:07:30] Normal request processed for: AutoClient6094
[18:07:30] Normal request processed for: AutoClient6091
[18:07:30] Normal request processed for: AutoClient6098
[18:07:30] Normal request processed for: AutoClient6095
[18:07:30] Normal request processed for: AutoClient6096
[18:07:30] Normal request processed for: AutoClient6101
[18:07:30] Normal request processed for: AutoClient6102
[18:07:30] Normal request processed for: AutoClient6104
[18:07:30] Normal request processed for: AutoClient6103
[18:07:30] Normal request processed for: AutoClient6106
[18:07:30] Normal request processed for: AutoClient6105
[18:07:30] Normal request processed for: AutoClient6109
[18:07:30] Normal request processed for: AutoClient6111
[18:07:30] Normal request processed for: AutoClient6108
[18:07:30] Normal request processed for: AutoClient6107
[18:07:30] Normal request processed for: AutoClient6110
[18:07:30] Normal request processed for: AutoClient6112
[18:07:30] Normal request processed for: AutoClient6113
[18:07:30] Normal request processed for: AutoClient6115
[18:07:30] Normal request processed for: AutoClient6116
[18:07:30] Normal request processed for: AutoClient6114
[18:07:30] Normal request processed for: AutoClient6117
[18:07:30] Normal request processed for: AutoClient6120
[18:07:30] Normal request processed for: AutoClient6118
[18:07:30] Normal request processed for: AutoClient6119
[18:07:30] Normal request processed for: AutoClient6123
[18:07:30] Normal request processed for: AutoClient6124
[18:07:30] Normal request processed for: AutoClient6122
[18:07:30] Normal request processed for: AutoClient6121
[18:07:30] Normal request processed for: AutoClient6130
[18:07:30] Normal request processed for: AutoClient6131
[18:07:30] Normal request processed for: AutoClient6129
[18:07:30] Normal request processed for: AutoClient6125
[18:07:30] Normal request processed for: AutoClient6126
[18:07:30] Normal request processed for: AutoClient6132
[18:07:30] Normal request processed for: AutoClient6134
[18:07:33] Priority request processed for: AutoPriority
[18:07:34] Normal request processed for: AutoClient6128
[18:07:34] Normal request processed for: AutoClient6139
[18:07:34] Normal request processed for: AutoClient6136
[18:07:34] Normal request processed for: AutoClient6148
[18:07:34] Normal request processed for: AutoClient6135
[18:07:34] Normal request processed for: AutoClient6140
[18:07:34] Normal request processed for: AutoClient6127
[18:07:34] Normal request processed for: AutoClient6133
[18:07:34] Normal request processed for: AutoClient6138
[18:07:34] Normal request processed for: AutoClient6137
[18:07:34] Normal request processed for: AutoClient6150
[18:07:34] Normal request processed for: AutoClient6141
[18:07:34] Normal request processed for: AutoClient6154
[18:07:34] Normal request processed for: AutoClient6156
[18:07:34] Normal request processed for: AutoClient6143
[18:07:34] Normal request processed for: AutoClient6157
[18:07:34] Normal request processed for: AutoClient6147
[18:07:34] Normal request processed for: AutoClient6142
[18:07:34] Normal request processed for: AutoClient6144
[18:07:34] Normal request processed for: AutoClient6145
[18:07:34] Normal request processed for: AutoClient6149
[18:07:34] Normal request processed for: AutoClient6146
[18:07:34] Normal request processed for: AutoClient6153
[18:07:34] Normal request processed for: AutoClient6151
[18:07:34] Normal request processed for: AutoClient6152
[18:07:34] Normal request processed for: AutoClient6164
[18:07:34] Normal request processed for: AutoClient6159
[18:07:34] Normal request processed for: AutoClient6155
[18:07:34] Normal request processed for: AutoClient6160
[18:07:34] Normal request processed for: AutoClient6163
[18:07:34] Normal request processed for: AutoClient6158
[18:07:34] Normal request processed for: AutoClient6162
[18:07:34] Normal request processed for: AutoClient6161
[18:07:34] Normal request processed for: AutoClient6165
[18:07:34] Normal request processed for: AutoClient6166
[18:07:34] Normal request processed for: AutoClient6168
[18:07:34] Normal request processed for: AutoClient6173
[18:07:34] Normal request processed for: AutoClient6167
[18:07:34] Normal request processed for: AutoClient6172
[18:07:34] Normal request processed for: AutoClient6170
[18:07:34] Normal request processed for: AutoClient6171
[18:07:34] Normal request processed for: AutoClient6176
[18:07:34] Normal request processed for: AutoClient6169
[18:07:34] Normal request processed for: AutoClient6174
[18:07:35] Normal request processed for: AutoClient6175
[18:07:35] Normal request processed for: AutoClient6177
[18:07:35] Normal request processed for: AutoClient6178
[18:07:35] Normal request processed for: AutoClient6185
[18:07:35] Normal request processed for: AutoClient6182
[18:07:35] Normal request processed for: AutoClient6184
[18:07:35] Normal request processed for: AutoClient6180
[18:07:35] Normal request processed for: AutoClient6179
[18:07:35] Normal request processed for: AutoClient6186
[18:07:35] Normal request processed for: AutoClient6181
[18:07:35] Normal request processed for: AutoClient6183
[18:07:35] Normal request processed for: AutoClient6187
[18:07:35] Normal request processed for: AutoClient6190
[18:07:35] Normal request processed for: AutoClient6189
[18:07:35] Normal request processed for: AutoClient6188
[18:07:35] Normal request processed for: AutoClient6193
[18:07:35] Normal request processed for: AutoClient6191
[18:07:35] Normal request processed for: AutoClient6192
[18:07:35] Normal request processed for: AutoClient6196
[18:07:35] Normal request processed for: AutoClient6195
[18:07:35] Normal request processed for: AutoClient6198
[18:07:35] Normal request processed for: AutoClient6194
[18:07:35] Normal request processed for: AutoClient6199
[18:07:35] Normal request processed for: AutoClient6197
[18:07:35] Normal request processed for: AutoClient6205
[18:07:35] Normal request processed for: AutoClient6201
[18:07:35] Normal request processed for: AutoClient6202
[18:07:35] Normal request processed for: AutoClient6203
[18:07:35] Normal request processed for: AutoClient6209
[18:07:35] Normal request processed for: AutoClient6212
[18:07:35] Normal request processed for: AutoClient6208
[18:07:35] Normal request processed for: AutoClient6213
[18:07:35] Normal request processed for: AutoClient6211
[18:07:35] Normal request processed for: AutoClient6206
[18:07:35] Normal request processed for: AutoClient6207
[18:07:35] Normal request processed for: AutoClient6210
[18:07:35] Normal request processed for: AutoClient6204
[18:07:35] Normal request processed for: AutoClient6219
[18:07:35] Normal request processed for: AutoClient6215
[18:07:35] Normal request processed for: AutoClient6217
[18:07:35] Normal request processed for: AutoClient6214
[18:07:35] Normal request processed for: AutoClient6216
[18:07:35] Normal request processed for: AutoClient6218
[18:07:35] Normal request processed for: AutoClient6220
[18:07:36] Normal request processed for: AutoClient6222
[18:07:36] Normal request processed for: AutoClient6221
[18:07:36] Normal request processed for: AutoClient6223
[18:07:36] Normal request processed for: AutoClient6226
[18:07:36] Normal request processed for: AutoClient6225
[18:07:36] Normal request processed for: AutoClient6224
[18:07:36] Normal request processed for: AutoClient6227
[18:07:36] Normal request processed for: AutoClient6228
[18:07:36] Normal request processed for: AutoClient6230
[18:07:36] Normal request processed for: AutoClient6231
[18:07:36] Normal request processed for: AutoClient6229
[18:07:36] Normal request processed for: AutoClient6232
[18:07:36] Normal request processed for: AutoClient6233
[18:07:36] Normal request processed for: AutoClient6234
[18:07:36] Normal request processed for: AutoClient6235
[18:07:36] Normal request processed for: AutoClient6236
[18:07:36] Normal request processed for: AutoClient6238
[18:07:36] Normal request processed for: AutoClient6237
[18:07:36] Normal request processed for: AutoClient6239
[18:07:36] Normal request processed for: AutoClient6240
[18:07:36] Normal request processed for: AutoClient6243
[18:07:36] Normal request processed for: AutoClient6244
[18:07:36] Normal request processed for: AutoClient6241
[18:07:36] Normal request processed for: AutoClient6246
[18:07:36] Normal request processed for: AutoClient6242
[18:07:36] Normal request processed for: AutoClient6249
[18:07:36] Normal request processed for: AutoClient6247
[18:07:36] Normal request processed for: AutoClient6248
[18:07:36] Normal request processed for: AutoClient6245
[18:07:36] Normal request processed for: AutoClient6250
[18:07:36] Normal request processed for: AutoClient6251
[18:07:39] Priority request processed for: AutoPriority
[18:07:40] Normal request processed for: AutoClient6259
[18:07:40] Normal request processed for: AutoClient6253
[18:07:40] Normal request processed for: AutoClient6256
[18:07:40] Normal request processed for: AutoClient6258
[18:07:40] Normal request processed for: AutoClient6260
[18:07:40] Normal request processed for: AutoClient6254
[18:07:40] Normal request processed for: AutoClient6252
[18:07:40] Normal request processed for: AutoClient6255
[18:07:40] Normal request processed for: AutoClient6257
[18:07:40] Normal request processed for: AutoClient6265
[18:07:40] Normal request processed for: AutoClient6261
[18:07:40] Normal request processed for: AutoClient6262
[18:07:40] Normal request processed for: AutoClient6268
[18:07:40] Normal request processed for: AutoClient6269
[18:07:40] Normal request processed for: AutoClient6278
[18:07:40] Normal request processed for: AutoClient6273
[18:07:40] Normal request processed for: AutoClient6272
[18:07:40] Normal request processed for: AutoClient6263
[18:07:40] Normal request processed for: AutoClient6266
[18:07:40] Normal request processed for: AutoClient6264
[18:07:40] Normal request processed for: AutoClient6274
[18:07:40] Normal request processed for: AutoClient6267
[18:07:40] Normal request processed for: AutoClient6270
[18:07:40] Normal request processed for: AutoClient6276
[18:07:40] Normal request processed for: AutoClient6271
[18:07:40] Normal request processed for: AutoClient6277
[18:07:40] Normal request processed for: AutoClient6282
[18:07:40] Normal request processed for: AutoClient6275
[18:07:40] Normal request processed for: AutoClient6279
[18:07:40] Normal request processed for: AutoClient6281
[18:07:40] Normal request processed for: AutoClient6280
[18:07:40] Normal request processed for: AutoClient6284
[18:07:40] Normal request processed for: AutoClient6283
[18:07:40] Normal request processed for: AutoClient6285
[18:07:40] Normal request processed for: AutoClient6286
[18:07:40] Normal request processed for: AutoClient6291
[18:07:40] Normal request processed for: AutoClient6295
[18:07:40] Normal request processed for: AutoClient6290
[18:07:40] Normal request processed for: AutoClient6288
[18:07:40] Normal request processed for: AutoClient6294
[18:07:40] Normal request processed for: AutoClient6293
[18:07:40] Normal request processed for: AutoClient6287
[18:07:40] Normal request processed for: AutoClient6289
[18:07:40] Normal request processed for: AutoClient6292
[18:07:41] Normal request processed for: AutoClient6298
[18:07:41] Normal request processed for: AutoClient6296
[18:07:41] Normal request processed for: AutoClient6299
[18:07:41] Normal request processed for: AutoClient6297
[18:07:41] Normal request processed for: AutoClient6303
[18:07:41] Normal request processed for: AutoClient6308
[18:07:41] Normal request processed for: AutoClient6309
[18:07:41] Normal request processed for: AutoClient6304
[18:07:41] Normal request processed for: AutoClient6302
[18:07:41] Normal request processed for: AutoClient6301
[18:07:41] Normal request processed for: AutoClient6310
[18:07:41] Normal request processed for: AutoClient6306
[18:07:41] Normal request processed for: AutoClient6311
[18:07:41] Normal request processed for: AutoClient6312
[18:07:41] Normal request processed for: AutoClient6315
[18:07:41] Normal request processed for: AutoClient6318
[18:07:41] Normal request processed for: AutoClient6307
[18:07:41] Normal request processed for: AutoClient6314
[18:07:41] Normal request processed for: AutoClient6316
[18:07:41] Normal request processed for: AutoClient6313
[18:07:41] Normal request processed for: AutoClient6305
[18:07:41] Normal request processed for: AutoClient6317
[18:07:41] Normal request processed for: AutoClient6319
[18:07:41] Normal request processed for: AutoClient6331
[18:07:41] Normal request processed for: AutoClient6320
[18:07:41] Normal request processed for: AutoClient6324
[18:07:41] Normal request processed for: AutoClient6325
[18:07:41] Normal request processed for: AutoClient6322
[18:07:41] Normal request processed for: AutoClient6336
[18:07:41] Normal request processed for: AutoClient6323
[18:07:41] Normal request processed for: AutoClient6326
[18:07:41] Normal request processed for: AutoClient6327
[18:07:41] Normal request processed for: AutoClient6321
[18:07:41] Normal request processed for: AutoClient6340
[18:07:41] Normal request processed for: AutoClient6328
[18:07:41] Normal request processed for: AutoClient6329
[18:07:41] Normal request processed for: AutoClient6332
[18:07:41] Normal request processed for: AutoClient6330
[18:07:41] Normal request processed for: AutoClient6338
[18:07:41] Normal request processed for: AutoClient6339
[18:07:41] Normal request processed for: AutoClient6335
[18:07:41] Normal request processed for: AutoClient6333
[18:07:41] Normal request processed for: AutoClient6334
[18:07:41] Normal request processed for: AutoClient6346
[18:07:42] Normal request processed for: AutoClient6337
[18:07:42] Normal request processed for: AutoClient6342
[18:07:42] Normal request processed for: AutoClient6343
[18:07:42] Normal request processed for: AutoClient6347
[18:07:42] Normal request processed for: AutoClient6349
[18:07:42] Normal request processed for: AutoClient6344
[18:07:42] Normal request processed for: AutoClient6341
[18:07:42] Normal request processed for: AutoClient6345
[18:07:42] Normal request processed for: AutoClient6351
[18:07:42] Normal request processed for: AutoClient6348
[18:07:42] Normal request processed for: AutoClient6350
[18:07:42] Normal request processed for: AutoClient6352
[18:07:42] Normal request processed for: AutoClient6354
[18:07:42] Normal request processed for: AutoClient6358
[18:07:42] Normal request processed for: AutoClient6356
[18:07:42] Normal request processed for: AutoClient6357
[18:07:42] Normal request processed for: AutoClient6355
[18:07:42] Normal request processed for: AutoClient6353
[18:07:42] Normal request processed for: AutoClient6360
[18:07:42] Normal request processed for: AutoClient6359
[18:07:42] Normal request processed for: AutoClient6365
[18:07:42] Normal request processed for: AutoClient6361
[18:07:42] Normal request processed for: AutoClient6367
[18:07:42] Normal request processed for: AutoClient6371
[18:07:42] Normal request processed for: AutoClient6364
[18:07:42] Normal request processed for: AutoClient6366
[18:07:42] Normal request processed for: AutoClient6370
[18:07:42] Normal request processed for: AutoClient6369
[18:07:42] Normal request processed for: AutoClient6362
[18:07:42] Normal request processed for: AutoClient6363
[18:07:42] Normal request processed for: AutoClient6372
[18:07:45] Priority request processed for: AutoPriority
[18:07:45] Normal request processed for: AutoClient6375
[18:07:45] Normal request processed for: AutoClient6377
[18:07:45] Normal request processed for: AutoClient6374
[18:07:45] Normal request processed for: AutoClient6379
[18:07:45] Normal request processed for: AutoClient6386
[18:07:45] Normal request processed for: AutoClient6382
[18:07:45] Normal request processed for: AutoClient6373
[18:07:45] Normal request processed for: AutoClient6376
[18:07:45] Normal request processed for: AutoClient6368
[18:07:45] Normal request processed for: AutoClient6381
[18:07:45] Normal request processed for: AutoClient6380
[18:07:46] Normal request processed for: AutoClient6388
[18:07:46] Normal request processed for: AutoClient6378
[18:07:46] Normal request processed for: AutoClient6385
[18:07:46] Normal request processed for: AutoClient6387
[18:07:46] Normal request processed for: AutoClient6389
[18:07:46] Normal request processed for: AutoClient6396
[18:07:46] Normal request processed for: AutoClient6384
[18:07:46] Normal request processed for: AutoClient6392
[18:07:46] Normal request processed for: AutoClient6393
[18:07:46] Normal request processed for: AutoClient6383
[18:07:46] Normal request processed for: AutoClient6391
[18:07:46] Normal request processed for: AutoClient6397
[18:07:46] Normal request processed for: AutoClient6390
[18:07:46] Normal request processed for: AutoClient6395
[18:07:46] Normal request processed for: AutoClient6398
[18:07:46] Normal request processed for: AutoClient6402
[18:07:46] Normal request processed for: AutoClient6394
[18:07:46] Normal request processed for: AutoClient6399
[18:07:46] Normal request processed for: AutoClient6404
[18:07:46] Normal request processed for: AutoClient6403
[18:07:46] Normal request processed for: AutoClient6405
[18:07:46] Normal request processed for: AutoClient6401
[18:07:46] Normal request processed for: AutoClient6411
[18:07:46] Normal request processed for: AutoClient6406
[18:07:46] Normal request processed for: AutoClient6410
[18:07:46] Normal request processed for: AutoClient6416
[18:07:46] Normal request processed for: AutoClient6409
[18:07:46] Normal request processed for: AutoClient6413
[18:07:46] Normal request processed for: AutoClient6408
[18:07:46] Normal request processed for: AutoClient6407
[18:07:46] Normal request processed for: AutoClient6412
[18:07:46] Normal request processed for: AutoClient6417
[18:07:46] Normal request processed for: AutoClient6415
[18:07:46] Normal request processed for: AutoClient6428
[18:07:46] Normal request processed for: AutoClient6414
[18:07:46] Normal request processed for: AutoClient6426
[18:07:46] Normal request processed for: AutoClient6419
[18:07:46] Normal request processed for: AutoClient6422
[18:07:46] Normal request processed for: AutoClient6421
[18:07:46] Normal request processed for: AutoClient6418
[18:07:46] Normal request processed for: AutoClient6420
[18:07:46] Normal request processed for: AutoClient6424
[18:07:46] Normal request processed for: AutoClient6425
[18:07:46] Normal request processed for: AutoClient6423
[18:07:47] Normal request processed for: AutoClient6435
[18:07:47] Normal request processed for: AutoClient6429
[18:07:47] Normal request processed for: AutoClient6438
[18:07:47] Normal request processed for: AutoClient6430
[18:07:47] Normal request processed for: AutoClient6433
[18:07:47] Normal request processed for: AutoClient6437
[18:07:47] Normal request processed for: AutoClient6431
[18:07:47] Normal request processed for: AutoClient6427
[18:07:47] Normal request processed for: AutoClient6432
[18:07:47] Normal request processed for: AutoClient6434
[18:07:47] Normal request processed for: AutoClient6436
[18:07:47] Normal request processed for: AutoClient6440
[18:07:47] Normal request processed for: AutoClient6450
[18:07:47] Normal request processed for: AutoClient6444
[18:07:47] Normal request processed for: AutoClient6441
[18:07:47] Normal request processed for: AutoClient6442
[18:07:47] Normal request processed for: AutoClient6448
[18:07:47] Normal request processed for: AutoClient6446
[18:07:47] Normal request processed for: AutoClient6439
[18:07:47] Normal request processed for: AutoClient6445
[18:07:47] Normal request processed for: AutoClient6447
[18:07:47] Normal request processed for: AutoClient6443
[18:07:47] Normal request processed for: AutoClient6456
[18:07:47] Normal request processed for: AutoClient6454
[18:07:47] Normal request processed for: AutoClient6449
[18:07:47] Normal request processed for: AutoClient6455
[18:07:47] Normal request processed for: AutoClient6457
[18:07:47] Normal request processed for: AutoClient6453
[18:07:47] Normal request processed for: AutoClient6451
[18:07:47] Normal request processed for: AutoClient6452
[18:07:47] Normal request processed for: AutoClient6459
[18:07:47] Normal request processed for: AutoClient6460
[18:07:47] Normal request processed for: AutoClient6458
[18:07:47] Normal request processed for: AutoClient6464
[18:07:47] Normal request processed for: AutoClient6461
[18:07:47] Normal request processed for: AutoClient6462
[18:07:47] Normal request processed for: AutoClient6463
[18:07:47] Normal request processed for: AutoClient6466
[18:07:47] Normal request processed for: AutoClient6465
[18:07:47] Normal request processed for: AutoClient6469
[18:07:47] Normal request processed for: AutoClient6468
[18:07:47] Normal request processed for: AutoClient6471
[18:07:47] Normal request processed for: AutoClient6467
[18:07:47] Normal request processed for: AutoClient6470
[18:07:48] Normal request processed for: AutoClient6473
[18:07:48] Normal request processed for: AutoClient6472
[18:07:48] Normal request processed for: AutoClient6475
[18:07:48] Normal request processed for: AutoClient6479
[18:07:48] Normal request processed for: AutoClient6477
[18:07:48] Normal request processed for: AutoClient6478
[18:07:48] Normal request processed for: AutoClient6474
[18:07:48] Normal request processed for: AutoClient6480
[18:07:48] Normal request processed for: AutoClient6476
[18:07:48] Normal request processed for: AutoClient6499
[18:07:48] Normal request processed for: AutoClient6494
[18:07:48] Normal request processed for: AutoClient6483
[18:07:48] Normal request processed for: AutoClient6481
[18:07:48] Normal request processed for: AutoClient6489
[18:07:48] Normal request processed for: AutoClient6497
[18:07:48] Normal request processed for: AutoClient6485
[18:07:48] Normal request processed for: AutoClient6484
[18:07:48] Normal request processed for: AutoClient6482
[18:07:51] Priority request processed for: AutoPriority
[18:07:51] Normal request processed for: AutoClient6486
[18:07:51] Normal request processed for: AutoClient6491
[18:07:51] Normal request processed for: AutoClient6495
[18:07:51] Normal request processed for: AutoClient6496
[18:07:51] Normal request processed for: AutoClient6501
[18:07:51] Normal request processed for: AutoClient6487
[18:07:51] Normal request processed for: AutoClient6493
[18:07:51] Normal request processed for: AutoClient6488
[18:07:51] Normal request processed for: AutoClient6490
[18:07:51] Normal request processed for: AutoClient6498
[18:07:51] Normal request processed for: AutoClient6492
[18:07:54] Priority request processed for: AutoPriority
[18:07:54] Normal request processed for: AutoClient6507
[18:07:54] Normal request processed for: AutoClient6512
[18:07:54] Normal request processed for: AutoClient6508
[18:07:54] Normal request processed for: AutoClient6504
[18:07:54] Normal request processed for: AutoClient6503
[18:07:54] Normal request processed for: AutoClient6506
[18:07:54] Normal request processed for: AutoClient6513
[18:07:54] Normal request processed for: AutoClient6502
[18:07:54] Normal request processed for: AutoClient6510
[18:07:54] Normal request processed for: AutoClient6511
[18:07:54] Normal request processed for: AutoClient6505
[18:07:54] Normal request processed for: AutoClient6516
[18:07:54] Normal request processed for: AutoClient6518
[18:07:54] Normal request processed for: AutoClient6522
[18:07:54] Normal request processed for: AutoClient6515
[18:07:54] Normal request processed for: AutoClient6514
[18:07:54] Normal request processed for: AutoClient6521
[18:07:54] Normal request processed for: AutoClient6520
[18:07:54] Normal request processed for: AutoClient6509
[18:07:54] Normal request processed for: AutoClient6519
[18:07:54] Normal request processed for: AutoClient6517
[18:07:54] Normal request processed for: AutoClient6523
[18:07:55] Normal request processed for: AutoClient6526
[18:07:55] Normal request processed for: AutoClient6530
[18:07:55] Normal request processed for: AutoClient6527
[18:07:55] Normal request processed for: AutoClient6524
[18:07:55] Normal request processed for: AutoClient6532
[18:07:55] Normal request processed for: AutoClient6535
[18:07:55] Normal request processed for: AutoClient6525
[18:07:55] Normal request processed for: AutoClient6528
[18:07:55] Normal request processed for: AutoClient6533
[18:07:55] Normal request processed for: AutoClient6529
[18:07:55] Normal request processed for: AutoClient6531
[18:07:55] Normal request processed for: AutoClient6536
[18:07:55] Normal request processed for: AutoClient6534
[18:07:55] Normal request processed for: AutoClient6539
[18:07:55] Normal request processed for: AutoClient6537
[18:07:55] Normal request processed for: AutoClient6538
[18:07:55] Normal request processed for: AutoClient6540
[18:07:55] Normal request processed for: AutoClient6545
[18:07:55] Normal request processed for: AutoClient6541
[18:07:55] Normal request processed for: AutoClient6542
[18:07:55] Normal request processed for: AutoClient6544
[18:07:55] Normal request processed for: AutoClient6543
[18:07:55] Normal request processed for: AutoClient6549
[18:07:55] Normal request processed for: AutoClient6548
[18:07:55] Normal request processed for: AutoClient6547
[18:07:55] Normal request processed for: AutoClient6552
[18:07:55] Normal request processed for: AutoClient6551
[18:07:55] Normal request processed for: AutoClient6553
[18:07:55] Normal request processed for: AutoClient6550
[18:07:55] Normal request processed for: AutoClient6546
[18:07:55] Normal request processed for: AutoClient6555
[18:07:55] Normal request processed for: AutoClient6554
[18:07:55] Normal request processed for: AutoClient6556
[18:07:55] Normal request processed for: AutoClient6563
[18:07:55] Normal request processed for: AutoClient6562
[18:07:55] Normal request processed for: AutoClient6559
[18:07:55] Normal request processed for: AutoClient6558
[18:07:55] Normal request processed for: AutoClient6564
[18:07:55] Normal request processed for: AutoClient6560
[18:07:55] Normal request processed for: AutoClient6565
[18:07:55] Normal request processed for: AutoClient6566
[18:07:55] Normal request processed for: AutoClient6557
[18:07:55] Normal request processed for: AutoClient6561
[18:07:55] Normal request processed for: AutoClient6568
[18:07:56] Normal request processed for: AutoClient6571
[18:07:56] Normal request processed for: AutoClient6577
[18:07:56] Normal request processed for: AutoClient6567
[18:07:56] Normal request processed for: AutoClient6570
[18:07:56] Normal request processed for: AutoClient6573
[18:07:56] Normal request processed for: AutoClient6569
[18:07:56] Normal request processed for: AutoClient6578
[18:07:56] Normal request processed for: AutoClient6572
[18:07:56] Normal request processed for: AutoClient6574
[18:07:56] Normal request processed for: AutoClient6575
[18:07:56] Normal request processed for: AutoClient6576
[18:07:56] Normal request processed for: AutoClient6580
[18:07:56] Normal request processed for: AutoClient6579
[18:07:56] Normal request processed for: AutoClient6587
[18:07:56] Normal request processed for: AutoClient6588
[18:07:56] Normal request processed for: AutoClient6581
[18:07:56] Normal request processed for: AutoClient6584
[18:07:56] Normal request processed for: AutoClient6585
[18:07:56] Normal request processed for: AutoClient6582
[18:07:56] Normal request processed for: AutoClient6586
[18:07:56] Normal request processed for: AutoClient6583
[18:07:56] Normal request processed for: AutoClient6589
[18:07:56] Normal request processed for: AutoClient6592
[18:07:56] Normal request processed for: AutoClient6591
[18:07:56] Normal request processed for: AutoClient6596
[18:07:56] Normal request processed for: AutoClient6590
[18:07:56] Normal request processed for: AutoClient6593
[18:07:56] Normal request processed for: AutoClient6594
[18:07:56] Normal request processed for: AutoClient6595
[18:07:56] Normal request processed for: AutoClient6597
[18:07:56] Normal request processed for: AutoClient6598
[18:07:56] Normal request processed for: AutoClient6599
[18:07:57] Normal request processed for: AutoClient6604
[18:07:57] Normal request processed for: AutoClient6606
[18:07:57] Normal request processed for: AutoClient6602
[18:07:57] Normal request processed for: AutoClient6601
[18:07:57] Normal request processed for: AutoClient6605
[18:07:57] Normal request processed for: AutoClient6609
[18:07:57] Normal request processed for: AutoClient6616
[18:07:57] Normal request processed for: AutoClient6612
[18:07:57] Normal request processed for: AutoClient6610
[18:07:57] Normal request processed for: AutoClient6603
[18:07:57] Normal request processed for: AutoClient6607
[18:08:00] Priority request processed for: AutoPriority
[18:08:00] Normal request processed for: AutoClient6617
[18:08:00] Normal request processed for: AutoClient6611
[18:08:00] Normal request processed for: AutoClient6619
[18:08:00] Normal request processed for: AutoClient6622
[18:08:00] Normal request processed for: AutoClient6614
[18:08:00] Normal request processed for: AutoClient6613
[18:08:00] Normal request processed for: AutoClient6618
[18:08:00] Normal request processed for: AutoClient6620
[18:08:00] Normal request processed for: AutoClient6615
[18:08:00] Normal request processed for: AutoClient6624
[18:08:00] Normal request processed for: AutoClient6608
[18:08:00] Normal request processed for: AutoClient6621
[18:08:00] Normal request processed for: AutoClient6626
[18:08:00] Normal request processed for: AutoClient6625
[18:08:00] Normal request processed for: AutoClient6628
[18:08:00] Normal request processed for: AutoClient6627
[18:08:00] Normal request processed for: AutoClient6632
[18:08:00] Normal request processed for: AutoClient6631
[18:08:00] Normal request processed for: AutoClient6629
[18:08:00] Normal request processed for: AutoClient6623
[18:08:00] Normal request processed for: AutoClient6630
[18:08:00] Normal request processed for: AutoClient6633
[18:08:00] Normal request processed for: AutoClient6641
[18:08:00] Normal request processed for: AutoClient6636
[18:08:00] Normal request processed for: AutoClient6640
[18:08:00] Normal request processed for: AutoClient6634
[18:08:00] Normal request processed for: AutoClient6639
[18:08:00] Normal request processed for: AutoClient6635
[18:08:00] Normal request processed for: AutoClient6638
[18:08:00] Normal request processed for: AutoClient6642
[18:08:00] Normal request processed for: AutoClient6637
[18:08:00] Normal request processed for: AutoClient6647
[18:08:00] Normal request processed for: AutoClient6644
[18:08:01] Normal request processed for: AutoClient6649
[18:08:01] Normal request processed for: AutoClient6645
[18:08:01] Normal request processed for: AutoClient6648
[18:08:01] Normal request processed for: AutoClient6643
[18:08:01] Normal request processed for: AutoClient6646
[18:08:01] Normal request processed for: AutoClient6653
[18:08:01] Normal request processed for: AutoClient6650
[18:08:01] Normal request processed for: AutoClient6655
[18:08:01] Normal request processed for: AutoClient6651
[18:08:01] Normal request processed for: AutoClient6652
[18:08:01] Normal request processed for: AutoClient6654
[18:08:01] Normal request processed for: AutoClient6657
[18:08:01] Normal request processed for: AutoClient6658
[18:08:01] Normal request processed for: AutoClient6656
[18:08:01] Normal request processed for: AutoClient6659
[18:08:01] Normal request processed for: AutoClient6662
[18:08:01] Normal request processed for: AutoClient6660
[18:08:01] Normal request processed for: AutoClient6664
[18:08:01] Normal request processed for: AutoClient6666
[18:08:01] Normal request processed for: AutoClient6661
[18:08:01] Normal request processed for: AutoClient6663
[18:08:01] Normal request processed for: AutoClient6665
[18:08:01] Normal request processed for: AutoClient6669
[18:08:01] Normal request processed for: AutoClient6667
[18:08:01] Normal request processed for: AutoClient6668
[18:08:01] Normal request processed for: AutoClient6671
[18:08:01] Normal request processed for: AutoClient6674
[18:08:01] Normal request processed for: AutoClient6670
[18:08:01] Normal request processed for: AutoClient6672
[18:08:01] Normal request processed for: AutoClient6676
[18:08:01] Normal request processed for: AutoClient6673
[18:08:01] Normal request processed for: AutoClient6675
[18:08:01] Normal request processed for: AutoClient6677
[18:08:01] Normal request processed for: AutoClient6681
[18:08:01] Normal request processed for: AutoClient6680
[18:08:01] Normal request processed for: AutoClient6679
[18:08:01] Normal request processed for: AutoClient6678
[18:08:01] Normal request processed for: AutoClient6685
[18:08:01] Normal request processed for: AutoClient6686
[18:08:01] Normal request processed for: AutoClient6684
[18:08:01] Normal request processed for: AutoClient6687
[18:08:01] Normal request processed for: AutoClient6688
[18:08:01] Normal request processed for: AutoClient6683
[18:08:01] Normal request processed for: AutoClient6682
[18:08:02] Normal request processed for: AutoClient6693
[18:08:02] Normal request processed for: AutoClient6689
[18:08:02] Normal request processed for: AutoClient6692
[18:08:02] Normal request processed for: AutoClient6690
[18:08:02] Normal request processed for: AutoClient6691
[18:08:02] Normal request processed for: AutoClient6694
[18:08:02] Normal request processed for: AutoClient6698
[18:08:02] Normal request processed for: AutoClient6699
[18:08:02] Normal request processed for: AutoClient6696
[18:08:02] Normal request processed for: AutoClient6697
[18:08:02] Normal request processed for: AutoClient6695
[18:08:02] Normal request processed for: AutoClient6704
[18:08:02] Normal request processed for: AutoClient6701
[18:08:02] Normal request processed for: AutoClient6702
[18:08:02] Normal request processed for: AutoClient6705
[18:08:02] Normal request processed for: AutoClient6703
[18:08:02] Normal request processed for: AutoClient6706
[18:08:02] Normal request processed for: AutoClient6709
[18:08:02] Normal request processed for: AutoClient6707
[18:08:02] Normal request processed for: AutoClient6708
[18:08:02] Normal request processed for: AutoClient6710
[18:08:02] Normal request processed for: AutoClient6711
[18:08:02] Normal request processed for: AutoClient6713
[18:08:02] Normal request processed for: AutoClient6712
[18:08:02] Normal request processed for: AutoClient6714
[18:08:02] Normal request processed for: AutoClient6716
[18:08:02] Normal request processed for: AutoClient6715
[18:08:02] Normal request processed for: AutoClient6720
[18:08:02] Normal request processed for: AutoClient6718
[18:08:02] Normal request processed for: AutoClient6717
[18:08:02] Normal request processed for: AutoClient6719
[18:08:02] Normal request processed for: AutoClient6724
[18:08:02] Normal request processed for: AutoClient6722
[18:08:02] Normal request processed for: AutoClient6721
[18:08:02] Normal request processed for: AutoClient6726
[18:08:02] Normal request processed for: AutoClient6725
[18:08:02] Normal request processed for: AutoClient6728
[18:08:02] Normal request processed for: AutoClient6730
[18:08:02] Normal request processed for: AutoClient6727
[18:08:02] Normal request processed for: AutoClient6723
[18:08:02] Normal request processed for: AutoClient6729
[18:08:02] Normal request processed for: AutoClient6731
[18:08:05] Priority request processed for: AutoPriority
[18:08:06] Normal request processed for: AutoClient6743
[18:08:06] Normal request processed for: AutoClient6738
[18:08:06] Normal request processed for: AutoClient6740
[18:08:06] Normal request processed for: AutoClient6734
[18:08:06] Normal request processed for: AutoClient6735
[18:08:06] Normal request processed for: AutoClient6736
[18:08:06] Normal request processed for: AutoClient6739
[18:08:06] Normal request processed for: AutoClient6741
[18:08:06] Normal request processed for: AutoClient6732
[18:08:06] Normal request processed for: AutoClient6737
[18:08:06] Normal request processed for: AutoClient6733
[18:08:06] Normal request processed for: AutoClient6746
[18:08:06] Normal request processed for: AutoClient6744
[18:08:06] Normal request processed for: AutoClient6752
[18:08:06] Normal request processed for: AutoClient6742
[18:08:06] Normal request processed for: AutoClient6745
[18:08:06] Normal request processed for: AutoClient6748
[18:08:06] Normal request processed for: AutoClient6751
[18:08:06] Normal request processed for: AutoClient6747
[18:08:06] Normal request processed for: AutoClient6750
[18:08:06] Normal request processed for: AutoClient6749
[18:08:06] Normal request processed for: AutoClient6753
[18:08:06] Normal request processed for: AutoClient6754
[18:08:06] Normal request processed for: AutoClient6755
[18:08:06] Normal request processed for: AutoClient6762
[18:08:06] Normal request processed for: AutoClient6759
[18:08:06] Normal request processed for: AutoClient6761
[18:08:06] Normal request processed for: AutoClient6757
[18:08:06] Normal request processed for: AutoClient6763
[18:08:06] Normal request processed for: AutoClient6756
[18:08:06] Normal request processed for: AutoClient6758
[18:08:06] Normal request processed for: AutoClient6760
[18:08:06] Normal request processed for: AutoClient6764
[18:08:06] Normal request processed for: AutoClient6765
[18:08:06] Normal request processed for: AutoClient6766
[18:08:06] Normal request processed for: AutoClient6767
[18:08:06] Normal request processed for: AutoClient6775
[18:08:06] Normal request processed for: AutoClient6769
[18:08:06] Normal request processed for: AutoClient6768
[18:08:06] Normal request processed for: AutoClient6773
[18:08:06] Normal request processed for: AutoClient6771
[18:08:06] Normal request processed for: AutoClient6774
[18:08:06] Normal request processed for: AutoClient6770
[18:08:06] Normal request processed for: AutoClient6772
[18:08:07] Normal request processed for: AutoClient6776
[18:08:07] Normal request processed for: AutoClient6778
[18:08:07] Normal request processed for: AutoClient6779
[18:08:07] Normal request processed for: AutoClient6777
[18:08:07] Normal request processed for: AutoClient6783
[18:08:07] Normal request processed for: AutoClient6781
[18:08:07] Normal request processed for: AutoClient6784
[18:08:07] Normal request processed for: AutoClient6785
[18:08:07] Normal request processed for: AutoClient6780
[18:08:07] Normal request processed for: AutoClient6782
[18:08:07] Normal request processed for: AutoClient6786
[18:08:07] Normal request processed for: AutoClient6787
[18:08:07] Normal request processed for: AutoClient6788
[18:08:07] Normal request processed for: AutoClient6792
[18:08:07] Normal request processed for: AutoClient6790
[18:08:07] Normal request processed for: AutoClient6789
[18:08:07] Normal request processed for: AutoClient6793
[18:08:07] Normal request processed for: AutoClient6794
[18:08:07] Normal request processed for: AutoClient6791
[18:08:07] Normal request processed for: AutoClient6796
[18:08:07] Normal request processed for: AutoClient6795
[18:08:07] Normal request processed for: AutoClient6797
[18:08:07] Normal request processed for: AutoClient6798
[18:08:07] Normal request processed for: AutoClient6799
[18:08:07] Normal request processed for: AutoClient6804
[18:08:07] Normal request processed for: AutoClient6803
[18:08:07] Normal request processed for: AutoClient6801
[18:08:07] Normal request processed for: AutoClient6802
[18:08:07] Normal request processed for: AutoClient6805
[18:08:07] Normal request processed for: AutoClient6806
[18:08:07] Normal request processed for: AutoClient6808
[18:08:07] Normal request processed for: AutoClient6807
[18:08:07] Normal request processed for: AutoClient6809
[18:08:07] Normal request processed for: AutoClient6810
[18:08:07] Normal request processed for: AutoClient6811
[18:08:07] Normal request processed for: AutoClient6815
[18:08:07] Normal request processed for: AutoClient6812
[18:08:07] Normal request processed for: AutoClient6813
[18:08:07] Normal request processed for: AutoClient6814
[18:08:07] Normal request processed for: AutoClient6816
[18:08:07] Normal request processed for: AutoClient6820
[18:08:07] Normal request processed for: AutoClient6817
[18:08:07] Normal request processed for: AutoClient6819
[18:08:07] Normal request processed for: AutoClient6818
[18:08:08] Normal request processed for: AutoClient6821
[18:08:08] Normal request processed for: AutoClient6822
[18:08:08] Normal request processed for: AutoClient6823
[18:08:08] Normal request processed for: AutoClient6825
[18:08:08] Normal request processed for: AutoClient6827
[18:08:08] Normal request processed for: AutoClient6824
[18:08:08] Normal request processed for: AutoClient6826
[18:08:08] Normal request processed for: AutoClient6829
[18:08:08] Normal request processed for: AutoClient6830
[18:08:08] Normal request processed for: AutoClient6831
[18:08:08] Normal request processed for: AutoClient6828
[18:08:08] Normal request processed for: AutoClient6832
[18:08:08] Normal request processed for: AutoClient6833
[18:08:08] Normal request processed for: AutoClient6835
[18:08:08] Normal request processed for: AutoClient6834
[18:08:08] Normal request processed for: AutoClient6836
[18:08:08] Normal request processed for: AutoClient6837
[18:08:08] Normal request processed for: AutoClient6839
[18:08:08] Normal request processed for: AutoClient6840
[18:08:08] Normal request processed for: AutoClient6838
[18:08:08] Normal request processed for: AutoClient6843
[18:08:08] Normal request processed for: AutoClient6851
[18:08:08] Normal request processed for: AutoClient6842
[18:08:08] Normal request processed for: AutoClient6846
[18:08:08] Normal request processed for: AutoClient6841
[18:08:08] Normal request processed for: AutoClient6852
[18:08:08] Normal request processed for: AutoClient6847
[18:08:08] Normal request processed for: AutoClient6849
[18:08:08] Normal request processed for: AutoClient6853
[18:08:08] Normal request processed for: AutoClient6844
[18:08:08] Normal request processed for: AutoClient6845
[18:08:11] Priority request processed for: AutoPriority
[18:08:12] Normal request processed for: AutoClient6860
[18:08:12] Normal request processed for: AutoClient6848
[18:08:12] Normal request processed for: AutoClient6857
[18:08:12] Normal request processed for: AutoClient6854
[18:08:12] Normal request processed for: AutoClient6856
[18:08:12] Normal request processed for: AutoClient6855
[18:08:12] Normal request processed for: AutoClient6862
[18:08:12] Normal request processed for: AutoClient6859
[18:08:12] Normal request processed for: AutoClient6861
[18:08:12] Normal request processed for: AutoClient6850
[18:08:12] Normal request processed for: AutoClient6858
[18:08:12] Normal request processed for: AutoClient6869
[18:08:12] Normal request processed for: AutoClient6867
[18:08:12] Normal request processed for: AutoClient6871
[18:08:12] Normal request processed for: AutoClient6863
[18:08:12] Normal request processed for: AutoClient6865
[18:08:12] Normal request processed for: AutoClient6873
[18:08:12] Normal request processed for: AutoClient6864
[18:08:12] Normal request processed for: AutoClient6872
[18:08:12] Normal request processed for: AutoClient6866
[18:08:12] Normal request processed for: AutoClient6868
[18:08:12] Normal request processed for: AutoClient6870
[18:08:12] Normal request processed for: AutoClient6874
[18:08:12] Normal request processed for: AutoClient6883
[18:08:12] Normal request processed for: AutoClient6875
[18:08:12] Normal request processed for: AutoClient6876
[18:08:12] Normal request processed for: AutoClient6880
[18:08:12] Normal request processed for: AutoClient6877
[18:08:12] Normal request processed for: AutoClient6878
[18:08:12] Normal request processed for: AutoClient6879
[18:08:12] Normal request processed for: AutoClient6882
[18:08:12] Normal request processed for: AutoClient6881
[18:08:12] Normal request processed for: AutoClient6884
[18:08:12] Normal request processed for: AutoClient6885
[18:08:12] Normal request processed for: AutoClient6890
[18:08:12] Normal request processed for: AutoClient6887
[18:08:12] Normal request processed for: AutoClient6888
[18:08:12] Normal request processed for: AutoClient6894
[18:08:12] Normal request processed for: AutoClient6893
[18:08:12] Normal request processed for: AutoClient6891
[18:08:12] Normal request processed for: AutoClient6886
[18:08:12] Normal request processed for: AutoClient6892
[18:08:12] Normal request processed for: AutoClient6889
[18:08:12] Normal request processed for: AutoClient6895
[18:08:13] Normal request processed for: AutoClient6901
[18:08:13] Normal request processed for: AutoClient6897
[18:08:13] Normal request processed for: AutoClient6896
[18:08:13] Normal request processed for: AutoClient6898
[18:08:13] Normal request processed for: AutoClient6899
[18:08:13] Normal request processed for: AutoClient6903
[18:08:13] Normal request processed for: AutoClient6905
[18:08:13] Normal request processed for: AutoClient6906
[18:08:13] Normal request processed for: AutoClient6902
[18:08:13] Normal request processed for: AutoClient6904
[18:08:13] Normal request processed for: AutoClient6907
[18:08:13] Normal request processed for: AutoClient6908
[18:08:13] Normal request processed for: AutoClient6911
[18:08:13] Normal request processed for: AutoClient6909
[18:08:13] Normal request processed for: AutoClient6914
[18:08:13] Normal request processed for: AutoClient6910
[18:08:13] Normal request processed for: AutoClient6917
[18:08:13] Normal request processed for: AutoClient6916
[18:08:13] Normal request processed for: AutoClient6915
[18:08:13] Normal request processed for: AutoClient6912
[18:08:13] Normal request processed for: AutoClient6913
[18:08:13] Normal request processed for: AutoClient6918
[18:08:13] Normal request processed for: AutoClient6919
[18:08:13] Normal request processed for: AutoClient6924
[18:08:13] Normal request processed for: AutoClient6920
[18:08:13] Normal request processed for: AutoClient6921
[18:08:13] Normal request processed for: AutoClient6922
[18:08:13] Normal request processed for: AutoClient6923
[18:08:13] Normal request processed for: AutoClient6927
[18:08:13] Normal request processed for: AutoClient6925
[18:08:13] Normal request processed for: AutoClient6926
[18:08:13] Normal request processed for: AutoClient6928
[18:08:13] Normal request processed for: AutoClient6929
[18:08:13] Normal request processed for: AutoClient6930
[18:08:13] Normal request processed for: AutoClient6931
[18:08:13] Normal request processed for: AutoClient6936
[18:08:13] Normal request processed for: AutoClient6939
[18:08:13] Normal request processed for: AutoClient6937
[18:08:13] Normal request processed for: AutoClient6932
[18:08:13] Normal request processed for: AutoClient6934
[18:08:13] Normal request processed for: AutoClient6935
[18:08:13] Normal request processed for: AutoClient6938
[18:08:13] Normal request processed for: AutoClient6933
[18:08:13] Normal request processed for: AutoClient6940
[18:08:14] Normal request processed for: AutoClient6941
[18:08:14] Normal request processed for: AutoClient6946
[18:08:14] Normal request processed for: AutoClient6942
[18:08:14] Normal request processed for: AutoClient6949
[18:08:14] Normal request processed for: AutoClient6950
[18:08:14] Normal request processed for: AutoClient6943
[18:08:14] Normal request processed for: AutoClient6945
[18:08:14] Normal request processed for: AutoClient6944
[18:08:14] Normal request processed for: AutoClient6948
[18:08:14] Normal request processed for: AutoClient6947
[18:08:14] Normal request processed for: AutoClient6951
[18:08:14] Normal request processed for: AutoClient6957
[18:08:14] Normal request processed for: AutoClient6958
[18:08:14] Normal request processed for: AutoClient6952
[18:08:14] Normal request processed for: AutoClient6955
[18:08:14] Normal request processed for: AutoClient6953
[18:08:14] Normal request processed for: AutoClient6959
[18:08:14] Normal request processed for: AutoClient6954
[18:08:14] Normal request processed for: AutoClient6960
[18:08:14] Normal request processed for: AutoClient6956
[18:08:14] Normal request processed for: AutoClient6961
[18:08:14] Normal request processed for: AutoClient6966
[18:08:14] Normal request processed for: AutoClient6965
[18:08:14] Normal request processed for: AutoClient6967
[18:08:14] Normal request processed for: AutoClient6964
[18:08:14] Normal request processed for: AutoClient6962
[18:08:14] Normal request processed for: AutoClient6963
[18:08:14] Normal request processed for: AutoClient6974
[18:08:14] Normal request processed for: AutoClient6969
[18:08:14] Normal request processed for: AutoClient6968
[18:08:14] Normal request processed for: AutoClient6972
[18:08:17] Priority request processed for: AutoPriority
[18:08:17] Normal request processed for: AutoClient6973
[18:08:17] Normal request processed for: AutoClient6978
[18:08:17] Normal request processed for: AutoClient6986
[18:08:17] Normal request processed for: AutoClient6988
[18:08:17] Normal request processed for: AutoClient6976
[18:08:17] Normal request processed for: AutoClient6982
[18:08:17] Normal request processed for: AutoClient6975
[18:08:17] Normal request processed for: AutoClient6989
[18:08:17] Normal request processed for: AutoClient6970
[18:08:17] Normal request processed for: AutoClient6971
[18:08:17] Normal request processed for: AutoClient6977
[18:08:18] Normal request processed for: AutoClient6979
[18:08:18] Normal request processed for: AutoClient6981
[18:08:18] Normal request processed for: AutoClient6993
[18:08:18] Normal request processed for: AutoClient6991
[18:08:18] Normal request processed for: AutoClient6980
[18:08:18] Normal request processed for: AutoClient6983
[18:08:18] Normal request processed for: AutoClient6987
[18:08:18] Normal request processed for: AutoClient6984
[18:08:18] Normal request processed for: AutoClient6995
[18:08:18] Normal request processed for: AutoClient6990
[18:08:18] Normal request processed for: AutoClient6992
[18:08:18] Normal request processed for: AutoClient6997
[18:08:18] Normal request processed for: AutoClient6996
[18:08:18] Normal request processed for: AutoClient6999
[18:08:18] Normal request processed for: AutoClient6985
[18:08:18] Normal request processed for: AutoClient6994
[18:08:18] Normal request processed for: AutoClient7004
[18:08:18] Normal request processed for: AutoClient6998
[18:08:18] Normal request processed for: AutoClient7003
[18:08:18] Normal request processed for: AutoClient7002
[18:08:18] Normal request processed for: AutoClient7001
[18:08:18] Normal request processed for: AutoClient7005
[18:08:18] Normal request processed for: AutoClient7006
[18:08:18] Normal request processed for: AutoClient7009
[18:08:18] Normal request processed for: AutoClient7008
[18:08:18] Normal request processed for: AutoClient7010
[18:08:18] Normal request processed for: AutoClient7007
[18:08:18] Normal request processed for: AutoClient7012
[18:08:18] Normal request processed for: AutoClient7011
[18:08:18] Normal request processed for: AutoClient7013
[18:08:18] Normal request processed for: AutoClient7015
[18:08:18] Normal request processed for: AutoClient7016
[18:08:18] Normal request processed for: AutoClient7014
[18:08:18] Normal request processed for: AutoClient7017
[18:08:18] Normal request processed for: AutoClient7018
[18:08:18] Normal request processed for: AutoClient7020
[18:08:18] Normal request processed for: AutoClient7019
[18:08:18] Normal request processed for: AutoClient7021
[18:08:18] Normal request processed for: AutoClient7024
[18:08:18] Normal request processed for: AutoClient7026
[18:08:18] Normal request processed for: AutoClient7025
[18:08:18] Normal request processed for: AutoClient7022
[18:08:18] Normal request processed for: AutoClient7028
[18:08:18] Normal request processed for: AutoClient7027
[18:08:19] Normal request processed for: AutoClient7029
[18:08:19] Normal request processed for: AutoClient7030
[18:08:19] Normal request processed for: AutoClient7034
[18:08:19] Normal request processed for: AutoClient7032
[18:08:19] Normal request processed for: AutoClient7031
[18:08:19] Normal request processed for: AutoClient7037
[18:08:19] Normal request processed for: AutoClient7023
[18:08:19] Normal request processed for: AutoClient7035
[18:08:19] Normal request processed for: AutoClient7033
[18:08:19] Normal request processed for: AutoClient7038
[18:08:19] Normal request processed for: AutoClient7036
[18:08:19] Normal request processed for: AutoClient7039
[18:08:19] Normal request processed for: AutoClient7043
[18:08:19] Normal request processed for: AutoClient7040
[18:08:19] Normal request processed for: AutoClient7041
[18:08:19] Normal request processed for: AutoClient7044
[18:08:19] Normal request processed for: AutoClient7042
[18:08:19] Normal request processed for: AutoClient7045
[18:08:19] Normal request processed for: AutoClient7049
[18:08:19] Normal request processed for: AutoClient7047
[18:08:19] Normal request processed for: AutoClient7046
[18:08:19] Normal request processed for: AutoClient7048
[18:08:19] Normal request processed for: AutoClient7050
[18:08:19] Normal request processed for: AutoClient7051
[18:08:19] Normal request processed for: AutoClient7053
[18:08:19] Normal request processed for: AutoClient7052
[18:08:19] Normal request processed for: AutoClient7054
[18:08:19] Normal request processed for: AutoClient7057
[18:08:19] Normal request processed for: AutoClient7055
[18:08:19] Normal request processed for: AutoClient7058
[18:08:19] Normal request processed for: AutoClient7056
[18:08:19] Normal request processed for: AutoClient7059
[18:08:19] Normal request processed for: AutoClient7060
[18:08:19] Normal request processed for: AutoClient7061
[18:08:19] Normal request processed for: AutoClient7062
[18:08:19] Normal request processed for: AutoClient7064
[18:08:19] Normal request processed for: AutoClient7063
[18:08:19] Normal request processed for: AutoClient7065
[18:08:19] Normal request processed for: AutoClient7066
[18:08:19] Normal request processed for: AutoClient7069
[18:08:19] Normal request processed for: AutoClient7067
[18:08:19] Normal request processed for: AutoClient7068
[18:08:19] Normal request processed for: AutoClient7071
[18:08:19] Normal request processed for: AutoClient7070
[18:08:20] Normal request processed for: AutoClient7072
[18:08:20] Normal request processed for: AutoClient7074
[18:08:20] Normal request processed for: AutoClient7073
[18:08:20] Normal request processed for: AutoClient7076
[18:08:20] Normal request processed for: AutoClient7075
[18:08:20] Normal request processed for: AutoClient7078
[18:08:20] Normal request processed for: AutoClient7077
[18:08:20] Normal request processed for: AutoClient7079
[18:08:20] Normal request processed for: AutoClient7080
[18:08:20] Normal request processed for: AutoClient7088
[18:08:20] Normal request processed for: AutoClient7090
[18:08:20] Normal request processed for: AutoClient7081
[18:08:20] Normal request processed for: AutoClient7084
[18:08:20] Normal request processed for: AutoClient7083
[18:08:20] Normal request processed for: AutoClient7082
[18:08:20] Normal request processed for: AutoClient7085
[18:08:20] Normal request processed for: AutoClient7086
[18:08:20] Normal request processed for: AutoClient7087
[18:08:20] Normal request processed for: AutoClient7091
[18:08:20] Normal request processed for: AutoClient7092
[18:08:23] Priority request processed for: AutoPriority
[18:08:23] Normal request processed for: AutoClient7102
[18:08:23] Normal request processed for: AutoClient7093
[18:08:23] Normal request processed for: AutoClient7096
[18:08:23] Normal request processed for: AutoClient7097
[18:08:23] Normal request processed for: AutoClient7095
[18:08:23] Normal request processed for: AutoClient7099
[18:08:23] Normal request processed for: AutoClient7094
[18:08:23] Normal request processed for: AutoClient7098
[18:08:23] Normal request processed for: AutoClient7089
[18:08:23] Normal request processed for: AutoClient7107
[18:08:23] Normal request processed for: AutoClient7101
[18:08:26] Priority request processed for: AutoPriority
[18:08:26] Normal request processed for: AutoClient7115
[18:08:26] Normal request processed for: AutoClient7121
[18:08:26] Normal request processed for: AutoClient7111
[18:08:26] Normal request processed for: AutoClient7119
[18:08:26] Normal request processed for: AutoClient7103
[18:08:26] Normal request processed for: AutoClient7105
[18:08:26] Normal request processed for: AutoClient7104
[18:08:26] Normal request processed for: AutoClient7106
[18:08:26] Normal request processed for: AutoClient7108
[18:08:26] Normal request processed for: AutoClient7109
[18:08:26] Normal request processed for: AutoClient7110
[18:08:27] Normal request processed for: AutoClient7114
[18:08:27] Normal request processed for: AutoClient7125
[18:08:27] Normal request processed for: AutoClient7112
[18:08:27] Normal request processed for: AutoClient7120
[18:08:27] Normal request processed for: AutoClient7123
[18:08:27] Normal request processed for: AutoClient7113
[18:08:27] Normal request processed for: AutoClient7126
[18:08:27] Normal request processed for: AutoClient7116
[18:08:27] Normal request processed for: AutoClient7127
[18:08:27] Normal request processed for: AutoClient7117
[18:08:27] Normal request processed for: AutoClient7118
[18:08:27] Normal request processed for: AutoClient7128
[18:08:27] Normal request processed for: AutoClient7130
[18:08:27] Normal request processed for: AutoClient7124
[18:08:27] Normal request processed for: AutoClient7137
[18:08:27] Normal request processed for: AutoClient7122
[18:08:27] Normal request processed for: AutoClient7133
[18:08:27] Normal request processed for: AutoClient7129
[18:08:27] Normal request processed for: AutoClient7131
[18:08:27] Normal request processed for: AutoClient7132
[18:08:27] Normal request processed for: AutoClient7136
[18:08:27] Normal request processed for: AutoClient7134
[18:08:27] Normal request processed for: AutoClient7141
[18:08:27] Normal request processed for: AutoClient7139
[18:08:27] Normal request processed for: AutoClient7143
[18:08:27] Normal request processed for: AutoClient7140
[18:08:27] Normal request processed for: AutoClient7138
[18:08:27] Normal request processed for: AutoClient7135
[18:08:27] Normal request processed for: AutoClient7142
[18:08:27] Normal request processed for: AutoClient7146
[18:08:27] Normal request processed for: AutoClient7144
[18:08:27] Normal request processed for: AutoClient7145
[18:08:27] Normal request processed for: AutoClient7149
[18:08:27] Normal request processed for: AutoClient7150
[18:08:27] Normal request processed for: AutoClient7147
[18:08:27] Normal request processed for: AutoClient7151
[18:08:27] Normal request processed for: AutoClient7152
[18:08:27] Normal request processed for: AutoClient7148
[18:08:27] Normal request processed for: AutoClient7161
[18:08:27] Normal request processed for: AutoClient7155
[18:08:27] Normal request processed for: AutoClient7157
[18:08:27] Normal request processed for: AutoClient7160
[18:08:27] Normal request processed for: AutoClient7153
[18:08:27] Normal request processed for: AutoClient7159
[18:08:28] Normal request processed for: AutoClient7154
[18:08:28] Normal request processed for: AutoClient7156
[18:08:28] Normal request processed for: AutoClient7164
[18:08:28] Normal request processed for: AutoClient7168
[18:08:28] Normal request processed for: AutoClient7166
[18:08:28] Normal request processed for: AutoClient7170
[18:08:28] Normal request processed for: AutoClient7158
[18:08:28] Normal request processed for: AutoClient7176
[18:08:28] Normal request processed for: AutoClient7165
[18:08:28] Normal request processed for: AutoClient7169
[18:08:28] Normal request processed for: AutoClient7171
[18:08:28] Normal request processed for: AutoClient7177
[18:08:28] Normal request processed for: AutoClient7163
[18:08:28] Normal request processed for: AutoClient7179
[18:08:28] Normal request processed for: AutoClient7172
[18:08:28] Normal request processed for: AutoClient7162
[18:08:28] Normal request processed for: AutoClient7173
[18:08:28] Normal request processed for: AutoClient7175
[18:08:28] Normal request processed for: AutoClient7167
[18:08:28] Normal request processed for: AutoClient7174
[18:08:28] Normal request processed for: AutoClient7180
[18:08:28] Normal request processed for: AutoClient7178
[18:08:28] Normal request processed for: AutoClient7181
[18:08:28] Normal request processed for: AutoClient7186
[18:08:28] Normal request processed for: AutoClient7187
[18:08:28] Normal request processed for: AutoClient7190
[18:08:28] Normal request processed for: AutoClient7185
[18:08:28] Normal request processed for: AutoClient7182
[18:08:28] Normal request processed for: AutoClient7183
[18:08:28] Normal request processed for: AutoClient7188
[18:08:28] Normal request processed for: AutoClient7189
[18:08:28] Normal request processed for: AutoClient7184
[18:08:28] Normal request processed for: AutoClient7191
[18:08:28] Normal request processed for: AutoClient7192
[18:08:28] Normal request processed for: AutoClient7193
[18:08:28] Normal request processed for: AutoClient7194
[18:08:28] Normal request processed for: AutoClient7199
[18:08:28] Normal request processed for: AutoClient7196
[18:08:28] Normal request processed for: AutoClient7195
[18:08:28] Normal request processed for: AutoClient7197
[18:08:28] Normal request processed for: AutoClient7198
[18:08:29] Normal request processed for: AutoClient7205
[18:08:29] Normal request processed for: AutoClient7206
[18:08:29] Normal request processed for: AutoClient7207
[18:08:29] Normal request processed for: AutoClient7204
[18:08:29] Normal request processed for: AutoClient7208
[18:08:29] Normal request processed for: AutoClient7202
[18:08:29] Normal request processed for: AutoClient7210
[18:08:29] Normal request processed for: AutoClient7211
[18:08:29] Normal request processed for: AutoClient7209
[18:08:29] Normal request processed for: AutoClient7203
[18:08:29] Normal request processed for: AutoClient7201
[18:08:32] Priority request processed for: AutoPriority
[18:08:32] Normal request processed for: AutoClient7220
[18:08:32] Normal request processed for: AutoClient7215
[18:08:32] Normal request processed for: AutoClient7212
[18:08:32] Normal request processed for: AutoClient7216
[18:08:32] Normal request processed for: AutoClient7219
[18:08:32] Normal request processed for: AutoClient7213
[18:08:32] Normal request processed for: AutoClient7217
[18:08:32] Normal request processed for: AutoClient7218
[18:08:32] Normal request processed for: AutoClient7221
[18:08:32] Normal request processed for: AutoClient7214
[18:08:32] Normal request processed for: AutoClient7222
[18:08:32] Normal request processed for: AutoClient7226
[18:08:32] Normal request processed for: AutoClient7228
[18:08:32] Normal request processed for: AutoClient7225
[18:08:32] Normal request processed for: AutoClient7227
[18:08:32] Normal request processed for: AutoClient7230
[18:08:32] Normal request processed for: AutoClient7231
[18:08:32] Normal request processed for: AutoClient7224
[18:08:32] Normal request processed for: AutoClient7223
[18:08:32] Normal request processed for: AutoClient7233
[18:08:32] Normal request processed for: AutoClient7229
[18:08:32] Normal request processed for: AutoClient7232
[18:08:33] Normal request processed for: AutoClient7235
[18:08:33] Normal request processed for: AutoClient7234
[18:08:33] Normal request processed for: AutoClient7236
[18:08:33] Normal request processed for: AutoClient7237
[18:08:33] Normal request processed for: AutoClient7238
[18:08:33] Normal request processed for: AutoClient7243
[18:08:33] Normal request processed for: AutoClient7241
[18:08:33] Normal request processed for: AutoClient7244
[18:08:33] Normal request processed for: AutoClient7239
[18:08:33] Normal request processed for: AutoClient7240
[18:08:33] Normal request processed for: AutoClient7242
[18:08:33] Normal request processed for: AutoClient7246
[18:08:33] Normal request processed for: AutoClient7245
[18:08:33] Normal request processed for: AutoClient7250
[18:08:33] Normal request processed for: AutoClient7247
[18:08:33] Normal request processed for: AutoClient7249
[18:08:33] Normal request processed for: AutoClient7248
[18:08:33] Normal request processed for: AutoClient7251
[18:08:33] Normal request processed for: AutoClient7254
[18:08:33] Normal request processed for: AutoClient7252
[18:08:33] Normal request processed for: AutoClient7253
[18:08:33] Normal request processed for: AutoClient7255
[18:08:33] Normal request processed for: AutoClient7256
[18:08:33] Normal request processed for: AutoClient7257
[18:08:33] Normal request processed for: AutoClient7258
[18:08:33] Normal request processed for: AutoClient7259
[18:08:33] Normal request processed for: AutoClient7260
[18:08:33] Normal request processed for: AutoClient7261
[18:08:33] Normal request processed for: AutoClient7262
[18:08:33] Normal request processed for: AutoClient7263
[18:08:33] Normal request processed for: AutoClient7266
[18:08:33] Normal request processed for: AutoClient7264
[18:08:33] Normal request processed for: AutoClient7265
[18:08:33] Normal request processed for: AutoClient7267
[18:08:33] Normal request processed for: AutoClient7271
[18:08:33] Normal request processed for: AutoClient7272
[18:08:33] Normal request processed for: AutoClient7269
[18:08:33] Normal request processed for: AutoClient7268
[18:08:33] Normal request processed for: AutoClient7273
[18:08:33] Normal request processed for: AutoClient7270
[18:08:33] Normal request processed for: AutoClient7275
[18:08:33] Normal request processed for: AutoClient7274
[18:08:33] Normal request processed for: AutoClient7276
[18:08:33] Normal request processed for: AutoClient7277
[18:08:34] Normal request processed for: AutoClient7278
[18:08:34] Normal request processed for: AutoClient7280
[18:08:34] Normal request processed for: AutoClient7282
[18:08:34] Normal request processed for: AutoClient7283
[18:08:34] Normal request processed for: AutoClient7281
[18:08:34] Normal request processed for: AutoClient7284
[18:08:34] Normal request processed for: AutoClient7279
[18:08:34] Normal request processed for: AutoClient7285
[18:08:34] Normal request processed for: AutoClient7286
[18:08:34] Normal request processed for: AutoClient7288
[18:08:34] Normal request processed for: AutoClient7287
[18:08:34] Normal request processed for: AutoClient7289
[18:08:34] Normal request processed for: AutoClient7291
[18:08:34] Normal request processed for: AutoClient7294
[18:08:34] Normal request processed for: AutoClient7293
[18:08:34] Normal request processed for: AutoClient7290
[18:08:34] Normal request processed for: AutoClient7292
[18:08:34] Normal request processed for: AutoClient7295
[18:08:34] Normal request processed for: AutoClient7299
[18:08:34] Normal request processed for: AutoClient7296
[18:08:34] Normal request processed for: AutoClient7297
[18:08:34] Normal request processed for: AutoClient7298
[18:08:34] Normal request processed for: AutoClient7304
[18:08:34] Normal request processed for: AutoClient7306
[18:08:34] Normal request processed for: AutoClient7303
[18:08:34] Normal request processed for: AutoClient7308
[18:08:34] Normal request processed for: AutoClient7305
[18:08:34] Normal request processed for: AutoClient7307
[18:08:34] Normal request processed for: AutoClient7301
[18:08:34] Normal request processed for: AutoClient7302
[18:08:34] Normal request processed for: AutoClient7310
[18:08:34] Normal request processed for: AutoClient7312
[18:08:34] Normal request processed for: AutoClient7311
[18:08:34] Normal request processed for: AutoClient7309
[18:08:34] Normal request processed for: AutoClient7314
[18:08:34] Normal request processed for: AutoClient7313
[18:08:34] Normal request processed for: AutoClient7317
[18:08:34] Normal request processed for: AutoClient7315
[18:08:34] Normal request processed for: AutoClient7316
[18:08:34] Normal request processed for: AutoClient7319
[18:08:34] Normal request processed for: AutoClient7320
[18:08:34] Normal request processed for: AutoClient7318
[18:08:35] Normal request processed for: AutoClient7324
[18:08:35] Normal request processed for: AutoClient7321
[18:08:35] Normal request processed for: AutoClient7322
[18:08:35] Normal request processed for: AutoClient7325
[18:08:35] Normal request processed for: AutoClient7331
[18:08:35] Normal request processed for: AutoClient7330
[18:08:35] Normal request processed for: AutoClient7329
[18:08:35] Normal request processed for: AutoClient7323
[18:08:35] Normal request processed for: AutoClient7328
[18:08:35] Normal request processed for: AutoClient7326
[18:08:35] Normal request processed for: AutoClient7327
[18:08:38] Priority request processed for: AutoPriority
[18:08:38] Normal request processed for: AutoClient7341
[18:08:38] Normal request processed for: AutoClient7334
[18:08:38] Normal request processed for: AutoClient7335
[18:08:38] Normal request processed for: AutoClient7337
[18:08:38] Normal request processed for: AutoClient7338
[18:08:38] Normal request processed for: AutoClient7340
[18:08:38] Normal request processed for: AutoClient7339
[18:08:38] Normal request processed for: AutoClient7332
[18:08:38] Normal request processed for: AutoClient7336
[18:08:38] Normal request processed for: AutoClient7333
[18:08:38] Normal request processed for: AutoClient7342
[18:08:38] Normal request processed for: AutoClient7350
[18:08:38] Normal request processed for: AutoClient7348
[18:08:38] Normal request processed for: AutoClient7344
[18:08:38] Normal request processed for: AutoClient7346
[18:08:38] Normal request processed for: AutoClient7351
[18:08:38] Normal request processed for: AutoClient7349
[18:08:38] Normal request processed for: AutoClient7345
[18:08:38] Normal request processed for: AutoClient7343
[18:08:38] Normal request processed for: AutoClient7347
[18:08:38] Normal request processed for: AutoClient7352
[18:08:38] Normal request processed for: AutoClient7353
[18:08:38] Normal request processed for: AutoClient7358
[18:08:38] Normal request processed for: AutoClient7356
[18:08:38] Normal request processed for: AutoClient7354
[18:08:38] Normal request processed for: AutoClient7363
[18:08:38] Normal request processed for: AutoClient7355
[18:08:38] Normal request processed for: AutoClient7357
[18:08:38] Normal request processed for: AutoClient7359
[18:08:38] Normal request processed for: AutoClient7361
[18:08:38] Normal request processed for: AutoClient7360
[18:08:38] Normal request processed for: AutoClient7362
[18:08:38] Normal request processed for: AutoClient7364
[18:08:39] Normal request processed for: AutoClient7365
[18:08:39] Normal request processed for: AutoClient7368
[18:08:39] Normal request processed for: AutoClient7374
[18:08:39] Normal request processed for: AutoClient7370
[18:08:39] Normal request processed for: AutoClient7372
[18:08:39] Normal request processed for: AutoClient7367
[18:08:39] Normal request processed for: AutoClient7366
[18:08:39] Normal request processed for: AutoClient7371
[18:08:39] Normal request processed for: AutoClient7369
[18:08:39] Normal request processed for: AutoClient7373
[18:08:39] Normal request processed for: AutoClient7375
[18:08:39] Normal request processed for: AutoClient7376
[18:08:39] Normal request processed for: AutoClient7379
[18:08:39] Normal request processed for: AutoClient7377
[18:08:39] Normal request processed for: AutoClient7385
[18:08:39] Normal request processed for: AutoClient7384
[18:08:39] Normal request processed for: AutoClient7378
[18:08:39] Normal request processed for: AutoClient7381
[18:08:39] Normal request processed for: AutoClient7380
[18:08:39] Normal request processed for: AutoClient7382
[18:08:39] Normal request processed for: AutoClient7383
[18:08:39] Normal request processed for: AutoClient7386
[18:08:39] Normal request processed for: AutoClient7387
[18:08:39] Normal request processed for: AutoClient7388
[18:08:39] Normal request processed for: AutoClient7390
[18:08:39] Normal request processed for: AutoClient7389
[18:08:39] Normal request processed for: AutoClient7392
[18:08:39] Normal request processed for: AutoClient7393
[18:08:39] Normal request processed for: AutoClient7395
[18:08:39] Normal request processed for: AutoClient7394
[18:08:39] Normal request processed for: AutoClient7391
[18:08:39] Normal request processed for: AutoClient7396
[18:08:39] Normal request processed for: AutoClient7397
[18:08:39] Normal request processed for: AutoClient7398
[18:08:39] Normal request processed for: AutoClient7399
[18:08:39] Normal request processed for: AutoClient7403
[18:08:39] Normal request processed for: AutoClient7401
[18:08:39] Normal request processed for: AutoClient7402
[18:09:03] Thread pool started with 11 worker threads.
[18:09:03] Server started in MULTITHREADED mode on port 8080
[18:09:05] Normal request processed for: Browser
[18:09:06] Normal request processed for: Browser
[18:09:06] Normal request processed for: AutoClient8
[18:09:06] Normal request processed for: AutoClient9
[18:09:06] Normal request processed for: AutoClient2
[18:09:06] Normal request processed for: AutoClient1
[18:09:06] Normal request processed for: AutoClient3
[18:09:06] Normal request processed for: AutoClient6
[18:09:06] Normal request processed for: AutoClient7
[18:09:06] Normal request processed for: AutoClient10
[18:09:06] Normal request processed for: AutoClient4
[18:09:06] Normal request processed for: AutoClient5
[18:09:09] Priority request processed for: AutoPriority
[18:09:09] Normal request processed for: AutoClient16
[18:09:09] Normal request processed for: AutoClient19
[18:09:09] Normal request processed for: AutoClient20
[18:09:09] Normal request processed for: AutoClient17
[18:09:09] Normal request processed for: AutoClient14
[18:09:09] Normal request processed for: AutoClient11
[18:09:09] Normal request processed for: AutoClient21
[18:09:09] Normal request processed for: AutoClient15
[18:09:09] Normal request processed for: AutoClient18
[18:09:09] Normal request processed for: AutoClient12
[18:09:09] Normal request processed for: AutoClient13
[18:09:09] Normal request processed for: AutoClient24
[18:09:09] Normal request processed for: AutoClient23
[18:09:09] Normal request processed for: AutoClient22
[18:09:09] Normal request processed for: AutoClient25
[18:09:09] Normal request processed for: AutoClient26
[18:09:09] Normal request processed for: AutoClient27
[18:09:09] Normal request processed for: AutoClient28
[18:09:09] Normal request processed for: AutoClient33
[18:09:09] Normal request processed for: AutoClient30
[18:09:09] Normal request processed for: AutoClient31
[18:09:09] Normal request processed for: AutoClient29
[18:09:09] Normal request processed for: AutoClient35
[18:09:09] Normal request processed for: AutoClient32
[18:09:09] Normal request processed for: AutoClient34
[18:09:09] Normal request processed for: AutoClient36
[18:09:09] Normal request processed for: AutoClient38
[18:09:09] Normal request processed for: AutoClient41
[18:09:09] Normal request processed for: AutoClient42
[18:09:09] Normal request processed for: AutoClient37
[18:09:09] Normal request processed for: AutoClient40
[18:09:09] Normal request processed for: AutoClient44
[18:09:09] Normal request processed for: AutoClient43
[18:09:10] Normal request processed for: AutoClient46
[18:09:10] Normal request processed for: AutoClient45
[18:09:10] Normal request processed for: AutoClient47
[18:09:10] Normal request processed for: AutoClient49
[18:09:10] Normal request processed for: AutoClient50
[18:09:10] Normal request processed for: AutoClient52
[18:09:10] Normal request processed for: AutoClient48
[18:09:10] Normal request processed for: AutoClient51
[18:09:10] Normal request processed for: AutoClient53
[18:09:10] Normal request processed for: AutoClient55
[18:09:10] Normal request processed for: AutoClient54
[18:09:10] Normal request processed for: AutoClient56
[18:09:10] Normal request processed for: AutoClient57
[18:09:10] Normal request processed for: AutoClient39
[18:09:10] Normal request processed for: AutoClient59
[18:09:10] Normal request processed for: AutoClient58
[18:09:10] Normal request processed for: AutoClient60
[18:09:10] Normal request processed for: AutoClient61
[18:09:10] Normal request processed for: AutoClient62
[18:09:10] Normal request processed for: AutoClient64
[18:09:10] Normal request processed for: AutoClient65
[18:09:10] Normal request processed for: AutoClient63
[18:09:10] Normal request processed for: AutoClient66
[18:09:10] Normal request processed for: AutoClient68
[18:09:10] Normal request processed for: AutoClient67
[18:09:10] Normal request processed for: AutoClient71
[18:09:10] Normal request processed for: AutoClient72
[18:09:10] Normal request processed for: AutoClient69
[18:09:10] Normal request processed for: AutoClient70
[18:09:10] Normal request processed for: AutoClient73
[18:09:10] Normal request processed for: AutoClient75
[18:09:10] Normal request processed for: AutoClient76
[18:09:10] Normal request processed for: AutoClient74
[18:09:10] Normal request processed for: AutoClient78
[18:09:10] Normal request processed for: AutoClient77
[18:09:10] Normal request processed for: AutoClient81
[18:09:10] Normal request processed for: AutoClient84
[18:09:10] Normal request processed for: AutoClient82
[18:09:10] Normal request processed for: AutoClient83
[18:09:10] Normal request processed for: AutoClient80
[18:09:10] Normal request processed for: AutoClient79
[18:09:10] Normal request processed for: AutoClient85
[18:09:10] Normal request processed for: AutoClient86
[18:09:10] Normal request processed for: AutoClient87
[18:09:11] Normal request processed for: AutoClient89
[18:09:11] Normal request processed for: AutoClient91
[18:09:11] Normal request processed for: AutoClient88
[18:09:11] Normal request processed for: AutoClient90
[18:09:11] Normal request processed for: AutoClient92
[18:09:11] Normal request processed for: AutoClient93
[18:09:11] Normal request processed for: AutoClient95
[18:09:11] Normal request processed for: AutoClient94
[18:09:11] Normal request processed for: AutoClient96
[18:09:11] Normal request processed for: AutoClient97
[18:09:11] Normal request processed for: AutoClient98
[18:09:11] Normal request processed for: AutoClient99
[18:09:11] Normal request processed for: AutoClient105
[18:09:11] Normal request processed for: AutoClient106
[18:09:11] Normal request processed for: Browser
[18:09:11] Normal request processed for: AutoClient102
[18:09:11] Normal request processed for: AutoClient104
[18:09:11] Normal request processed for: AutoClient107
[18:09:11] Normal request processed for: AutoClient108
[18:09:11] Normal request processed for: AutoClient101
[18:09:11] Normal request processed for: AutoClient109
[18:09:11] Normal request processed for: AutoClient110
[18:09:11] Normal request processed for: AutoClient111
[18:09:11] Normal request processed for: AutoClient112
[18:09:11] Normal request processed for: AutoClient113
[18:09:11] Normal request processed for: AutoClient103
[18:09:11] Normal request processed for: AutoClient114
[18:09:11] Normal request processed for: AutoClient117
[18:09:11] Normal request processed for: AutoClient119
[18:09:11] Normal request processed for: AutoClient115
[18:09:11] Normal request processed for: AutoClient116
[18:09:11] Normal request processed for: AutoClient120
[18:09:11] Normal request processed for: AutoClient118
[18:09:12] Normal request processed for: AutoClient123
[18:09:12] Normal request processed for: AutoClient125
[18:09:12] Normal request processed for: AutoClient124
[18:09:12] Normal request processed for: AutoClient121
[18:09:12] Normal request processed for: AutoClient126
[18:09:12] Normal request processed for: AutoClient129
[18:09:12] Normal request processed for: AutoClient130
[18:09:12] Normal request processed for: AutoClient122
[18:09:12] Normal request processed for: AutoClient132
[18:09:12] Normal request processed for: AutoClient131
[18:09:12] Normal request processed for: AutoClient127
[18:09:15] Priority request processed for: AutoPriority
[18:09:15] Normal request processed for: AutoClient133
[18:09:15] Normal request processed for: AutoClient135
[18:09:15] Normal request processed for: AutoClient137
[18:09:15] Normal request processed for: AutoClient143
[18:09:15] Normal request processed for: AutoClient141
[18:09:15] Normal request processed for: AutoClient136
[18:09:15] Normal request processed for: AutoClient128
[18:09:15] Normal request processed for: AutoClient139
[18:09:15] Normal request processed for: AutoClient140
[18:09:15] Normal request processed for: AutoClient134
[18:09:15] Normal request processed for: AutoClient138
[18:09:15] Normal request processed for: AutoClient144
[18:09:15] Normal request processed for: AutoClient142
[18:09:15] Normal request processed for: AutoClient145
[18:09:15] Normal request processed for: AutoClient147
[18:09:15] Normal request processed for: AutoClient146
[18:09:15] Normal request processed for: AutoClient151
[18:09:15] Normal request processed for: AutoClient152
[18:09:15] Normal request processed for: AutoClient150
[18:09:15] Normal request processed for: AutoClient149
[18:09:15] Normal request processed for: AutoClient153
[18:09:15] Normal request processed for: AutoClient148
[18:09:15] Normal request processed for: AutoClient158
[18:09:15] Normal request processed for: AutoClient160
[18:09:15] Normal request processed for: AutoClient155
[18:09:15] Normal request processed for: AutoClient156
[18:09:15] Normal request processed for: AutoClient157
[18:09:15] Normal request processed for: AutoClient159
[18:09:15] Normal request processed for: AutoClient154
[18:09:15] Normal request processed for: AutoClient162
[18:09:15] Normal request processed for: AutoClient161
[18:09:15] Normal request processed for: AutoClient164
[18:09:15] Normal request processed for: AutoClient165
[18:09:16] Normal request processed for: AutoClient166
[18:09:16] Normal request processed for: AutoClient167
[18:09:16] Normal request processed for: AutoClient168
[18:09:16] Normal request processed for: AutoClient169
[18:09:16] Normal request processed for: AutoClient176
[18:09:16] Normal request processed for: AutoClient172
[18:09:16] Normal request processed for: AutoClient174
[18:09:16] Normal request processed for: AutoClient170
[18:09:16] Normal request processed for: AutoClient163
[18:09:16] Normal request processed for: AutoClient173
[18:09:16] Normal request processed for: AutoClient177
[18:09:16] Normal request processed for: AutoClient171
[18:09:16] Normal request processed for: AutoClient175
[18:09:16] Normal request processed for: AutoClient178
[18:09:16] Normal request processed for: AutoClient186
[18:09:16] Normal request processed for: AutoClient183
[18:09:16] Normal request processed for: AutoClient180
[18:09:16] Normal request processed for: AutoClient181
[18:09:16] Normal request processed for: AutoClient179
[18:09:16] Normal request processed for: AutoClient187
[18:09:16] Normal request processed for: AutoClient184
[18:09:16] Normal request processed for: AutoClient182
[18:09:16] Normal request processed for: AutoClient185
[18:09:16] Normal request processed for: AutoClient190
[18:09:16] Normal request processed for: AutoClient188
[18:09:16] Normal request processed for: AutoClient195
[18:09:16] Normal request processed for: AutoClient192
[18:09:16] Normal request processed for: AutoClient197
[18:09:16] Normal request processed for: AutoClient193
[18:09:16] Normal request processed for: AutoClient189
[18:09:16] Normal request processed for: AutoClient191
[18:09:16] Normal request processed for: AutoClient194
[18:09:16] Normal request processed for: AutoClient196
[18:09:16] Normal request processed for: AutoClient199
[18:09:16] Normal request processed for: AutoClient198
[18:09:16] Normal request processed for: AutoClient203
[18:09:16] Normal request processed for: AutoClient202
[18:09:16] Normal request processed for: AutoClient201
[18:09:16] Normal request processed for: AutoClient206
[18:09:16] Normal request processed for: AutoClient205
[18:09:16] Normal request processed for: AutoClient208
[18:09:16] Normal request processed for: AutoClient207
[18:09:16] Normal request processed for: AutoClient204
[18:09:16] Normal request processed for: AutoClient209
[18:09:17] Normal request processed for: AutoClient210
[18:09:17] Normal request processed for: AutoClient211
[18:09:17] Normal request processed for: AutoClient213
[18:09:17] Normal request processed for: AutoClient212
[18:09:17] Normal request processed for: AutoClient214
[18:09:17] Normal request processed for: AutoClient215
[18:09:17] Normal request processed for: AutoClient216
[18:09:17] Normal request processed for: AutoClient218
[18:09:17] Normal request processed for: AutoClient219
[18:09:17] Normal request processed for: AutoClient217
[18:09:17] Normal request processed for: AutoClient220
[18:09:17] Normal request processed for: AutoClient221
[18:09:17] Normal request processed for: AutoClient222
[18:09:17] Normal request processed for: AutoClient223
[18:09:17] Normal request processed for: AutoClient224
[18:09:17] Normal request processed for: AutoClient225
[18:09:17] Normal request processed for: AutoClient227
[18:09:17] Normal request processed for: AutoClient226
[18:09:17] Normal request processed for: AutoClient228
[18:09:17] Normal request processed for: AutoClient231
[18:09:17] Normal request processed for: AutoClient230
[18:09:17] Normal request processed for: AutoClient229
[18:09:17] Normal request processed for: AutoClient232
[18:09:17] Normal request processed for: AutoClient233
[18:09:17] Normal request processed for: AutoClient234
[18:09:17] Normal request processed for: AutoClient235
[18:09:17] Normal request processed for: AutoClient237
[18:09:17] Normal request processed for: AutoClient236
[18:09:17] Normal request processed for: AutoClient239
[18:09:17] Normal request processed for: AutoClient238
[18:09:17] Normal request processed for: AutoClient240
[18:09:17] Normal request processed for: AutoClient247
[18:09:17] Normal request processed for: AutoClient242
[18:09:17] Normal request processed for: AutoClient241
[18:09:17] Normal request processed for: AutoClient251
[18:09:17] Normal request processed for: AutoClient246
[18:09:17] Normal request processed for: AutoClient250
[18:09:17] Normal request processed for: AutoClient249
[18:09:17] Normal request processed for: AutoClient245
[18:09:17] Normal request processed for: AutoClient243
[18:09:17] Normal request processed for: AutoClient244
[18:09:17] Normal request processed for: AutoClient248
[18:09:20] Priority request processed for: AutoPriority
[18:09:21] Normal request processed for: AutoClient257
[18:09:21] Normal request processed for: AutoClient252
[18:09:21] Normal request processed for: AutoClient253
[18:09:21] Normal request processed for: AutoClient261
[18:09:21] Normal request processed for: AutoClient262
[18:09:21] Normal request processed for: AutoClient256
[18:09:21] Normal request processed for: AutoClient255
[18:09:21] Normal request processed for: AutoClient258
[18:09:21] Normal request processed for: AutoClient259
[18:09:21] Normal request processed for: AutoClient260
[18:09:21] Normal request processed for: AutoClient254
[18:09:21] Normal request processed for: AutoClient267
[18:09:21] Normal request processed for: AutoClient265
[18:09:21] Normal request processed for: AutoClient263
[18:09:21] Normal request processed for: AutoClient266
[18:09:21] Normal request processed for: AutoClient264
[18:09:21] Normal request processed for: AutoClient268
[18:09:21] Normal request processed for: AutoClient270
[18:09:21] Normal request processed for: AutoClient273
[18:09:21] Normal request processed for: AutoClient269
[18:09:21] Normal request processed for: AutoClient271
[18:09:21] Normal request processed for: AutoClient272
[18:09:21] Normal request processed for: AutoClient274
[18:09:21] Normal request processed for: AutoClient278
[18:09:21] Normal request processed for: AutoClient276
[18:09:21] Normal request processed for: AutoClient277
[18:09:21] Normal request processed for: AutoClient275
[18:09:21] Normal request processed for: AutoClient279
[18:09:21] Normal request processed for: AutoClient284
[18:09:21] Normal request processed for: AutoClient283
[18:09:21] Normal request processed for: AutoClient280
[18:09:21] Normal request processed for: AutoClient282
[18:09:21] Normal request processed for: AutoClient281
[18:09:21] Normal request processed for: AutoClient286
[18:09:21] Normal request processed for: AutoClient285
[18:09:21] Normal request processed for: AutoClient290
[18:09:21] Normal request processed for: AutoClient288
[18:09:21] Normal request processed for: AutoClient287
[18:09:21] Normal request processed for: AutoClient289
[18:09:21] Normal request processed for: AutoClient292
[18:09:21] Normal request processed for: AutoClient291
[18:09:21] Normal request processed for: AutoClient293
[18:09:21] Normal request processed for: AutoClient294
[18:09:21] Normal request processed for: AutoClient295
[18:09:22] Normal request processed for: AutoClient296
[18:09:22] Normal request processed for: AutoClient297
[18:09:22] Normal request processed for: AutoClient301
[18:09:22] Normal request processed for: AutoClient298
[18:09:22] Normal request processed for: AutoClient299
[18:09:22] Normal request processed for: AutoClient303
[18:09:22] Normal request processed for: AutoClient304
[18:09:22] Normal request processed for: AutoClient305
[18:09:22] Normal request processed for: AutoClient302
[18:09:22] Normal request processed for: AutoClient307
[18:09:22] Normal request processed for: AutoClient306
[18:09:22] Normal request processed for: AutoClient309
[18:09:22] Normal request processed for: AutoClient310
[18:09:22] Normal request processed for: AutoClient308
[18:09:22] Normal request processed for: AutoClient312
[18:09:22] Normal request processed for: AutoClient311
[18:09:22] Normal request processed for: AutoClient315
[18:09:22] Normal request processed for: AutoClient313
[18:09:22] Normal request processed for: AutoClient314
[18:09:22] Normal request processed for: AutoClient316
[18:09:22] Normal request processed for: AutoClient318
[18:09:22] Normal request processed for: AutoClient317
[18:09:22] Normal request processed for: AutoClient322
[18:09:22] Normal request processed for: AutoClient325
[18:09:22] Normal request processed for: AutoClient319
[18:09:22] Normal request processed for: AutoClient320
[18:09:22] Normal request processed for: AutoClient321
[18:09:22] Normal request processed for: AutoClient323
[18:09:22] Normal request processed for: AutoClient326
[18:09:22] Normal request processed for: AutoClient324
[18:09:22] Normal request processed for: AutoClient327
[18:09:22] Normal request processed for: AutoClient330
[18:09:22] Normal request processed for: AutoClient329
[18:09:22] Normal request processed for: AutoClient337
[18:09:22] Normal request processed for: AutoClient331
[18:09:22] Normal request processed for: AutoClient334
[18:09:22] Normal request processed for: AutoClient328
[18:09:22] Normal request processed for: AutoClient336
[18:09:22] Normal request processed for: AutoClient332
[18:09:22] Normal request processed for: AutoClient333
[18:09:22] Normal request processed for: AutoClient335
[18:09:22] Normal request processed for: AutoClient338
[18:09:22] Normal request processed for: AutoClient339
[18:09:22] Normal request processed for: AutoClient340
[18:09:23] Normal request processed for: AutoClient346
[18:09:23] Normal request processed for: AutoClient345
[18:09:23] Normal request processed for: AutoClient350
[18:09:23] Normal request processed for: AutoClient343
[18:09:23] Normal request processed for: AutoClient347
[18:09:23] Normal request processed for: AutoClient342
[18:09:23] Normal request processed for: AutoClient341
[18:09:23] Normal request processed for: AutoClient344
[18:09:23] Normal request processed for: AutoClient348
[18:09:23] Normal request processed for: AutoClient349
[18:09:23] Normal request processed for: AutoClient351
[18:09:23] Normal request processed for: AutoClient353
[18:09:23] Normal request processed for: AutoClient352
[18:09:23] Normal request processed for: AutoClient356
[18:09:23] Normal request processed for: AutoClient360
[18:09:23] Normal request processed for: AutoClient355
[18:09:23] Normal request processed for: AutoClient357
[18:09:23] Normal request processed for: AutoClient359
[18:09:23] Normal request processed for: AutoClient354
[18:09:23] Normal request processed for: AutoClient358
[18:09:23] Normal request processed for: AutoClient363
[18:09:23] Normal request processed for: AutoClient370
[18:09:23] Normal request processed for: AutoClient369
[18:09:23] Normal request processed for: AutoClient367
[18:09:23] Normal request processed for: AutoClient361
[18:09:23] Normal request processed for: AutoClient368
[18:09:23] Normal request processed for: AutoClient362
[18:09:23] Normal request processed for: AutoClient365
[18:09:23] Normal request processed for: AutoClient364
[18:09:23] Normal request processed for: AutoClient366
[18:09:23] Normal request processed for: AutoClient372
[18:09:26] Priority request processed for: AutoPriority
[18:09:26] Normal request processed for: AutoClient375
[18:09:26] Normal request processed for: AutoClient379
[18:09:26] Normal request processed for: AutoClient371
[18:09:26] Normal request processed for: AutoClient378
[18:09:26] Normal request processed for: AutoClient383
[18:09:26] Normal request processed for: AutoClient373
[18:09:26] Normal request processed for: AutoClient376
[18:09:26] Normal request processed for: AutoClient374
[18:09:26] Normal request processed for: AutoClient380
[18:09:26] Normal request processed for: AutoClient377
[18:09:26] Normal request processed for: AutoClient386
[18:09:27] Normal request processed for: AutoClient389
[18:09:27] Normal request processed for: AutoClient387
[18:09:27] Normal request processed for: AutoClient390
[18:09:27] Normal request processed for: AutoClient393
[18:09:27] Normal request processed for: AutoClient395
[18:09:27] Normal request processed for: AutoClient388
[18:09:27] Normal request processed for: AutoClient391
[18:09:27] Normal request processed for: AutoClient397
[18:09:27] Normal request processed for: AutoClient396
[18:09:27] Normal request processed for: AutoClient392
[18:09:27] Normal request processed for: AutoClient394
[18:09:27] Normal request processed for: AutoClient382
[18:09:27] Normal request processed for: AutoClient385
[18:09:27] Normal request processed for: AutoClient398
[18:09:27] Normal request processed for: AutoClient384
[18:09:27] Normal request processed for: AutoClient399
[18:09:27] Normal request processed for: AutoClient381
[18:09:27] Normal request processed for: AutoClient404
[18:09:27] Normal request processed for: AutoClient405
[18:09:27] Normal request processed for: AutoClient402
[18:09:27] Normal request processed for: AutoClient403
[18:09:27] Normal request processed for: AutoClient401
[18:09:27] Normal request processed for: AutoClient408
[18:09:27] Normal request processed for: AutoClient410
[18:09:27] Normal request processed for: AutoClient411
[18:09:27] Normal request processed for: AutoClient406
[18:09:27] Normal request processed for: AutoClient407
[18:09:27] Normal request processed for: AutoClient409
[18:09:27] Normal request processed for: AutoClient414
[18:09:27] Normal request processed for: AutoClient412
[18:09:27] Normal request processed for: AutoClient415
[18:09:27] Normal request processed for: AutoClient413
[18:09:27] Normal request processed for: AutoClient417
[18:09:28] Normal request processed for: AutoClient418
[18:09:28] Normal request processed for: AutoClient416
[18:09:28] Normal request processed for: AutoClient419
[18:09:28] Normal request processed for: AutoClient420
[18:09:28] Normal request processed for: AutoClient421
[18:09:28] Normal request processed for: AutoClient424
[18:09:28] Normal request processed for: AutoClient423
[18:09:28] Normal request processed for: AutoClient425
[18:09:28] Normal request processed for: AutoClient426
[18:09:28] Normal request processed for: AutoClient422
[18:09:28] Normal request processed for: AutoClient427
[18:09:28] Normal request processed for: AutoClient429
[18:09:28] Normal request processed for: AutoClient428
[18:09:28] Normal request processed for: AutoClient432
[18:09:28] Normal request processed for: AutoClient430
[18:09:28] Normal request processed for: AutoClient431
[18:09:28] Normal request processed for: AutoClient433
[18:09:28] Normal request processed for: AutoClient436
[18:09:28] Normal request processed for: AutoClient434
[18:09:28] Normal request processed for: AutoClient438
[18:09:28] Normal request processed for: AutoClient435
[18:09:28] Normal request processed for: AutoClient437
[18:09:28] Normal request processed for: AutoClient439
[18:09:28] Normal request processed for: AutoClient440
[18:09:28] Normal request processed for: AutoClient443
[18:09:28] Normal request processed for: AutoClient441
[18:09:28] Normal request processed for: AutoClient442
[18:09:28] Normal request processed for: AutoClient451
[18:09:28] Normal request processed for: AutoClient444
[18:09:28] Normal request processed for: AutoClient448
[18:09:28] Normal request processed for: AutoClient447
[18:09:28] Normal request processed for: AutoClient445
[18:09:28] Normal request processed for: AutoClient450
[18:09:28] Normal request processed for: AutoClient452
[18:09:28] Normal request processed for: AutoClient449
[18:09:28] Normal request processed for: AutoClient446
[18:09:28] Normal request processed for: AutoClient454
[18:09:28] Normal request processed for: AutoClient455
[18:09:28] Normal request processed for: AutoClient459
[18:09:28] Normal request processed for: AutoClient456
[18:09:28] Normal request processed for: AutoClient453
[18:09:28] Normal request processed for: AutoClient457
[18:09:28] Normal request processed for: AutoClient460
[18:09:28] Normal request processed for: AutoClient458
[18:09:29] Normal request processed for: AutoClient462
[18:09:29] Normal request processed for: AutoClient463
[18:09:29] Normal request processed for: AutoClient461
[18:09:29] Normal request processed for: AutoClient464
[18:09:29] Normal request processed for: AutoClient465
[18:09:29] Normal request processed for: AutoClient468
[18:09:29] Normal request processed for: AutoClient466
[18:09:29] Normal request processed for: AutoClient467
[18:09:29] Normal request processed for: AutoClient469
[18:09:29] Normal request processed for: AutoClient470
[18:09:29] Normal request processed for: AutoClient471
[18:09:29] Normal request processed for: AutoClient473
[18:09:29] Normal request processed for: AutoClient472
[18:09:29] Normal request processed for: AutoClient474
[18:09:29] Normal request processed for: AutoClient477
[18:09:29] Normal request processed for: AutoClient476
[18:09:29] Normal request processed for: AutoClient475
[18:09:29] Normal request processed for: AutoClient478
[18:09:29] Normal request processed for: AutoClient480
[18:09:29] Normal request processed for: AutoClient479
[18:09:29] Normal request processed for: AutoClient489
[18:09:29] Normal request processed for: AutoClient483
[18:09:29] Normal request processed for: AutoClient488
[18:09:29] Normal request processed for: AutoClient490
[18:09:29] Normal request processed for: AutoClient486
[18:09:29] Normal request processed for: AutoClient481
[18:09:29] Normal request processed for: AutoClient494
[18:09:29] Normal request processed for: AutoClient487
[18:09:29] Normal request processed for: AutoClient484
[18:09:29] Normal request processed for: AutoClient485
[18:09:29] Normal request processed for: AutoClient482
[18:09:32] Priority request processed for: AutoPriority
[18:09:32] Normal request processed for: AutoClient495
[18:09:32] Normal request processed for: AutoClient491
[18:09:32] Normal request processed for: AutoClient503
[18:09:32] Normal request processed for: AutoClient499
[18:09:32] Normal request processed for: AutoClient492
[18:09:32] Normal request processed for: AutoClient504
[18:09:32] Normal request processed for: AutoClient498
[18:09:32] Normal request processed for: AutoClient496
[18:09:32] Normal request processed for: AutoClient493
[18:09:32] Normal request processed for: AutoClient497
[18:09:32] Normal request processed for: AutoClient502
[18:09:35] Priority request processed for: AutoPriority
[18:09:36] Normal request processed for: AutoClient513
[18:09:36] Normal request processed for: AutoClient511
[18:09:36] Normal request processed for: AutoClient507
[18:09:36] Normal request processed for: AutoClient506
[18:09:36] Normal request processed for: AutoClient509
[18:09:36] Normal request processed for: AutoClient512
[18:09:36] Normal request processed for: AutoClient501
[18:09:36] Normal request processed for: AutoClient510
[18:09:36] Normal request processed for: AutoClient505
[18:09:36] Normal request processed for: AutoClient508
[18:09:36] Normal request processed for: AutoClient514
[18:09:36] Normal request processed for: AutoClient516
[18:09:36] Normal request processed for: AutoClient517
[18:09:36] Normal request processed for: AutoClient520
[18:09:36] Normal request processed for: AutoClient523
[18:09:36] Normal request processed for: AutoClient518
[18:09:36] Normal request processed for: AutoClient522
[18:09:36] Normal request processed for: AutoClient515
[18:09:36] Normal request processed for: AutoClient519
[18:09:36] Normal request processed for: AutoClient525
[18:09:36] Normal request processed for: AutoClient521
[18:09:36] Normal request processed for: AutoClient524
[18:09:36] Normal request processed for: AutoClient529
[18:09:36] Normal request processed for: AutoClient532
[18:09:36] Normal request processed for: AutoClient527
[18:09:36] Normal request processed for: AutoClient530
[18:09:36] Normal request processed for: AutoClient528
[18:09:36] Normal request processed for: AutoClient526
[18:09:36] Normal request processed for: AutoClient531
[18:09:36] Normal request processed for: AutoClient533
[18:09:36] Normal request processed for: AutoClient534
[18:09:36] Normal request processed for: AutoClient535
[18:09:36] Normal request processed for: AutoClient538
[18:09:36] Normal request processed for: AutoClient540
[18:09:36] Normal request processed for: AutoClient536
[18:09:36] Normal request processed for: AutoClient542
[18:09:36] Normal request processed for: AutoClient537
[18:09:36] Normal request processed for: AutoClient543
[18:09:36] Normal request processed for: AutoClient541
[18:09:36] Normal request processed for: AutoClient539
[18:09:36] Normal request processed for: AutoClient545
[18:09:36] Normal request processed for: AutoClient544
[18:09:36] Normal request processed for: AutoClient546
[18:09:36] Normal request processed for: AutoClient549
[18:09:37] Normal request processed for: AutoClient553
[18:09:37] Normal request processed for: AutoClient551
[18:09:37] Normal request processed for: AutoClient547
[18:09:37] Normal request processed for: AutoClient550
[18:09:37] Normal request processed for: AutoClient552
[18:09:37] Normal request processed for: AutoClient548
[18:09:37] Normal request processed for: AutoClient554
[18:09:37] Normal request processed for: AutoClient555
[18:09:37] Normal request processed for: AutoClient557
[18:09:37] Normal request processed for: AutoClient558
[18:09:37] Normal request processed for: AutoClient556
[18:09:37] Normal request processed for: AutoClient559
[18:09:37] Normal request processed for: AutoClient560
[18:09:37] Normal request processed for: AutoClient561
[18:09:37] Normal request processed for: AutoClient564
[18:09:37] Normal request processed for: AutoClient565
[18:09:37] Normal request processed for: AutoClient562
[18:09:37] Normal request processed for: AutoClient563
[18:09:37] Normal request processed for: AutoClient569
[18:09:37] Normal request processed for: AutoClient566
[18:09:37] Normal request processed for: AutoClient567
[18:09:37] Normal request processed for: AutoClient568
[18:09:37] Normal request processed for: AutoClient570
[18:09:37] Normal request processed for: AutoClient572
[18:09:37] Normal request processed for: AutoClient571
[18:09:37] Normal request processed for: AutoClient573
[18:09:37] Normal request processed for: AutoClient574
[18:09:37] Normal request processed for: AutoClient575
[18:09:37] Normal request processed for: AutoClient576
[18:09:37] Normal request processed for: AutoClient579
[18:09:37] Normal request processed for: AutoClient578
[18:09:37] Normal request processed for: AutoClient577
[18:09:37] Normal request processed for: AutoClient580
[18:09:37] Normal request processed for: AutoClient586
[18:09:37] Normal request processed for: AutoClient585
[18:09:37] Normal request processed for: AutoClient584
[18:09:37] Normal request processed for: AutoClient583
[18:09:37] Normal request processed for: AutoClient581
[18:09:37] Normal request processed for: AutoClient582
[18:09:37] Normal request processed for: AutoClient587
[18:09:37] Normal request processed for: AutoClient588
[18:09:37] Normal request processed for: AutoClient589
[18:09:37] Normal request processed for: AutoClient590
[18:09:37] Normal request processed for: AutoClient591
[18:09:38] Normal request processed for: AutoClient595
[18:09:38] Normal request processed for: AutoClient592
[18:09:38] Normal request processed for: AutoClient593
[18:09:38] Normal request processed for: AutoClient594
[18:09:38] Normal request processed for: AutoClient596
[18:09:38] Normal request processed for: AutoClient597
[18:09:38] Normal request processed for: AutoClient598
[18:09:38] Normal request processed for: AutoClient599
[18:09:38] Normal request processed for: AutoClient603
[18:09:38] Normal request processed for: AutoClient608
[18:09:38] Normal request processed for: AutoClient606
[18:09:38] Normal request processed for: AutoClient605
[18:09:38] Normal request processed for: AutoClient611
[18:09:38] Normal request processed for: AutoClient604
[18:09:38] Normal request processed for: AutoClient601
[18:09:38] Normal request processed for: AutoClient602
[18:09:38] Normal request processed for: AutoClient607
[18:09:38] Normal request processed for: AutoClient609
[18:09:38] Normal request processed for: AutoClient610
[18:09:41] Priority request processed for: AutoPriority
[18:09:41] Normal request processed for: AutoClient614
[18:09:41] Normal request processed for: AutoClient615
[18:09:41] Normal request processed for: AutoClient617
[18:09:41] Normal request processed for: AutoClient618
[18:09:41] Normal request processed for: AutoClient612
[18:09:41] Normal request processed for: AutoClient620
[18:09:41] Normal request processed for: AutoClient621
[18:09:41] Normal request processed for: AutoClient616
[18:09:41] Normal request processed for: AutoClient619
[18:09:41] Normal request processed for: AutoClient613
[18:09:41] Normal request processed for: AutoClient622
[18:09:41] Normal request processed for: AutoClient624
[18:09:41] Normal request processed for: AutoClient626
[18:09:41] Normal request processed for: AutoClient623
[18:09:41] Normal request processed for: AutoClient628
[18:09:41] Normal request processed for: AutoClient625
[18:09:41] Normal request processed for: AutoClient633
[18:09:41] Normal request processed for: AutoClient629
[18:09:41] Normal request processed for: AutoClient627
[18:09:41] Normal request processed for: AutoClient631
[18:09:41] Normal request processed for: AutoClient632
[18:09:41] Normal request processed for: AutoClient630
[18:09:42] Normal request processed for: AutoClient634
[18:09:42] Normal request processed for: AutoClient636
[18:09:42] Normal request processed for: AutoClient637
[18:09:42] Normal request processed for: AutoClient635
[18:09:42] Normal request processed for: AutoClient642
[18:09:42] Normal request processed for: AutoClient639
[18:09:42] Normal request processed for: AutoClient641
[18:09:42] Normal request processed for: AutoClient638
[18:09:42] Normal request processed for: AutoClient640
[18:09:42] Normal request processed for: AutoClient643
[18:09:42] Normal request processed for: AutoClient646
[18:09:42] Normal request processed for: AutoClient647
[18:09:42] Normal request processed for: AutoClient645
[18:09:42] Normal request processed for: AutoClient644
[18:09:42] Normal request processed for: AutoClient650
[18:09:42] Normal request processed for: AutoClient649
[18:09:42] Normal request processed for: AutoClient648
[18:09:42] Normal request processed for: AutoClient651
[18:09:42] Normal request processed for: AutoClient652
[18:09:42] Normal request processed for: AutoClient655
[18:09:42] Normal request processed for: AutoClient653
[18:09:42] Normal request processed for: AutoClient654
[18:09:42] Normal request processed for: AutoClient657
[18:09:42] Normal request processed for: AutoClient660
[18:09:42] Normal request processed for: AutoClient656
[18:09:42] Normal request processed for: AutoClient659
[18:09:42] Normal request processed for: AutoClient658
[18:09:42] Normal request processed for: AutoClient663
[18:09:42] Normal request processed for: AutoClient664
[18:09:42] Normal request processed for: AutoClient662
[18:09:42] Normal request processed for: AutoClient661
[18:09:42] Normal request processed for: AutoClient665
[18:09:42] Normal request processed for: AutoClient666
[18:09:42] Normal request processed for: AutoClient667
[18:09:42] Normal request processed for: AutoClient677
[18:09:42] Normal request processed for: AutoClient672
[18:09:42] Normal request processed for: AutoClient671
[18:09:42] Normal request processed for: AutoClient668
[18:09:42] Normal request processed for: AutoClient669
[18:09:42] Normal request processed for: AutoClient673
[18:09:42] Normal request processed for: AutoClient674
[18:09:42] Normal request processed for: AutoClient676
[18:09:42] Normal request processed for: AutoClient670
[18:09:42] Normal request processed for: AutoClient675
[18:09:43] Normal request processed for: AutoClient687
[18:09:43] Normal request processed for: AutoClient684
[18:09:43] Normal request processed for: AutoClient681
[18:09:43] Normal request processed for: AutoClient679
[18:09:43] Normal request processed for: AutoClient682
[18:09:43] Normal request processed for: AutoClient686
[18:09:43] Normal request processed for: AutoClient689
[18:09:43] Normal request processed for: AutoClient678
[18:09:43] Normal request processed for: AutoClient680
[18:09:43] Normal request processed for: AutoClient683
[18:09:43] Normal request processed for: AutoClient685
[18:09:43] Normal request processed for: AutoClient688
[18:09:43] Normal request processed for: AutoClient690
[18:09:43] Normal request processed for: AutoClient691
[18:09:43] Normal request processed for: AutoClient692
[18:09:43] Normal request processed for: AutoClient695
[18:09:43] Normal request processed for: AutoClient694
[18:09:43] Normal request processed for: AutoClient696
[18:09:43] Normal request processed for: AutoClient693
[18:09:43] Normal request processed for: AutoClient699
[18:09:43] Normal request processed for: AutoClient698
[18:09:43] Normal request processed for: AutoClient697
[18:09:43] Normal request processed for: AutoClient707
[18:09:43] Normal request processed for: AutoClient702
[18:09:43] Normal request processed for: AutoClient711
[18:09:43] Normal request processed for: AutoClient708
[18:09:43] Normal request processed for: AutoClient709
[18:09:43] Normal request processed for: AutoClient703
[18:09:43] Normal request processed for: AutoClient701
[18:09:43] Normal request processed for: AutoClient704
[18:09:43] Normal request processed for: AutoClient705
[18:09:43] Normal request processed for: AutoClient706
[18:09:43] Normal request processed for: AutoClient710
[18:09:43] Normal request processed for: AutoClient713
[18:09:43] Normal request processed for: AutoClient712
[18:09:43] Normal request processed for: AutoClient714
[18:09:43] Normal request processed for: AutoClient718
[18:09:43] Normal request processed for: AutoClient719
[18:09:43] Normal request processed for: AutoClient720
[18:09:43] Normal request processed for: AutoClient715
[18:09:43] Normal request processed for: AutoClient717
[18:09:43] Normal request processed for: AutoClient716
[18:09:44] Normal request processed for: AutoClient727
[18:09:44] Normal request processed for: AutoClient729
[18:09:44] Normal request processed for: AutoClient724
[18:09:44] Normal request processed for: AutoClient726
[18:09:44] Normal request processed for: AutoClient731
[18:09:44] Normal request processed for: AutoClient722
[18:09:44] Normal request processed for: AutoClient721
[18:09:44] Normal request processed for: AutoClient723
[18:09:44] Normal request processed for: AutoClient725
[18:09:44] Normal request processed for: AutoClient728
[18:09:44] Normal request processed for: AutoClient730
[18:09:47] Priority request processed for: AutoPriority
[18:09:47] Normal request processed for: AutoClient734
[18:09:47] Normal request processed for: AutoClient739
[18:09:47] Normal request processed for: AutoClient736
[18:09:47] Normal request processed for: AutoClient738
[18:09:47] Normal request processed for: AutoClient732
[18:09:47] Normal request processed for: AutoClient740
[18:09:47] Normal request processed for: AutoClient742
[18:09:47] Normal request processed for: AutoClient737
[18:09:47] Normal request processed for: AutoClient735
[18:09:47] Normal request processed for: AutoClient741
[18:09:47] Normal request processed for: AutoClient733
[18:09:47] Normal request processed for: AutoClient744
[18:09:47] Normal request processed for: AutoClient748
[18:09:47] Normal request processed for: AutoClient743
[18:09:47] Normal request processed for: AutoClient747
[18:09:47] Normal request processed for: AutoClient750
[18:09:47] Normal request processed for: AutoClient746
[18:09:47] Normal request processed for: AutoClient745
[18:09:47] Normal request processed for: AutoClient752
[18:09:47] Normal request processed for: AutoClient749
[18:09:47] Normal request processed for: AutoClient751
[18:09:47] Normal request processed for: AutoClient753
[18:09:48] Normal request processed for: AutoClient754
[18:09:48] Normal request processed for: AutoClient756
[18:09:48] Normal request processed for: AutoClient758
[18:09:48] Normal request processed for: AutoClient755
[18:09:48] Normal request processed for: AutoClient759
[18:09:48] Normal request processed for: AutoClient763
[18:09:48] Normal request processed for: AutoClient762
[18:09:48] Normal request processed for: AutoClient761
[18:09:48] Normal request processed for: AutoClient757
[18:09:48] Normal request processed for: AutoClient760
[18:09:48] Normal request processed for: AutoClient764
[18:09:48] Normal request processed for: AutoClient767
[18:09:48] Normal request processed for: AutoClient765
[18:09:48] Normal request processed for: AutoClient766
[18:09:48] Normal request processed for: AutoClient769
[18:09:48] Normal request processed for: AutoClient770
[18:09:48] Normal request processed for: AutoClient772
[18:09:48] Normal request processed for: AutoClient773
[18:09:48] Normal request processed for: AutoClient768
[18:09:48] Normal request processed for: AutoClient771
[18:09:48] Normal request processed for: AutoClient775
[18:09:48] Normal request processed for: AutoClient774
[18:09:48] Normal request processed for: AutoClient776
[18:09:48] Normal request processed for: AutoClient777
[18:09:48] Normal request processed for: AutoClient778
[18:09:48] Normal request processed for: AutoClient780
[18:09:48] Normal request processed for: AutoClient779
[18:09:48] Normal request processed for: AutoClient782
[18:09:48] Normal request processed for: AutoClient783
[18:09:48] Normal request processed for: AutoClient781
[18:09:48] Normal request processed for: AutoClient785
[18:09:48] Normal request processed for: AutoClient784
[18:09:48] Normal request processed for: AutoClient786
[18:09:48] Normal request processed for: AutoClient791
[18:09:48] Normal request processed for: AutoClient787
[18:09:48] Normal request processed for: AutoClient788
[18:09:48] Normal request processed for: AutoClient790
[18:09:48] Normal request processed for: AutoClient795
[18:09:48] Normal request processed for: AutoClient789
[18:09:48] Normal request processed for: AutoClient793
[18:09:48] Normal request processed for: AutoClient792
[18:09:48] Normal request processed for: AutoClient794
[18:09:48] Normal request processed for: AutoClient796
[18:09:48] Normal request processed for: AutoClient797
[18:09:49] Normal request processed for: AutoClient798
[18:09:49] Normal request processed for: AutoClient799
[18:09:49] Normal request processed for: AutoClient801
[18:09:49] Normal request processed for: AutoClient805
[18:09:49] Normal request processed for: AutoClient803
[18:09:49] Normal request processed for: AutoClient802
[18:09:49] Normal request processed for: AutoClient807
[18:09:49] Normal request processed for: AutoClient806
[18:09:49] Normal request processed for: AutoClient804
[18:09:49] Normal request processed for: AutoClient808
[18:09:49] Normal request processed for: AutoClient809
[18:09:49] Normal request processed for: AutoClient810
[18:09:49] Normal request processed for: AutoClient811
[18:09:49] Normal request processed for: AutoClient814
[18:09:49] Normal request processed for: AutoClient815
[18:09:49] Normal request processed for: AutoClient813
[18:09:49] Normal request processed for: AutoClient812
[18:09:49] Normal request processed for: AutoClient816
[18:09:49] Normal request processed for: AutoClient819
[18:09:49] Normal request processed for: AutoClient817
[18:09:49] Normal request processed for: AutoClient818
[18:09:49] Normal request processed for: AutoClient820
[18:09:49] Normal request processed for: AutoClient823
[18:09:49] Normal request processed for: AutoClient821
[18:09:49] Normal request processed for: AutoClient822
[18:09:49] Normal request processed for: AutoClient826
[18:09:49] Normal request processed for: AutoClient824
[18:09:49] Normal request processed for: AutoClient827
[18:09:49] Normal request processed for: AutoClient825
[18:09:49] Normal request processed for: AutoClient829
[18:09:49] Normal request processed for: AutoClient828
[18:09:49] Normal request processed for: AutoClient830
[18:09:49] Normal request processed for: AutoClient832
[18:09:49] Normal request processed for: AutoClient831
[18:09:49] Normal request processed for: AutoClient833
[18:09:49] Normal request processed for: AutoClient835
[18:09:49] Normal request processed for: AutoClient838
[18:09:49] Normal request processed for: AutoClient834
[18:09:49] Normal request processed for: AutoClient836
[18:09:49] Normal request processed for: AutoClient837
[18:09:49] Normal request processed for: AutoClient840
[18:09:49] Normal request processed for: AutoClient839
[18:09:50] Normal request processed for: AutoClient847
[18:09:50] Normal request processed for: AutoClient842
[18:09:50] Normal request processed for: AutoClient848
[18:09:50] Normal request processed for: AutoClient844
[18:09:50] Normal request processed for: AutoClient841
[18:09:50] Normal request processed for: AutoClient845
[18:09:50] Normal request processed for: AutoClient843
[18:09:50] Normal request processed for: AutoClient851
[18:09:50] Normal request processed for: AutoClient846
[18:09:50] Normal request processed for: AutoClient849
[18:09:50] Normal request processed for: AutoClient850
[18:09:53] Priority request processed for: AutoPriority
[18:09:53] Normal request processed for: AutoClient855
[18:09:53] Normal request processed for: AutoClient852
[18:09:53] Normal request processed for: AutoClient857
[18:09:53] Normal request processed for: AutoClient861
[18:09:53] Normal request processed for: AutoClient858
[18:09:53] Normal request processed for: AutoClient853
[18:09:53] Normal request processed for: AutoClient854
[18:09:53] Normal request processed for: AutoClient860
[18:09:53] Normal request processed for: AutoClient859
[18:09:53] Normal request processed for: AutoClient856
[18:09:53] Normal request processed for: AutoClient862
[18:09:53] Normal request processed for: AutoClient863
[18:09:53] Normal request processed for: AutoClient865
[18:09:53] Normal request processed for: AutoClient869
[18:09:53] Normal request processed for: AutoClient872
[18:09:53] Normal request processed for: AutoClient870
[18:09:53] Normal request processed for: AutoClient864
[18:09:53] Normal request processed for: AutoClient871
[18:09:53] Normal request processed for: AutoClient866
[18:09:53] Normal request processed for: AutoClient868
[18:09:53] Normal request processed for: AutoClient867
[18:09:53] Normal request processed for: AutoClient873
[18:09:53] Normal request processed for: AutoClient874
[18:09:53] Normal request processed for: AutoClient876
[18:09:53] Normal request processed for: AutoClient875
[18:09:53] Normal request processed for: AutoClient877
[18:09:53] Normal request processed for: AutoClient878
[18:09:53] Normal request processed for: AutoClient882
[18:09:53] Normal request processed for: AutoClient883
[18:09:53] Normal request processed for: AutoClient880
[18:09:53] Normal request processed for: AutoClient884
[18:09:53] Normal request processed for: AutoClient879
[18:09:53] Normal request processed for: AutoClient881
[18:09:54] Normal request processed for: AutoClient886
[18:09:54] Normal request processed for: AutoClient887
[18:09:54] Normal request processed for: AutoClient888
[18:09:54] Normal request processed for: AutoClient885
[18:09:54] Normal request processed for: AutoClient889
[18:09:54] Normal request processed for: AutoClient890
[18:09:54] Normal request processed for: AutoClient896
[18:09:54] Normal request processed for: AutoClient894
[18:09:54] Normal request processed for: AutoClient891
[18:09:54] Normal request processed for: AutoClient892
[18:09:54] Normal request processed for: AutoClient893
[18:09:54] Normal request processed for: AutoClient895
[18:09:54] Normal request processed for: AutoClient897
[18:09:54] Normal request processed for: AutoClient898
[18:09:54] Normal request processed for: AutoClient899
[18:09:54] Normal request processed for: AutoClient901
[18:09:54] Normal request processed for: AutoClient904
[18:09:54] Normal request processed for: AutoClient907
[18:09:54] Normal request processed for: AutoClient906
[18:09:54] Normal request processed for: AutoClient905
[18:09:54] Normal request processed for: AutoClient903
[18:09:54] Normal request processed for: AutoClient902
[18:09:54] Normal request processed for: AutoClient910
[18:09:54] Normal request processed for: AutoClient908
[18:09:54] Normal request processed for: AutoClient909
[18:09:54] Normal request processed for: AutoClient914
[18:09:54] Normal request processed for: AutoClient912
[18:09:54] Normal request processed for: AutoClient911
[18:09:54] Normal request processed for: AutoClient916
[18:09:54] Normal request processed for: AutoClient915
[18:09:54] Normal request processed for: AutoClient913
[18:09:54] Normal request processed for: AutoClient917
[18:09:54] Normal request processed for: AutoClient918
[18:09:54] Normal request processed for: AutoClient919
[18:09:54] Normal request processed for: AutoClient922
[18:09:54] Normal request processed for: AutoClient920
[18:09:54] Normal request processed for: AutoClient921
[18:09:54] Normal request processed for: AutoClient929
[18:09:54] Normal request processed for: AutoClient923
[18:09:54] Normal request processed for: AutoClient926
[18:09:54] Normal request processed for: AutoClient924
[18:09:54] Normal request processed for: AutoClient925
[18:09:54] Normal request processed for: AutoClient927
[18:09:54] Normal request processed for: AutoClient928
[18:09:55] Normal request processed for: AutoClient930
[18:09:55] Normal request processed for: AutoClient931
[18:09:55] Normal request processed for: AutoClient932
[18:09:55] Normal request processed for: AutoClient933
[18:09:55] Normal request processed for: AutoClient934
[18:09:55] Normal request processed for: AutoClient936
[18:09:55] Normal request processed for: AutoClient938
[18:09:55] Normal request processed for: AutoClient939
[18:09:55] Normal request processed for: AutoClient937
[18:09:55] Normal request processed for: AutoClient940
[18:09:55] Normal request processed for: AutoClient935
[18:09:55] Normal request processed for: AutoClient942
[18:09:55] Normal request processed for: AutoClient941
[18:09:55] Normal request processed for: AutoClient943
[18:09:55] Normal request processed for: AutoClient944
[18:09:55] Normal request processed for: AutoClient945
[18:09:55] Normal request processed for: AutoClient950
[18:09:55] Normal request processed for: AutoClient948
[18:09:55] Normal request processed for: AutoClient951
[18:09:55] Normal request processed for: AutoClient946
[18:09:55] Normal request processed for: AutoClient949
[18:09:55] Normal request processed for: AutoClient947
[18:09:55] Normal request processed for: AutoClient952
[18:09:55] Normal request processed for: AutoClient954
[18:09:55] Normal request processed for: AutoClient955
[18:09:55] Normal request processed for: AutoClient953
[18:09:55] Normal request processed for: AutoClient956
[18:09:55] Normal request processed for: AutoClient958
[18:09:55] Normal request processed for: AutoClient960
[18:09:55] Normal request processed for: AutoClient959
[18:09:55] Normal request processed for: AutoClient957
[18:09:55] Normal request processed for: AutoClient963
[18:09:55] Normal request processed for: AutoClient961
[18:09:55] Normal request processed for: AutoClient972
[18:09:55] Normal request processed for: AutoClient968
[18:09:55] Normal request processed for: AutoClient966
[18:09:55] Normal request processed for: AutoClient970
[18:09:55] Normal request processed for: AutoClient969
[18:09:55] Normal request processed for: AutoClient965
[18:09:55] Normal request processed for: AutoClient962
[18:09:55] Normal request processed for: AutoClient967
[18:09:55] Normal request processed for: AutoClient964
[18:09:58] Priority request processed for: AutoPriority
[18:09:59] Normal request processed for: AutoClient979
[18:09:59] Normal request processed for: AutoClient981
[18:09:59] Normal request processed for: AutoClient978
[18:09:59] Normal request processed for: AutoClient980
[18:09:59] Normal request processed for: AutoClient974
[18:09:59] Normal request processed for: AutoClient977
[18:09:59] Normal request processed for: AutoClient982
[18:09:59] Normal request processed for: AutoClient973
[18:09:59] Normal request processed for: AutoClient976
[18:09:59] Normal request processed for: AutoClient971
[18:09:59] Normal request processed for: AutoClient975
[18:09:59] Normal request processed for: AutoClient985
[18:09:59] Normal request processed for: AutoClient993
[18:09:59] Normal request processed for: AutoClient983
[18:09:59] Normal request processed for: AutoClient984
[18:09:59] Normal request processed for: AutoClient992
[18:09:59] Normal request processed for: AutoClient986
[18:09:59] Normal request processed for: AutoClient988
[18:09:59] Normal request processed for: AutoClient987
[18:09:59] Normal request processed for: AutoClient989
[18:09:59] Normal request processed for: AutoClient990
[18:09:59] Normal request processed for: AutoClient991
[18:09:59] Normal request processed for: AutoClient997
[18:09:59] Normal request processed for: AutoClient995
[18:09:59] Normal request processed for: AutoClient1005
[18:09:59] Normal request processed for: AutoClient998
[18:09:59] Normal request processed for: AutoClient994
[18:09:59] Normal request processed for: AutoClient1002
[18:09:59] Normal request processed for: AutoClient1001
[18:09:59] Normal request processed for: AutoClient1004
[18:09:59] Normal request processed for: AutoClient1003
[18:09:59] Normal request processed for: AutoClient996
[18:09:59] Normal request processed for: AutoClient999
[18:09:59] Normal request processed for: AutoClient1006
[18:09:59] Normal request processed for: AutoClient1009
[18:09:59] Normal request processed for: AutoClient1008
[18:09:59] Normal request processed for: AutoClient1007
[18:09:59] Normal request processed for: AutoClient1016
[18:09:59] Normal request processed for: AutoClient1011
[18:09:59] Normal request processed for: AutoClient1012
[18:09:59] Normal request processed for: AutoClient1013
[18:09:59] Normal request processed for: AutoClient1010
[18:09:59] Normal request processed for: AutoClient1014
[18:09:59] Normal request processed for: AutoClient1015
[18:10:00] Normal request processed for: AutoClient1017
[18:10:00] Normal request processed for: AutoClient1018
[18:10:00] Normal request processed for: AutoClient1019
[18:10:00] Normal request processed for: AutoClient1021
[18:10:00] Normal request processed for: AutoClient1020
[18:10:00] Normal request processed for: AutoClient1025
[18:10:00] Normal request processed for: AutoClient1027
[18:10:00] Normal request processed for: AutoClient1022
[18:10:00] Normal request processed for: AutoClient1026
[18:10:00] Normal request processed for: AutoClient1024
[18:10:00] Normal request processed for: AutoClient1023
[18:10:00] Normal request processed for: AutoClient1028
[18:10:00] Normal request processed for: AutoClient1030
[18:10:00] Normal request processed for: AutoClient1029
[18:10:00] Normal request processed for: AutoClient1031
[18:10:00] Normal request processed for: AutoClient1035
[18:10:00] Normal request processed for: AutoClient1032
[18:10:00] Normal request processed for: AutoClient1036
[18:10:00] Normal request processed for: AutoClient1033
[18:10:00] Normal request processed for: AutoClient1037
[18:10:00] Normal request processed for: AutoClient1034
[18:10:00] Normal request processed for: AutoClient1038
[18:10:00] Normal request processed for: AutoClient1041
[18:10:00] Normal request processed for: AutoClient1039
[18:10:00] Normal request processed for: AutoClient1040
[18:10:00] Normal request processed for: AutoClient1045
[18:10:00] Normal request processed for: AutoClient1042
[18:10:00] Normal request processed for: AutoClient1046
[18:10:00] Normal request processed for: AutoClient1044
[18:10:00] Normal request processed for: AutoClient1043
[18:10:00] Normal request processed for: AutoClient1047
[18:10:00] Normal request processed for: AutoClient1048
[18:10:00] Normal request processed for: AutoClient1049
[18:10:00] Normal request processed for: AutoClient1050
[18:10:00] Normal request processed for: AutoClient1052
[18:10:00] Normal request processed for: AutoClient1051
[18:10:00] Normal request processed for: AutoClient1058
[18:10:00] Normal request processed for: AutoClient1053
[18:10:00] Normal request processed for: AutoClient1057
[18:10:00] Normal request processed for: AutoClient1059
[18:10:00] Normal request processed for: AutoClient1056
[18:10:00] Normal request processed for: AutoClient1055
[18:10:00] Normal request processed for: AutoClient1054
[18:10:00] Normal request processed for: AutoClient1060
[18:10:01] Normal request processed for: AutoClient1063
[18:10:01] Normal request processed for: AutoClient1062
[18:10:01] Normal request processed for: AutoClient1061
[18:10:01] Normal request processed for: AutoClient1064
[18:10:01] Normal request processed for: AutoClient1066
[18:10:01] Normal request processed for: AutoClient1067
[18:10:01] Normal request processed for: AutoClient1070
[18:10:01] Normal request processed for: AutoClient1068
[18:10:01] Normal request processed for: AutoClient1069
[18:10:01] Normal request processed for: AutoClient1065
[18:10:01] Normal request processed for: AutoClient1071
[18:10:01] Normal request processed for: AutoClient1072
[18:10:01] Normal request processed for: AutoClient1077
[18:10:01] Normal request processed for: AutoClient1074
[18:10:01] Normal request processed for: AutoClient1075
[18:10:01] Normal request processed for: AutoClient1076
[18:10:01] Normal request processed for: AutoClient1078
[18:10:01] Normal request processed for: AutoClient1080
[18:10:01] Normal request processed for: AutoClient1079
[18:10:01] Normal request processed for: AutoClient1073
[18:10:01] Normal request processed for: AutoClient1081
[18:10:01] Normal request processed for: AutoClient1090
[18:10:01] Normal request processed for: AutoClient1084
[18:10:01] Normal request processed for: AutoClient1085
[18:10:01] Normal request processed for: AutoClient1082
[18:10:01] Normal request processed for: AutoClient1091
[18:10:01] Normal request processed for: AutoClient1089
[18:10:01] Normal request processed for: AutoClient1086
[18:10:01] Normal request processed for: AutoClient1087
[18:10:01] Normal request processed for: AutoClient1093
[18:10:01] Normal request processed for: AutoClient1088
[18:10:04] Priority request processed for: AutoPriority
[18:10:05] Normal request processed for: AutoClient1101
[18:10:05] Normal request processed for: AutoClient1094
[18:10:05] Normal request processed for: AutoClient1097
[18:10:05] Normal request processed for: AutoClient1095
[18:10:05] Normal request processed for: AutoClient1083
[18:10:05] Normal request processed for: AutoClient1092
[18:10:05] Normal request processed for: AutoClient1096
[18:10:05] Normal request processed for: AutoClient1098
[18:10:05] Normal request processed for: AutoClient1099
[18:10:05] Normal request processed for: AutoClient1103
[18:10:05] Normal request processed for: AutoClient1102
[18:10:08] Priority request processed for: AutoPriority
[18:10:08] Normal request processed for: AutoClient1110
[18:10:08] Normal request processed for: AutoClient1112
[18:10:08] Normal request processed for: AutoClient1104
[18:10:08] Normal request processed for: AutoClient1105
[18:10:08] Normal request processed for: AutoClient1111
[18:10:08] Normal request processed for: AutoClient1113
[18:10:08] Normal request processed for: AutoClient1109
[18:10:08] Normal request processed for: AutoClient1107
[18:10:08] Normal request processed for: AutoClient1106
[18:10:08] Normal request processed for: AutoClient1114
[18:10:08] Normal request processed for: AutoClient1108
[18:10:08] Normal request processed for: AutoClient1115
[18:10:08] Normal request processed for: AutoClient1116
[18:10:08] Normal request processed for: AutoClient1120
[18:10:08] Normal request processed for: AutoClient1123
[18:10:08] Normal request processed for: AutoClient1125
[18:10:08] Normal request processed for: AutoClient1117
[18:10:08] Normal request processed for: AutoClient1118
[18:10:08] Normal request processed for: AutoClient1119
[18:10:08] Normal request processed for: AutoClient1121
[18:10:08] Normal request processed for: AutoClient1122
[18:10:08] Normal request processed for: AutoClient1124
[18:10:08] Normal request processed for: AutoClient1126
[18:10:08] Normal request processed for: AutoClient1128
[18:10:08] Normal request processed for: AutoClient1127
[18:10:08] Normal request processed for: AutoClient1129
[18:10:08] Normal request processed for: AutoClient1131
[18:10:08] Normal request processed for: AutoClient1136
[18:10:08] Normal request processed for: AutoClient1132
[18:10:08] Normal request processed for: AutoClient1134
[18:10:08] Normal request processed for: AutoClient1130
[18:10:08] Normal request processed for: AutoClient1135
[18:10:08] Normal request processed for: AutoClient1133
[18:10:09] Normal request processed for: AutoClient1138
[18:10:09] Normal request processed for: AutoClient1137
[18:10:09] Normal request processed for: AutoClient1139
[18:10:09] Normal request processed for: AutoClient1140
[18:10:09] Normal request processed for: AutoClient1143
[18:10:09] Normal request processed for: AutoClient1145
[18:10:09] Normal request processed for: AutoClient1147
[18:10:09] Normal request processed for: AutoClient1142
[18:10:09] Normal request processed for: AutoClient1141
[18:10:09] Normal request processed for: AutoClient1148
[18:10:09] Normal request processed for: AutoClient1146
[18:10:09] Normal request processed for: AutoClient1150
[18:10:09] Normal request processed for: AutoClient1149
[18:10:09] Normal request processed for: AutoClient1152
[18:10:09] Normal request processed for: AutoClient1153
[18:10:09] Normal request processed for: AutoClient1154
[18:10:09] Normal request processed for: AutoClient1156
[18:10:09] Normal request processed for: AutoClient1155
[18:10:09] Normal request processed for: AutoClient1151
[18:10:09] Normal request processed for: AutoClient1157
[18:10:09] Normal request processed for: AutoClient1144
[18:10:09] Normal request processed for: AutoClient1158
[18:10:09] Normal request processed for: AutoClient1159
[18:10:09] Normal request processed for: AutoClient1160
[18:10:09] Normal request processed for: AutoClient1161
[18:10:09] Normal request processed for: AutoClient1166
[18:10:09] Normal request processed for: AutoClient1162
[18:10:09] Normal request processed for: AutoClient1164
[18:10:09] Normal request processed for: AutoClient1165
[18:10:09] Normal request processed for: AutoClient1163
[18:10:09] Normal request processed for: AutoClient1168
[18:10:09] Normal request processed for: AutoClient1169
[18:10:09] Normal request processed for: AutoClient1167
[18:10:09] Normal request processed for: AutoClient1170
[18:10:09] Normal request processed for: AutoClient1171
[18:10:09] Normal request processed for: AutoClient1172
[18:10:09] Normal request processed for: AutoClient1174
[18:10:09] Normal request processed for: AutoClient1173
[18:10:09] Normal request processed for: AutoClient1177
[18:10:09] Normal request processed for: AutoClient1175
[18:10:09] Normal request processed for: AutoClient1176
[18:10:09] Normal request processed for: AutoClient1179
[18:10:09] Normal request processed for: AutoClient1178
[18:10:09] Normal request processed for: AutoClient1180
[18:10:10] Normal request processed for: AutoClient1181
[18:10:10] Normal request processed for: AutoClient1182
[18:10:10] Normal request processed for: AutoClient1186
[18:10:10] Normal request processed for: AutoClient1192
[18:10:10] Normal request processed for: AutoClient1185
[18:10:10] Normal request processed for: AutoClient1187
[18:10:10] Normal request processed for: AutoClient1194
[18:10:10] Normal request processed for: AutoClient1184
[18:10:10] Normal request processed for: AutoClient1188
[18:10:10] Normal request processed for: AutoClient1195
[18:10:10] Normal request processed for: AutoClient1196
[18:10:10] Normal request processed for: AutoClient1198
[18:10:10] Normal request processed for: AutoClient1199
[18:10:10] Normal request processed for: AutoClient1197
[18:10:10] Normal request processed for: AutoClient1183
[18:10:10] Normal request processed for: AutoClient1193
[18:10:10] Normal request processed for: AutoClient1191
[18:10:10] Normal request processed for: AutoClient1190
[18:10:10] Normal request processed for: AutoClient1189
[18:10:10] Normal request processed for: AutoClient1207
[18:10:10] Normal request processed for: AutoClient1203
[18:10:10] Normal request processed for: AutoClient1206
[18:10:10] Normal request processed for: AutoClient1204
[18:10:10] Normal request processed for: AutoClient1205
[18:10:10] Normal request processed for: AutoClient1210
[18:10:10] Normal request processed for: AutoClient1208
[18:10:10] Normal request processed for: AutoClient1202
[18:10:10] Normal request processed for: AutoClient1211
[18:10:10] Normal request processed for: AutoClient1201
[18:10:10] Normal request processed for: AutoClient1209
[18:10:13] Priority request processed for: AutoPriority
[18:10:13] Normal request processed for: AutoClient1216
[18:10:13] Normal request processed for: AutoClient1215
[18:10:13] Normal request processed for: AutoClient1222
[18:10:13] Normal request processed for: AutoClient1219
[18:10:13] Normal request processed for: AutoClient1212
[18:10:13] Normal request processed for: AutoClient1220
[18:10:13] Normal request processed for: AutoClient1214
[18:10:13] Normal request processed for: AutoClient1217
[18:10:13] Normal request processed for: AutoClient1221
[18:10:13] Normal request processed for: AutoClient1218
[18:10:13] Normal request processed for: AutoClient1213
[18:10:14] Normal request processed for: AutoClient1223
[18:10:14] Normal request processed for: AutoClient1225
[18:10:14] Normal request processed for: AutoClient1227
[18:10:14] Normal request processed for: AutoClient1224
[18:10:14] Normal request processed for: AutoClient1228
[18:10:14] Normal request processed for: AutoClient1232
[18:10:14] Normal request processed for: AutoClient1229
[18:10:14] Normal request processed for: AutoClient1226
[18:10:14] Normal request processed for: AutoClient1230
[18:10:14] Normal request processed for: AutoClient1231
[18:10:14] Normal request processed for: AutoClient1233
[18:10:14] Normal request processed for: AutoClient1239
[18:10:14] Normal request processed for: AutoClient1235
[18:10:14] Normal request processed for: AutoClient1240
[18:10:14] Normal request processed for: AutoClient1234
[18:10:14] Normal request processed for: AutoClient1236
[18:10:14] Normal request processed for: AutoClient1237
[18:10:14] Normal request processed for: AutoClient1238
[18:10:14] Normal request processed for: AutoClient1243
[18:10:14] Normal request processed for: AutoClient1242
[18:10:14] Normal request processed for: AutoClient1241
[18:10:14] Normal request processed for: AutoClient1244
[18:10:14] Normal request processed for: AutoClient1250
[18:10:14] Normal request processed for: AutoClient1249
[18:10:14] Normal request processed for: AutoClient1245
[18:10:14] Normal request processed for: AutoClient1247
[18:10:14] Normal request processed for: AutoClient1253
[18:10:14] Normal request processed for: AutoClient1248
[18:10:14] Normal request processed for: AutoClient1246
[18:10:14] Normal request processed for: AutoClient1252
[18:10:14] Normal request processed for: AutoClient1254
[18:10:14] Normal request processed for: AutoClient1251
[18:10:14] Normal request processed for: AutoClient1255
[18:10:14] Normal request processed for: AutoClient1262
[18:10:14] Normal request processed for: AutoClient1256
[18:10:14] Normal request processed for: AutoClient1261
[18:10:14] Normal request processed for: AutoClient1260
[18:10:14] Normal request processed for: AutoClient1263
[18:10:14] Normal request processed for: AutoClient1257
[18:10:14] Normal request processed for: AutoClient1258
[18:10:14] Normal request processed for: AutoClient1259
[18:10:14] Normal request processed for: AutoClient1265
[18:10:14] Normal request processed for: AutoClient1264
[18:10:14] Normal request processed for: AutoClient1266
[18:10:15] Normal request processed for: AutoClient1270
[18:10:15] Normal request processed for: AutoClient1268
[18:10:15] Normal request processed for: AutoClient1273
[18:10:15] Normal request processed for: AutoClient1272
[18:10:15] Normal request processed for: AutoClient1267
[18:10:15] Normal request processed for: AutoClient1277
[18:10:15] Normal request processed for: AutoClient1269
[18:10:15] Normal request processed for: AutoClient1271
[18:10:15] Normal request processed for: AutoClient1274
[18:10:15] Normal request processed for: AutoClient1275
[18:10:15] Normal request processed for: AutoClient1276
[18:10:15] Normal request processed for: AutoClient1280
[18:10:15] Normal request processed for: AutoClient1278
[18:10:15] Normal request processed for: AutoClient1279
[18:10:15] Normal request processed for: AutoClient1282
[18:10:15] Normal request processed for: AutoClient1281
[18:10:15] Normal request processed for: AutoClient1283
[18:10:15] Normal request processed for: AutoClient1284
[18:10:15] Normal request processed for: AutoClient1285
[18:10:15] Normal request processed for: AutoClient1286
[18:10:15] Normal request processed for: AutoClient1287
[18:10:15] Normal request processed for: AutoClient1288
[18:10:15] Normal request processed for: AutoClient1289
[18:10:15] Normal request processed for: AutoClient1291
[18:10:15] Normal request processed for: AutoClient1290
[18:10:15] Normal request processed for: AutoClient1292
[18:10:15] Normal request processed for: AutoClient1296
[18:10:15] Normal request processed for: AutoClient1294
[18:10:15] Normal request processed for: AutoClient1298
[18:10:15] Normal request processed for: AutoClient1295
[18:10:15] Normal request processed for: AutoClient1293
[18:10:15] Normal request processed for: AutoClient1297
[18:10:15] Normal request processed for: AutoClient1299
[18:10:15] Normal request processed for: AutoClient1305
[18:10:15] Normal request processed for: AutoClient1304
[18:10:15] Normal request processed for: AutoClient1303
[18:10:15] Normal request processed for: AutoClient1301
[18:10:15] Normal request processed for: AutoClient1302
[18:10:15] Normal request processed for: AutoClient1307
[18:10:15] Normal request processed for: AutoClient1306
[18:10:15] Normal request processed for: AutoClient1309
[18:10:15] Normal request processed for: AutoClient1310
[18:10:15] Normal request processed for: AutoClient1308
[18:10:15] Normal request processed for: AutoClient1311
[18:10:16] Normal request processed for: AutoClient1315
[18:10:16] Normal request processed for: AutoClient1313
[18:10:16] Normal request processed for: AutoClient1318
[18:10:16] Normal request processed for: AutoClient1312
[18:10:16] Normal request processed for: AutoClient1314
[18:10:16] Normal request processed for: AutoClient1319
[18:10:16] Normal request processed for: AutoClient1317
[18:10:16] Normal request processed for: AutoClient1316
[18:10:16] Normal request processed for: AutoClient1320
[18:10:16] Normal request processed for: AutoClient1322
[18:10:16] Normal request processed for: AutoClient1328
[18:10:16] Normal request processed for: AutoClient1321
[18:10:16] Normal request processed for: AutoClient1327
[18:10:16] Normal request processed for: AutoClient1326
[18:10:16] Normal request processed for: AutoClient1331
[18:10:16] Normal request processed for: AutoClient1330
[18:10:16] Normal request processed for: AutoClient1323
[18:10:16] Normal request processed for: AutoClient1329
[18:10:16] Normal request processed for: AutoClient1324
[18:10:16] Normal request processed for: AutoClient1325
[18:10:19] Priority request processed for: AutoPriority
[18:10:19] Normal request processed for: AutoClient1332
[18:10:19] Normal request processed for: AutoClient1333
[18:10:19] Normal request processed for: AutoClient1341
[18:10:19] Normal request processed for: AutoClient1342
[18:10:19] Normal request processed for: AutoClient1336
[18:10:19] Normal request processed for: AutoClient1340
[18:10:19] Normal request processed for: AutoClient1334
[18:10:19] Normal request processed for: AutoClient1335
[18:10:19] Normal request processed for: AutoClient1339
[18:10:19] Normal request processed for: AutoClient1337
[18:10:19] Normal request processed for: AutoClient1338
[18:10:20] Normal request processed for: AutoClient1346
[18:10:20] Normal request processed for: AutoClient1344
[18:10:20] Normal request processed for: AutoClient1343
[18:10:20] Normal request processed for: AutoClient1350
[18:10:20] Normal request processed for: AutoClient1345
[18:10:20] Normal request processed for: AutoClient1352
[18:10:20] Normal request processed for: AutoClient1353
[18:10:20] Normal request processed for: AutoClient1347
[18:10:20] Normal request processed for: AutoClient1348
[18:10:20] Normal request processed for: AutoClient1349
[18:10:20] Normal request processed for: AutoClient1351
[18:10:20] Normal request processed for: AutoClient1354
[18:10:20] Normal request processed for: AutoClient1359
[18:10:20] Normal request processed for: AutoClient1364
[18:10:20] Normal request processed for: AutoClient1362
[18:10:20] Normal request processed for: AutoClient1357
[18:10:20] Normal request processed for: AutoClient1355
[18:10:20] Normal request processed for: AutoClient1360
[18:10:20] Normal request processed for: AutoClient1358
[18:10:20] Normal request processed for: AutoClient1356
[18:10:20] Normal request processed for: AutoClient1361
[18:10:20] Normal request processed for: AutoClient1363
[18:10:20] Normal request processed for: AutoClient1365
[18:10:20] Normal request processed for: AutoClient1367
[18:10:20] Normal request processed for: AutoClient1368
[18:10:20] Normal request processed for: AutoClient1369
[18:10:20] Normal request processed for: AutoClient1366
[18:10:20] Normal request processed for: AutoClient1371
[18:10:20] Normal request processed for: AutoClient1370
[18:10:20] Normal request processed for: AutoClient1372
[18:10:20] Normal request processed for: AutoClient1374
[18:10:20] Normal request processed for: AutoClient1373
[18:10:20] Normal request processed for: AutoClient1376
[18:10:20] Normal request processed for: AutoClient1378
[18:10:20] Normal request processed for: AutoClient1379
[18:10:20] Normal request processed for: AutoClient1375
[18:10:20] Normal request processed for: AutoClient1380
[18:10:20] Normal request processed for: AutoClient1377
[18:10:20] Normal request processed for: AutoClient1381
[18:10:20] Normal request processed for: AutoClient1386
[18:10:20] Normal request processed for: AutoClient1383
[18:10:20] Normal request processed for: AutoClient1382
[18:10:20] Normal request processed for: AutoClient1384
[18:10:20] Normal request processed for: AutoClient1385
[18:10:21] Normal request processed for: AutoClient1387
[18:10:21] Normal request processed for: AutoClient1390
[18:10:21] Normal request processed for: AutoClient1392
[18:10:21] Normal request processed for: AutoClient1388
[18:10:21] Normal request processed for: AutoClient1391
[18:10:21] Normal request processed for: AutoClient1389
[18:10:21] Normal request processed for: AutoClient1393
[18:10:21] Normal request processed for: AutoClient1395
[18:10:21] Normal request processed for: AutoClient1394
[18:10:21] Normal request processed for: AutoClient1396
[18:10:21] Normal request processed for: AutoClient1397
[18:10:21] Normal request processed for: AutoClient1401
[18:10:21] Normal request processed for: AutoClient1398
[18:10:21] Normal request processed for: AutoClient1399
[18:10:21] Normal request processed for: AutoClient1404
[18:10:21] Normal request processed for: AutoClient1407
[18:10:21] Normal request processed for: AutoClient1403
[18:10:21] Normal request processed for: AutoClient1402
[18:10:21] Normal request processed for: AutoClient1405
[18:10:21] Normal request processed for: AutoClient1408
[18:10:21] Normal request processed for: AutoClient1406
[18:10:21] Normal request processed for: AutoClient1410
[18:10:21] Normal request processed for: AutoClient1409
[18:10:21] Normal request processed for: AutoClient1414
[18:10:21] Normal request processed for: AutoClient1413
[18:10:21] Normal request processed for: AutoClient1418
[18:10:21] Normal request processed for: AutoClient1411
[18:10:21] Normal request processed for: AutoClient1417
[18:10:21] Normal request processed for: AutoClient1416
[18:10:21] Normal request processed for: AutoClient1419
[18:10:21] Normal request processed for: AutoClient1412
[18:10:21] Normal request processed for: AutoClient1415
[18:10:21] Normal request processed for: AutoClient1420
[18:10:21] Normal request processed for: AutoClient1424
[18:10:21] Normal request processed for: AutoClient1421
[18:10:21] Normal request processed for: AutoClient1422
[18:10:21] Normal request processed for: AutoClient1423
[18:10:21] Normal request processed for: AutoClient1426
[18:10:21] Normal request processed for: AutoClient1428
[18:10:21] Normal request processed for: AutoClient1430
[18:10:21] Normal request processed for: AutoClient1425
[18:10:21] Normal request processed for: AutoClient1427
[18:10:21] Normal request processed for: AutoClient1429
[18:10:21] Normal request processed for: AutoClient1431
[18:10:22] Normal request processed for: AutoClient1434
[18:10:22] Normal request processed for: AutoClient1432
[18:10:22] Normal request processed for: AutoClient1440
[18:10:22] Normal request processed for: AutoClient1436
[18:10:22] Normal request processed for: AutoClient1433
[18:10:22] Normal request processed for: AutoClient1438
[18:10:22] Normal request processed for: AutoClient1435
[18:10:22] Normal request processed for: AutoClient1439
[18:10:22] Normal request processed for: AutoClient1437
[18:10:22] Normal request processed for: AutoClient1441
[18:10:22] Normal request processed for: AutoClient1451
[18:10:22] Normal request processed for: AutoClient1443
[18:10:22] Normal request processed for: AutoClient1442
[18:10:22] Normal request processed for: AutoClient1445
[18:10:22] Normal request processed for: AutoClient1446
[18:10:22] Normal request processed for: AutoClient1444
[18:10:22] Normal request processed for: AutoClient1449
[18:10:22] Normal request processed for: AutoClient1448
[18:10:22] Normal request processed for: AutoClient1450
[18:10:22] Normal request processed for: AutoClient1447
[18:10:25] Priority request processed for: AutoPriority
[18:10:25] Normal request processed for: AutoClient1456
[18:10:25] Normal request processed for: AutoClient1458
[18:10:25] Normal request processed for: AutoClient1457
[18:10:25] Normal request processed for: AutoClient1461
[18:10:25] Normal request processed for: AutoClient1453
[18:10:25] Normal request processed for: AutoClient1459
[18:10:25] Normal request processed for: AutoClient1462
[18:10:25] Normal request processed for: AutoClient1460
[18:10:25] Normal request processed for: AutoClient1455
[18:10:25] Normal request processed for: AutoClient1452
[18:10:25] Normal request processed for: AutoClient1454
[18:10:25] Normal request processed for: AutoClient1464
[18:10:25] Normal request processed for: AutoClient1470
[18:10:25] Normal request processed for: AutoClient1463
[18:10:25] Normal request processed for: AutoClient1469
[18:10:25] Normal request processed for: AutoClient1465
[18:10:25] Normal request processed for: AutoClient1467
[18:10:25] Normal request processed for: AutoClient1472
[18:10:25] Normal request processed for: AutoClient1471
[18:10:25] Normal request processed for: AutoClient1473
[18:10:25] Normal request processed for: AutoClient1466
[18:10:25] Normal request processed for: AutoClient1468
[18:10:26] Normal request processed for: AutoClient1474
[18:10:26] Normal request processed for: AutoClient1477
[18:10:26] Normal request processed for: AutoClient1475
[18:10:26] Normal request processed for: AutoClient1476
[18:10:26] Normal request processed for: AutoClient1478
[18:10:26] Normal request processed for: AutoClient1479
[18:10:26] Normal request processed for: AutoClient1484
[18:10:26] Normal request processed for: AutoClient1483
[18:10:26] Normal request processed for: AutoClient1480
[18:10:26] Normal request processed for: AutoClient1481
[18:10:26] Normal request processed for: AutoClient1482
[18:10:26] Normal request processed for: AutoClient1485
[18:10:26] Normal request processed for: AutoClient1487
[18:10:26] Normal request processed for: AutoClient1488
[18:10:26] Normal request processed for: AutoClient1492
[18:10:26] Normal request processed for: AutoClient1486
[18:10:26] Normal request processed for: AutoClient1489
[18:10:26] Normal request processed for: AutoClient1494
[18:10:26] Normal request processed for: AutoClient1491
[18:10:26] Normal request processed for: AutoClient1490
[18:10:26] Normal request processed for: AutoClient1495
[18:10:26] Normal request processed for: AutoClient1493
[18:10:26] Normal request processed for: AutoClient1499
[18:10:26] Normal request processed for: AutoClient1498
[18:10:26] Normal request processed for: AutoClient1501
[18:10:26] Normal request processed for: AutoClient1496
[18:10:26] Normal request processed for: AutoClient1512
[18:10:26] Normal request processed for: AutoClient1507
[18:10:26] Normal request processed for: AutoClient1505
[18:10:26] Normal request processed for: AutoClient1497
[18:10:26] Normal request processed for: AutoClient1504
[18:10:26] Normal request processed for: AutoClient1506
[18:10:26] Normal request processed for: AutoClient1508
[18:10:26] Normal request processed for: AutoClient1513
[18:10:26] Normal request processed for: AutoClient1509
[18:10:26] Normal request processed for: AutoClient1503
[18:10:26] Normal request processed for: AutoClient1510
[18:10:26] Normal request processed for: AutoClient1514
[18:10:26] Normal request processed for: AutoClient1519
[18:10:26] Normal request processed for: AutoClient1511
[18:10:26] Normal request processed for: AutoClient1517
[18:10:26] Normal request processed for: AutoClient1502
[18:10:26] Normal request processed for: AutoClient1516
[18:10:26] Normal request processed for: AutoClient1521
[18:10:27] Normal request processed for: AutoClient1515
[18:10:27] Normal request processed for: AutoClient1518
[18:10:27] Normal request processed for: AutoClient1520
[18:10:27] Normal request processed for: AutoClient1523
[18:10:27] Normal request processed for: AutoClient1522
[18:10:27] Normal request processed for: AutoClient1524
[18:10:27] Normal request processed for: AutoClient1525
[18:10:27] Normal request processed for: AutoClient1527
[18:10:27] Normal request processed for: AutoClient1529
[18:10:27] Normal request processed for: AutoClient1528
[18:10:27] Normal request processed for: AutoClient1526
[18:10:27] Normal request processed for: AutoClient1531
[18:10:27] Normal request processed for: AutoClient1530
[18:10:27] Normal request processed for: AutoClient1532
[18:10:27] Normal request processed for: AutoClient1535
[18:10:27] Normal request processed for: AutoClient1533
[18:10:27] Normal request processed for: AutoClient1537
[18:10:27] Normal request processed for: AutoClient1540
[18:10:27] Normal request processed for: AutoClient1534
[18:10:27] Normal request processed for: AutoClient1536
[18:10:27] Normal request processed for: AutoClient1539
[18:10:27] Normal request processed for: AutoClient1538
[18:10:27] Normal request processed for: AutoClient1542
[18:10:27] Normal request processed for: AutoClient1543
[18:10:27] Normal request processed for: AutoClient1544
[18:10:27] Normal request processed for: AutoClient1541
[18:10:27] Normal request processed for: AutoClient1550
[18:10:27] Normal request processed for: AutoClient1547
[18:10:27] Normal request processed for: AutoClient1545
[18:10:27] Normal request processed for: AutoClient1548
[18:10:27] Normal request processed for: AutoClient1549
[18:10:27] Normal request processed for: AutoClient1546
[18:10:27] Normal request processed for: AutoClient1552
[18:10:27] Normal request processed for: AutoClient1553
[18:10:27] Normal request processed for: AutoClient1555
[18:10:27] Normal request processed for: AutoClient1557
[18:10:27] Normal request processed for: AutoClient1551
[18:10:27] Normal request processed for: AutoClient1559
[18:10:27] Normal request processed for: AutoClient1554
[18:10:27] Normal request processed for: AutoClient1560
[18:10:27] Normal request processed for: AutoClient1556
[18:10:27] Normal request processed for: AutoClient1558
[18:10:28] Normal request processed for: AutoClient1561
[18:10:28] Normal request processed for: AutoClient1566
[18:10:28] Normal request processed for: AutoClient1562
[18:10:28] Normal request processed for: AutoClient1563
[18:10:28] Normal request processed for: AutoClient1569
[18:10:28] Normal request processed for: AutoClient1568
[18:10:28] Normal request processed for: AutoClient1564
[18:10:28] Normal request processed for: AutoClient1565
[18:10:28] Normal request processed for: AutoClient1567
[18:10:28] Normal request processed for: AutoClient1570
[18:10:28] Normal request processed for: AutoClient1571
[18:10:31] Priority request processed for: AutoPriority
[18:10:31] Normal request processed for: AutoClient1581
[18:10:31] Normal request processed for: AutoClient1574
[18:10:31] Normal request processed for: AutoClient1580
[18:10:31] Normal request processed for: AutoClient1576
[18:10:31] Normal request processed for: AutoClient1575
[18:10:31] Normal request processed for: AutoClient1572
[18:10:31] Normal request processed for: AutoClient1573
[18:10:31] Normal request processed for: AutoClient1579
[18:10:31] Normal request processed for: AutoClient1582
[18:10:31] Normal request processed for: AutoClient1577
[18:10:31] Normal request processed for: AutoClient1578
[18:10:31] Normal request processed for: AutoClient1584
[18:10:31] Normal request processed for: AutoClient1583
[18:10:31] Normal request processed for: AutoClient1592
[18:10:31] Normal request processed for: AutoClient1593
[18:10:31] Normal request processed for: AutoClient1587
[18:10:31] Normal request processed for: AutoClient1591
[18:10:31] Normal request processed for: AutoClient1585
[18:10:31] Normal request processed for: AutoClient1589
[18:10:31] Normal request processed for: AutoClient1586
[18:10:31] Normal request processed for: AutoClient1588
[18:10:31] Normal request processed for: AutoClient1590
[18:10:31] Normal request processed for: AutoClient1594
[18:10:31] Normal request processed for: AutoClient1599
[18:10:31] Normal request processed for: AutoClient1596
[18:10:31] Normal request processed for: AutoClient1601
[18:10:31] Normal request processed for: AutoClient1595
[18:10:31] Normal request processed for: AutoClient1598
[18:10:31] Normal request processed for: AutoClient1604
[18:10:31] Normal request processed for: AutoClient1602
[18:10:31] Normal request processed for: AutoClient1597
[18:10:31] Normal request processed for: AutoClient1603
[18:10:31] Normal request processed for: AutoClient1605
[18:10:32] Normal request processed for: AutoClient1606
[18:10:32] Normal request processed for: AutoClient1612
[18:10:32] Normal request processed for: AutoClient1608
[18:10:32] Normal request processed for: AutoClient1607
[18:10:32] Normal request processed for: AutoClient1611
[18:10:32] Normal request processed for: AutoClient1609
[18:10:32] Normal request processed for: AutoClient1613
[18:10:32] Normal request processed for: AutoClient1615
[18:10:32] Normal request processed for: AutoClient1617
[18:10:32] Normal request processed for: AutoClient1610
[18:10:32] Normal request processed for: AutoClient1614
[18:10:32] Normal request processed for: AutoClient1616
[18:10:32] Normal request processed for: AutoClient1620
[18:10:32] Normal request processed for: AutoClient1621
[18:10:32] Normal request processed for: AutoClient1618
[18:10:32] Normal request processed for: AutoClient1619
[18:10:32] Normal request processed for: AutoClient1623
[18:10:32] Normal request processed for: AutoClient1622
[18:10:32] Normal request processed for: AutoClient1627
[18:10:32] Normal request processed for: AutoClient1628
[18:10:32] Normal request processed for: AutoClient1625
[18:10:32] Normal request processed for: AutoClient1624
[18:10:32] Normal request processed for: AutoClient1626
[18:10:32] Normal request processed for: AutoClient1629
[18:10:32] Normal request processed for: AutoClient1630
[18:10:32] Normal request processed for: AutoClient1632
[18:10:32] Normal request processed for: AutoClient1634
[18:10:32] Normal request processed for: AutoClient1631
[18:10:32] Normal request processed for: AutoClient1637
[18:10:32] Normal request processed for: AutoClient1633
[18:10:32] Normal request processed for: AutoClient1638
[18:10:32] Normal request processed for: AutoClient1635
[18:10:32] Normal request processed for: AutoClient1636
[18:10:32] Normal request processed for: AutoClient1641
[18:10:32] Normal request processed for: AutoClient1642
[18:10:32] Normal request processed for: AutoClient1640
[18:10:32] Normal request processed for: AutoClient1639
[18:10:32] Normal request processed for: AutoClient1643
[18:10:32] Normal request processed for: AutoClient1644
[18:10:32] Normal request processed for: AutoClient1648
[18:10:32] Normal request processed for: AutoClient1645
[18:10:32] Normal request processed for: AutoClient1647
[18:10:32] Normal request processed for: AutoClient1646
[18:10:32] Normal request processed for: AutoClient1649
[18:10:33] Normal request processed for: AutoClient1650
[18:10:33] Normal request processed for: AutoClient1652
[18:10:33] Normal request processed for: AutoClient1653
[18:10:33] Normal request processed for: AutoClient1651
[18:10:33] Normal request processed for: AutoClient1655
[18:10:33] Normal request processed for: AutoClient1654
[18:10:33] Normal request processed for: AutoClient1656
[18:10:33] Normal request processed for: AutoClient1659
[18:10:33] Normal request processed for: AutoClient1658
[18:10:33] Normal request processed for: AutoClient1660
[18:10:33] Normal request processed for: AutoClient1657
[18:10:33] Normal request processed for: AutoClient1662
[18:10:33] Normal request processed for: AutoClient1664
[18:10:33] Normal request processed for: AutoClient1663
[18:10:33] Normal request processed for: AutoClient1661
[18:10:33] Normal request processed for: AutoClient1665
[18:10:33] Normal request processed for: AutoClient1666
[18:10:33] Normal request processed for: AutoClient1667
[18:10:33] Normal request processed for: AutoClient1670
[18:10:33] Normal request processed for: AutoClient1672
[18:10:33] Normal request processed for: AutoClient1669
[18:10:33] Normal request processed for: AutoClient1668
[18:10:33] Normal request processed for: AutoClient1671
[18:10:33] Normal request processed for: AutoClient1673
[18:10:33] Normal request processed for: AutoClient1674
[18:10:33] Normal request processed for: AutoClient1679
[18:10:33] Normal request processed for: AutoClient1675
[18:10:33] Normal request processed for: AutoClient1676
[18:10:33] Normal request processed for: AutoClient1677
[18:10:33] Normal request processed for: AutoClient1678
[18:10:33] Normal request processed for: AutoClient1680
[18:10:34] Normal request processed for: AutoClient1683
[18:10:34] Normal request processed for: AutoClient1689
[18:10:34] Normal request processed for: AutoClient1687
[18:10:34] Normal request processed for: AutoClient1684
[18:10:34] Normal request processed for: AutoClient1682
[18:10:34] Normal request processed for: AutoClient1688
[18:10:34] Normal request processed for: AutoClient1681
[18:10:34] Normal request processed for: AutoClient1690
[18:10:34] Normal request processed for: AutoClient1691
[18:10:34] Normal request processed for: AutoClient1686
[18:10:34] Normal request processed for: AutoClient1685
[18:10:37] Priority request processed for: AutoPriority
[18:10:37] Normal request processed for: AutoClient1692
[18:10:37] Normal request processed for: AutoClient1697
[18:10:37] Normal request processed for: AutoClient1695
[18:10:37] Normal request processed for: AutoClient1701
[18:10:37] Normal request processed for: AutoClient1698
[18:10:37] Normal request processed for: AutoClient1696
[18:10:37] Normal request processed for: AutoClient1694
[18:10:37] Normal request processed for: AutoClient1699
[18:10:37] Normal request processed for: AutoClient1693
[18:10:37] Normal request processed for: AutoClient1702
[18:10:37] Normal request processed for: AutoClient1703
[18:10:40] Priority request processed for: AutoPriority
[18:10:40] Normal request processed for: AutoClient1713
[18:10:40] Normal request processed for: AutoClient1707
[18:10:40] Normal request processed for: AutoClient1710
[18:10:40] Normal request processed for: AutoClient1705
[18:10:40] Normal request processed for: AutoClient1704
[18:10:40] Normal request processed for: AutoClient1708
[18:10:40] Normal request processed for: AutoClient1711
[18:10:40] Normal request processed for: AutoClient1712
[18:10:40] Normal request processed for: AutoClient1706
[18:10:40] Normal request processed for: AutoClient1709
[18:10:40] Normal request processed for: AutoClient1714
[18:10:40] Normal request processed for: AutoClient1721
[18:10:40] Normal request processed for: AutoClient1719
[18:10:40] Normal request processed for: AutoClient1717
[18:10:40] Normal request processed for: AutoClient1716
[18:10:40] Normal request processed for: AutoClient1715
[18:10:40] Normal request processed for: AutoClient1718
[18:10:40] Normal request processed for: AutoClient1720
[18:10:40] Normal request processed for: AutoClient1723
[18:10:40] Normal request processed for: AutoClient1722
[18:10:40] Normal request processed for: AutoClient1724
[18:10:40] Normal request processed for: AutoClient1725
[18:10:41] Normal request processed for: AutoClient1726
[18:10:41] Normal request processed for: AutoClient1731
[18:10:41] Normal request processed for: AutoClient1735
[18:10:41] Normal request processed for: AutoClient1727
[18:10:41] Normal request processed for: AutoClient1736
[18:10:41] Normal request processed for: AutoClient1730
[18:10:41] Normal request processed for: AutoClient1729
[18:10:41] Normal request processed for: AutoClient1728
[18:10:41] Normal request processed for: AutoClient1733
[18:10:41] Normal request processed for: AutoClient1732
[18:10:41] Normal request processed for: AutoClient1734
[18:10:41] Normal request processed for: AutoClient1737
[18:10:41] Normal request processed for: AutoClient1739
[18:10:41] Normal request processed for: AutoClient1740
[18:10:41] Normal request processed for: AutoClient1738
[18:10:41] Normal request processed for: AutoClient1742
[18:10:41] Normal request processed for: AutoClient1741
[18:10:41] Normal request processed for: AutoClient1744
[18:10:41] Normal request processed for: AutoClient1743
[18:10:41] Normal request processed for: AutoClient1747
[18:10:41] Normal request processed for: AutoClient1746
[18:10:41] Normal request processed for: AutoClient1745
[18:10:41] Normal request processed for: AutoClient1748
[18:10:41] Normal request processed for: AutoClient1749
[18:10:41] Normal request processed for: AutoClient1750
[18:10:41] Normal request processed for: AutoClient1751
[18:10:41] Normal request processed for: AutoClient1752
[18:10:41] Normal request processed for: AutoClient1753
[18:10:41] Normal request processed for: AutoClient1754
[18:10:41] Normal request processed for: AutoClient1755
[18:10:41] Normal request processed for: AutoClient1758
[18:10:41] Normal request processed for: AutoClient1757
[18:10:41] Normal request processed for: AutoClient1756
[18:10:41] Normal request processed for: AutoClient1761
[18:10:41] Normal request processed for: AutoClient1759
[18:10:41] Normal request processed for: AutoClient1765
[18:10:41] Normal request processed for: AutoClient1760
[18:10:41] Normal request processed for: AutoClient1767
[18:10:41] Normal request processed for: AutoClient1763
[18:10:41] Normal request processed for: AutoClient1764
[18:10:41] Normal request processed for: AutoClient1762
[18:10:41] Normal request processed for: AutoClient1768
[18:10:41] Normal request processed for: AutoClient1766
[18:10:41] Normal request processed for: AutoClient1769
[18:10:42] Normal request processed for: AutoClient1772
[18:10:42] Normal request processed for: AutoClient1770
[18:10:42] Normal request processed for: AutoClient1771
[18:10:42] Normal request processed for: AutoClient1776
[18:10:42] Normal request processed for: AutoClient1778
[18:10:42] Normal request processed for: AutoClient1773
[18:10:42] Normal request processed for: AutoClient1774
[18:10:42] Normal request processed for: AutoClient1775
[18:10:42] Normal request processed for: AutoClient1777
[18:10:42] Normal request processed for: AutoClient1779
[18:10:42] Normal request processed for: AutoClient1780
[18:10:42] Normal request processed for: AutoClient1781
[18:10:42] Normal request processed for: AutoClient1793
[18:10:42] Normal request processed for: AutoClient1784
[18:10:42] Normal request processed for: AutoClient1787
[18:10:42] Normal request processed for: AutoClient1782
[18:10:42] Normal request processed for: AutoClient1783
[18:10:42] Normal request processed for: AutoClient1788
[18:10:42] Normal request processed for: AutoClient1785
[18:10:42] Normal request processed for: AutoClient1786
[18:10:42] Normal request processed for: AutoClient1789
[18:10:42] Normal request processed for: AutoClient1794
[18:10:42] Normal request processed for: AutoClient1796
[18:10:42] Normal request processed for: AutoClient1791
[18:10:42] Normal request processed for: AutoClient1795
[18:10:42] Normal request processed for: AutoClient1797
[18:10:42] Normal request processed for: AutoClient1798
[18:10:42] Normal request processed for: AutoClient1792
[18:10:42] Normal request processed for: AutoClient1790
[18:10:42] Normal request processed for: AutoClient1799
[18:10:42] Normal request processed for: AutoClient1805
[18:10:42] Normal request processed for: AutoClient1801
[18:10:42] Normal request processed for: AutoClient1810
[18:10:42] Normal request processed for: AutoClient1803
[18:10:42] Normal request processed for: AutoClient1804
[18:10:42] Normal request processed for: AutoClient1809
[18:10:42] Normal request processed for: AutoClient1811
[18:10:42] Normal request processed for: AutoClient1802
[18:10:42] Normal request processed for: AutoClient1807
[18:10:42] Normal request processed for: AutoClient1806
[18:10:42] Normal request processed for: AutoClient1808
[18:10:45] Priority request processed for: AutoPriority
[18:10:46] Normal request processed for: AutoClient1821
[18:10:46] Normal request processed for: AutoClient1820
[18:10:46] Normal request processed for: AutoClient1814
[18:10:46] Normal request processed for: AutoClient1818
[18:10:46] Normal request processed for: AutoClient1819
[18:10:46] Normal request processed for: AutoClient1813
[18:10:46] Normal request processed for: AutoClient1816
[18:10:46] Normal request processed for: AutoClient1815
[18:10:46] Normal request processed for: AutoClient1812
[18:10:46] Normal request processed for: AutoClient1817
[18:10:46] Normal request processed for: AutoClient1822
[18:10:46] Normal request processed for: AutoClient1830
[18:10:46] Normal request processed for: AutoClient1832
[18:10:46] Normal request processed for: AutoClient1829
[18:10:46] Normal request processed for: AutoClient1833
[18:10:46] Normal request processed for: AutoClient1823
[18:10:46] Normal request processed for: AutoClient1831
[18:10:46] Normal request processed for: AutoClient1825
[18:10:46] Normal request processed for: AutoClient1828
[18:10:46] Normal request processed for: AutoClient1827
[18:10:46] Normal request processed for: AutoClient1824
[18:10:46] Normal request processed for: AutoClient1826
[18:10:46] Normal request processed for: AutoClient1834
[18:10:46] Normal request processed for: AutoClient1836
[18:10:46] Normal request processed for: AutoClient1835
[18:10:46] Normal request processed for: AutoClient1841
[18:10:46] Normal request processed for: AutoClient1837
[18:10:46] Normal request processed for: AutoClient1838
[18:10:46] Normal request processed for: AutoClient1839
[18:10:46] Normal request processed for: AutoClient1842
[18:10:46] Normal request processed for: AutoClient1844
[18:10:46] Normal request processed for: AutoClient1843
[18:10:46] Normal request processed for: AutoClient1840
[18:10:46] Normal request processed for: AutoClient1845
[18:10:46] Normal request processed for: AutoClient1850
[18:10:46] Normal request processed for: AutoClient1847
[18:10:46] Normal request processed for: AutoClient1848
[18:10:46] Normal request processed for: AutoClient1849
[18:10:46] Normal request processed for: AutoClient1846
[18:10:46] Normal request processed for: AutoClient1851
[18:10:46] Normal request processed for: AutoClient1853
[18:10:46] Normal request processed for: AutoClient1852
[18:10:46] Normal request processed for: AutoClient1855
[18:10:46] Normal request processed for: AutoClient1854
[18:10:47] Normal request processed for: AutoClient1856
[18:10:47] Normal request processed for: AutoClient1857
[18:10:47] Normal request processed for: AutoClient1861
[18:10:47] Normal request processed for: AutoClient1858
[18:10:47] Normal request processed for: AutoClient1859
[18:10:47] Normal request processed for: AutoClient1860
[18:10:47] Normal request processed for: AutoClient1863
[18:10:47] Normal request processed for: AutoClient1862
[18:10:47] Normal request processed for: AutoClient1864
[18:10:47] Normal request processed for: AutoClient1865
[18:10:47] Normal request processed for: AutoClient1866
[18:10:47] Normal request processed for: AutoClient1869
[18:10:47] Normal request processed for: AutoClient1867
[18:10:47] Normal request processed for: AutoClient1870
[18:10:47] Normal request processed for: AutoClient1875
[18:10:47] Normal request processed for: AutoClient1876
[18:10:47] Normal request processed for: AutoClient1873
[18:10:47] Normal request processed for: AutoClient1871
[18:10:47] Normal request processed for: AutoClient1872
[18:10:47] Normal request processed for: AutoClient1868
[18:10:47] Normal request processed for: AutoClient1874
[18:10:47] Normal request processed for: AutoClient1877
[18:10:47] Normal request processed for: AutoClient1879
[18:10:47] Normal request processed for: AutoClient1878
[18:10:47] Normal request processed for: AutoClient1880
[18:10:47] Normal request processed for: AutoClient1886
[18:10:47] Normal request processed for: AutoClient1883
[18:10:47] Normal request processed for: AutoClient1882
[18:10:47] Normal request processed for: AutoClient1885
[18:10:47] Normal request processed for: AutoClient1881
[18:10:47] Normal request processed for: AutoClient1884
[18:10:47] Normal request processed for: AutoClient1887
[18:10:47] Normal request processed for: AutoClient1888
[18:10:47] Normal request processed for: AutoClient1889
[18:10:47] Normal request processed for: AutoClient1893
[18:10:47] Normal request processed for: AutoClient1890
[18:10:47] Normal request processed for: AutoClient1892
[18:10:47] Normal request processed for: AutoClient1895
[18:10:47] Normal request processed for: AutoClient1891
[18:10:47] Normal request processed for: AutoClient1897
[18:10:47] Normal request processed for: AutoClient1894
[18:10:47] Normal request processed for: AutoClient1896
[18:10:47] Normal request processed for: AutoClient1899
[18:10:47] Normal request processed for: AutoClient1898
[18:10:48] Normal request processed for: AutoClient1902
[18:10:48] Normal request processed for: AutoClient1908
[18:10:48] Normal request processed for: AutoClient1901
[18:10:48] Normal request processed for: AutoClient1911
[18:10:48] Normal request processed for: AutoClient1903
[18:10:48] Normal request processed for: AutoClient1906
[18:10:48] Normal request processed for: AutoClient1905
[18:10:48] Normal request processed for: AutoClient1904
[18:10:48] Normal request processed for: AutoClient1909
[18:10:48] Normal request processed for: AutoClient1907
[18:10:48] Normal request processed for: AutoClient1910
[18:10:48] Normal request processed for: AutoClient1918
[18:10:48] Normal request processed for: AutoClient1912
[18:10:48] Normal request processed for: AutoClient1914
[18:10:48] Normal request processed for: AutoClient1913
[18:10:48] Normal request processed for: AutoClient1915
[18:10:48] Normal request processed for: AutoClient1919
[18:10:48] Normal request processed for: AutoClient1920
[18:10:48] Normal request processed for: AutoClient1916
[18:10:48] Normal request processed for: AutoClient1917
[18:10:48] Normal request processed for: AutoClient1929
[18:10:48] Normal request processed for: AutoClient1930
[18:10:48] Normal request processed for: AutoClient1923
[18:10:48] Normal request processed for: AutoClient1922
[18:10:48] Normal request processed for: AutoClient1921
[18:10:48] Normal request processed for: AutoClient1925
[18:10:48] Normal request processed for: AutoClient1927
[18:10:48] Normal request processed for: AutoClient1926
[18:10:48] Normal request processed for: AutoClient1928
[18:10:48] Normal request processed for: AutoClient1924
[18:10:48] Normal request processed for: AutoClient1931
[18:10:51] Priority request processed for: AutoPriority
[18:10:52] Normal request processed for: AutoClient1941
[18:10:52] Normal request processed for: AutoClient1933
[18:10:52] Normal request processed for: AutoClient1938
[18:10:52] Normal request processed for: AutoClient1936
[18:10:52] Normal request processed for: AutoClient1935
[18:10:52] Normal request processed for: AutoClient1932
[18:10:52] Normal request processed for: AutoClient1937
[18:10:52] Normal request processed for: AutoClient1942
[18:10:52] Normal request processed for: AutoClient1934
[18:10:52] Normal request processed for: AutoClient1939
[18:10:52] Normal request processed for: AutoClient1940
[18:10:52] Normal request processed for: AutoClient1946
[18:10:52] Normal request processed for: AutoClient1950
[18:10:52] Normal request processed for: AutoClient1945
[18:10:52] Normal request processed for: AutoClient1951
[18:10:52] Normal request processed for: AutoClient1943
[18:10:52] Normal request processed for: AutoClient1948
[18:10:52] Normal request processed for: AutoClient1944
[18:10:52] Normal request processed for: AutoClient1952
[18:10:52] Normal request processed for: AutoClient1947
[18:10:52] Normal request processed for: AutoClient1949
[18:10:52] Normal request processed for: AutoClient1954
[18:10:52] Normal request processed for: AutoClient1953
[18:10:52] Normal request processed for: AutoClient1956
[18:10:52] Normal request processed for: AutoClient1955
[18:10:52] Normal request processed for: AutoClient1961
[18:10:52] Normal request processed for: AutoClient1957
[18:10:52] Normal request processed for: AutoClient1960
[18:10:52] Normal request processed for: AutoClient1959
[18:10:52] Normal request processed for: AutoClient1964
[18:10:52] Normal request processed for: AutoClient1958
[18:10:52] Normal request processed for: AutoClient1962
[18:10:52] Normal request processed for: AutoClient1963
[18:10:52] Normal request processed for: AutoClient1966
[18:10:52] Normal request processed for: AutoClient1968
[18:10:52] Normal request processed for: AutoClient1967
[18:10:52] Normal request processed for: AutoClient1965
[18:10:52] Normal request processed for: AutoClient1969
[18:10:52] Normal request processed for: AutoClient1970
[18:10:52] Normal request processed for: AutoClient1971
[18:10:52] Normal request processed for: AutoClient1972
[18:10:52] Normal request processed for: AutoClient1973
[18:10:52] Normal request processed for: AutoClient1974
[18:10:52] Normal request processed for: AutoClient1975
[18:10:53] Normal request processed for: AutoClient1978
[18:10:53] Normal request processed for: AutoClient1983
[18:10:53] Normal request processed for: AutoClient1984
[18:10:53] Normal request processed for: AutoClient1976
[18:10:53] Normal request processed for: AutoClient1981
[18:10:53] Normal request processed for: AutoClient1977
[18:10:53] Normal request processed for: AutoClient1979
[18:10:53] Normal request processed for: AutoClient1986
[18:10:53] Normal request processed for: AutoClient1980
[18:10:53] Normal request processed for: AutoClient1985
[18:10:53] Normal request processed for: AutoClient1982
[18:10:53] Normal request processed for: AutoClient1988
[18:10:53] Normal request processed for: AutoClient1991
[18:10:53] Normal request processed for: AutoClient1987
[18:10:53] Normal request processed for: AutoClient1990
[18:10:53] Normal request processed for: AutoClient1993
[18:10:53] Normal request processed for: AutoClient1992
[18:10:53] Normal request processed for: AutoClient1989
[18:10:53] Normal request processed for: AutoClient1997
[18:10:53] Normal request processed for: AutoClient1994
[18:10:53] Normal request processed for: AutoClient1995
[18:10:53] Normal request processed for: AutoClient1996
[18:10:53] Normal request processed for: AutoClient1998
[18:10:53] Normal request processed for: AutoClient1999
[18:10:53] Normal request processed for: AutoClient2001
[18:10:53] Normal request processed for: AutoClient2004
[18:10:53] Normal request processed for: AutoClient2005
[18:10:53] Normal request processed for: AutoClient2006
[18:10:53] Normal request processed for: AutoClient2003
[18:10:53] Normal request processed for: AutoClient2002
[18:10:53] Normal request processed for: AutoClient2007
[18:10:53] Normal request processed for: AutoClient2008
[18:10:53] Normal request processed for: AutoClient2009
[18:10:53] Normal request processed for: AutoClient2016
[18:10:53] Normal request processed for: AutoClient2017
[18:10:53] Normal request processed for: AutoClient2010
[18:10:53] Normal request processed for: AutoClient2013
[18:10:53] Normal request processed for: AutoClient2014
[18:10:53] Normal request processed for: AutoClient2015
[18:10:53] Normal request processed for: AutoClient2011
[18:10:53] Normal request processed for: AutoClient2012
[18:10:53] Normal request processed for: AutoClient2018
[18:10:53] Normal request processed for: AutoClient2019
[18:10:53] Normal request processed for: AutoClient2020
[18:10:54] Normal request processed for: AutoClient2027
[18:10:54] Normal request processed for: AutoClient2022
[18:10:54] Normal request processed for: AutoClient2026
[18:10:54] Normal request processed for: AutoClient2029
[18:10:54] Normal request processed for: AutoClient2023
[18:10:54] Normal request processed for: AutoClient2021
[18:10:54] Normal request processed for: AutoClient2024
[18:10:54] Normal request processed for: AutoClient2025
[18:10:54] Normal request processed for: AutoClient2028
[18:10:54] Normal request processed for: AutoClient2031
[18:10:54] Normal request processed for: AutoClient2030
[18:10:54] Normal request processed for: AutoClient2034
[18:10:54] Normal request processed for: AutoClient2032
[18:10:54] Normal request processed for: AutoClient2040
[18:10:54] Normal request processed for: AutoClient2037
[18:10:54] Normal request processed for: AutoClient2033
[18:10:54] Normal request processed for: AutoClient2038
[18:10:54] Normal request processed for: AutoClient2035
[18:10:54] Normal request processed for: AutoClient2039
[18:10:54] Normal request processed for: AutoClient2036
[18:10:54] Normal request processed for: AutoClient2049
[18:10:54] Normal request processed for: AutoClient2044
[18:10:54] Normal request processed for: AutoClient2045
[18:10:54] Normal request processed for: AutoClient2046
[18:10:54] Normal request processed for: AutoClient2042
[18:10:54] Normal request processed for: AutoClient2050
[18:10:54] Normal request processed for: AutoClient2043
[18:10:54] Normal request processed for: AutoClient2047
[18:10:54] Normal request processed for: AutoClient2041
[18:10:54] Normal request processed for: AutoClient2051
[18:10:54] Normal request processed for: AutoClient2052
[18:10:57] Priority request processed for: AutoPriority
[18:10:57] Normal request processed for: AutoClient2062
[18:10:57] Normal request processed for: AutoClient2058
[18:10:57] Normal request processed for: AutoClient2055
[18:10:57] Normal request processed for: AutoClient2053
[18:10:57] Normal request processed for: AutoClient2064
[18:10:57] Normal request processed for: AutoClient2056
[18:10:57] Normal request processed for: AutoClient2048
[18:10:57] Normal request processed for: AutoClient2059
[18:10:57] Normal request processed for: AutoClient2057
[18:10:57] Normal request processed for: AutoClient2061
[18:10:57] Normal request processed for: AutoClient2054
[18:10:58] Normal request processed for: AutoClient2063
[18:10:58] Normal request processed for: AutoClient2066
[18:10:58] Normal request processed for: AutoClient2060
[18:10:58] Normal request processed for: AutoClient2070
[18:10:58] Normal request processed for: AutoClient2069
[18:10:58] Normal request processed for: AutoClient2074
[18:10:58] Normal request processed for: AutoClient2065
[18:10:58] Normal request processed for: AutoClient2071
[18:10:58] Normal request processed for: AutoClient2072
[18:10:58] Normal request processed for: AutoClient2068
[18:10:58] Normal request processed for: AutoClient2067
[18:10:58] Normal request processed for: AutoClient2080
[18:10:58] Normal request processed for: AutoClient2073
[18:10:58] Normal request processed for: AutoClient2075
[18:10:58] Normal request processed for: AutoClient2078
[18:10:58] Normal request processed for: AutoClient2082
[18:10:58] Normal request processed for: AutoClient2076
[18:10:58] Normal request processed for: AutoClient2083
[18:10:58] Normal request processed for: AutoClient2081
[18:10:58] Normal request processed for: AutoClient2079
[18:10:58] Normal request processed for: AutoClient2077
[18:10:58] Normal request processed for: AutoClient2085
[18:10:58] Normal request processed for: AutoClient2084
[18:10:58] Normal request processed for: AutoClient2086
[18:10:58] Normal request processed for: AutoClient2094
[18:10:58] Normal request processed for: AutoClient2088
[18:10:58] Normal request processed for: AutoClient2091
[18:10:58] Normal request processed for: AutoClient2089
[18:10:58] Normal request processed for: AutoClient2093
[18:10:58] Normal request processed for: AutoClient2096
[18:10:58] Normal request processed for: AutoClient2092
[18:10:58] Normal request processed for: AutoClient2087
[18:10:58] Normal request processed for: AutoClient2090
[18:10:58] Normal request processed for: AutoClient2098
[18:10:58] Normal request processed for: AutoClient2099
[18:10:58] Normal request processed for: AutoClient2095
[18:10:58] Normal request processed for: AutoClient2102
[18:10:58] Normal request processed for: AutoClient2097
[18:10:58] Normal request processed for: AutoClient2107
[18:10:58] Normal request processed for: AutoClient2105
[18:10:58] Normal request processed for: AutoClient2101
[18:10:58] Normal request processed for: AutoClient2106
[18:10:58] Normal request processed for: AutoClient2103
[18:10:58] Normal request processed for: AutoClient2104
[18:10:59] Normal request processed for: AutoClient2115
[18:10:59] Normal request processed for: AutoClient2118
[18:10:59] Normal request processed for: AutoClient2108
[18:10:59] Normal request processed for: AutoClient2112
[18:10:59] Normal request processed for: AutoClient2111
[18:10:59] Normal request processed for: AutoClient2119
[18:10:59] Normal request processed for: AutoClient2114
[18:10:59] Normal request processed for: AutoClient2116
[18:10:59] Normal request processed for: AutoClient2113
[18:10:59] Normal request processed for: AutoClient2117
[18:10:59] Normal request processed for: AutoClient2110
[18:10:59] Normal request processed for: AutoClient2121
[18:10:59] Normal request processed for: AutoClient2123
[18:10:59] Normal request processed for: AutoClient2120
[18:10:59] Normal request processed for: AutoClient2124
[18:10:59] Normal request processed for: AutoClient2122
[18:10:59] Normal request processed for: AutoClient2109
[18:10:59] Normal request processed for: AutoClient2128
[18:10:59] Normal request processed for: AutoClient2127
[18:10:59] Normal request processed for: AutoClient2129
[18:10:59] Normal request processed for: AutoClient2125
[18:10:59] Normal request processed for: AutoClient2126
[18:10:59] Normal request processed for: AutoClient2133
[18:10:59] Normal request processed for: AutoClient2130
[18:10:59] Normal request processed for: AutoClient2132
[18:10:59] Normal request processed for: AutoClient2131
[18:10:59] Normal request processed for: AutoClient2134
[18:10:59] Normal request processed for: AutoClient2138
[18:10:59] Normal request processed for: AutoClient2136
[18:10:59] Normal request processed for: AutoClient2135
[18:10:59] Normal request processed for: AutoClient2137
[18:10:59] Normal request processed for: AutoClient2140
[18:10:59] Normal request processed for: AutoClient2139
[18:10:59] Normal request processed for: AutoClient2144
[18:10:59] Normal request processed for: AutoClient2141
[18:10:59] Normal request processed for: AutoClient2143
[18:10:59] Normal request processed for: AutoClient2145
[18:10:59] Normal request processed for: AutoClient2146
[18:10:59] Normal request processed for: AutoClient2148
[18:10:59] Normal request processed for: AutoClient2142
[18:10:59] Normal request processed for: AutoClient2150
[18:10:59] Normal request processed for: AutoClient2151
[18:10:59] Normal request processed for: AutoClient2149
[18:10:59] Normal request processed for: AutoClient2147
[18:11:00] Normal request processed for: AutoClient2155
[18:11:00] Normal request processed for: AutoClient2152
[18:11:00] Normal request processed for: AutoClient2156
[18:11:00] Normal request processed for: AutoClient2154
[18:11:00] Normal request processed for: AutoClient2158
[18:11:00] Normal request processed for: AutoClient2159
[18:11:00] Normal request processed for: AutoClient2153
[18:11:00] Normal request processed for: AutoClient2160
[18:11:00] Normal request processed for: AutoClient2157
[18:11:00] Normal request processed for: AutoClient2169
[18:11:00] Normal request processed for: AutoClient2164
[18:11:00] Normal request processed for: AutoClient2162
[18:11:00] Normal request processed for: AutoClient2163
[18:11:00] Normal request processed for: AutoClient2168
[18:11:00] Normal request processed for: AutoClient2170
[18:11:00] Normal request processed for: AutoClient2167
[18:11:00] Normal request processed for: AutoClient2171
[18:11:00] Normal request processed for: AutoClient2165
[18:11:00] Normal request processed for: AutoClient2161
[18:11:00] Normal request processed for: AutoClient2166
[18:11:03] Priority request processed for: AutoPriority
[18:11:03] Normal request processed for: AutoClient2176
[18:11:03] Normal request processed for: AutoClient2180
[18:11:03] Normal request processed for: AutoClient2175
[18:11:03] Normal request processed for: AutoClient2174
[18:11:03] Normal request processed for: AutoClient2173
[18:11:03] Normal request processed for: AutoClient2181
[18:11:03] Normal request processed for: AutoClient2179
[18:11:03] Normal request processed for: AutoClient2177
[18:11:03] Normal request processed for: AutoClient2172
[18:11:03] Normal request processed for: AutoClient2178
[18:11:03] Normal request processed for: AutoClient2183
[18:11:03] Normal request processed for: AutoClient2182
[18:11:03] Normal request processed for: AutoClient2185
[18:11:03] Normal request processed for: AutoClient2187
[18:11:03] Normal request processed for: AutoClient2184
[18:11:03] Normal request processed for: AutoClient2188
[18:11:03] Normal request processed for: AutoClient2190
[18:11:03] Normal request processed for: AutoClient2192
[18:11:03] Normal request processed for: AutoClient2189
[18:11:03] Normal request processed for: AutoClient2186
[18:11:03] Normal request processed for: AutoClient2191
[18:11:03] Normal request processed for: AutoClient2193
[18:11:04] Normal request processed for: AutoClient2194
[18:11:04] Normal request processed for: AutoClient2199
[18:11:04] Normal request processed for: AutoClient2196
[18:11:04] Normal request processed for: AutoClient2195
[18:11:04] Normal request processed for: AutoClient2197
[18:11:04] Normal request processed for: AutoClient2198
[18:11:04] Normal request processed for: AutoClient2203
[18:11:04] Normal request processed for: AutoClient2202
[18:11:04] Normal request processed for: AutoClient2204
[18:11:04] Normal request processed for: AutoClient2201
[18:11:04] Normal request processed for: AutoClient2205
[18:11:04] Normal request processed for: AutoClient2206
[18:11:04] Normal request processed for: AutoClient2209
[18:11:04] Normal request processed for: AutoClient2207
[18:11:04] Normal request processed for: AutoClient2211
[18:11:04] Normal request processed for: AutoClient2210
[18:11:04] Normal request processed for: AutoClient2208
[18:11:04] Normal request processed for: AutoClient2215
[18:11:04] Normal request processed for: AutoClient2213
[18:11:04] Normal request processed for: AutoClient2216
[18:11:04] Normal request processed for: AutoClient2212
[18:11:04] Normal request processed for: AutoClient2214
[18:11:04] Normal request processed for: AutoClient2218
[18:11:04] Normal request processed for: AutoClient2219
[18:11:04] Normal request processed for: AutoClient2217
[18:11:04] Normal request processed for: AutoClient2221
[18:11:04] Normal request processed for: AutoClient2222
[18:11:04] Normal request processed for: AutoClient2220
[18:11:04] Normal request processed for: AutoClient2224
[18:11:04] Normal request processed for: AutoClient2223
[18:11:04] Normal request processed for: AutoClient2225
[18:11:04] Normal request processed for: AutoClient2226
[18:11:04] Normal request processed for: AutoClient2227
[18:11:04] Normal request processed for: AutoClient2230
[18:11:04] Normal request processed for: AutoClient2229
[18:11:04] Normal request processed for: AutoClient2228
[18:11:04] Normal request processed for: AutoClient2232
[18:11:04] Normal request processed for: AutoClient2231
[18:11:04] Normal request processed for: AutoClient2233
[18:11:04] Normal request processed for: AutoClient2234
[18:11:04] Normal request processed for: AutoClient2235
[18:11:04] Normal request processed for: AutoClient2237
[18:11:04] Normal request processed for: AutoClient2238
[18:11:04] Normal request processed for: AutoClient2236
[18:11:05] Normal request processed for: AutoClient2239
[18:11:05] Normal request processed for: AutoClient2242
[18:11:05] Normal request processed for: AutoClient2240
[18:11:05] Normal request processed for: AutoClient2241
[18:11:05] Normal request processed for: AutoClient2243
[18:11:05] Normal request processed for: AutoClient2244
[18:11:05] Normal request processed for: AutoClient2247
[18:11:05] Normal request processed for: AutoClient2249
[18:11:05] Normal request processed for: AutoClient2246
[18:11:05] Normal request processed for: AutoClient2245
[18:11:05] Normal request processed for: AutoClient2248
[18:11:05] Normal request processed for: AutoClient2250
[18:11:05] Normal request processed for: AutoClient2253
[18:11:05] Normal request processed for: AutoClient2251
[18:11:05] Normal request processed for: AutoClient2255
[18:11:05] Normal request processed for: AutoClient2252
[18:11:05] Normal request processed for: AutoClient2254
[18:11:05] Normal request processed for: AutoClient2257
[18:11:05] Normal request processed for: AutoClient2256
[18:11:05] Normal request processed for: AutoClient2259
[18:11:05] Normal request processed for: AutoClient2258
[18:11:05] Normal request processed for: AutoClient2260
[18:11:05] Normal request processed for: AutoClient2262
[18:11:05] Normal request processed for: AutoClient2261
[18:11:05] Normal request processed for: AutoClient2265
[18:11:05] Normal request processed for: AutoClient2266
[18:11:05] Normal request processed for: AutoClient2263
[18:11:05] Normal request processed for: AutoClient2264
[18:11:05] Normal request processed for: AutoClient2267
[18:11:05] Normal request processed for: AutoClient2271
[18:11:05] Normal request processed for: AutoClient2268
[18:11:05] Normal request processed for: AutoClient2269
[18:11:05] Normal request processed for: AutoClient2270
[18:11:05] Normal request processed for: AutoClient2273
[18:11:05] Normal request processed for: AutoClient2272
[18:11:05] Normal request processed for: AutoClient2276
[18:11:05] Normal request processed for: AutoClient2274
[18:11:05] Normal request processed for: AutoClient2275
[18:11:05] Normal request processed for: AutoClient2277
[18:11:05] Normal request processed for: AutoClient2278
[18:11:06] Normal request processed for: AutoClient2280
[18:11:06] Normal request processed for: AutoClient2279
[18:11:06] Normal request processed for: AutoClient2285
[18:11:06] Normal request processed for: AutoClient2292
[18:11:06] Normal request processed for: AutoClient2290
[18:11:06] Normal request processed for: AutoClient2286
[18:11:06] Normal request processed for: AutoClient2289
[18:11:06] Normal request processed for: AutoClient2283
[18:11:06] Normal request processed for: AutoClient2288
[18:11:06] Normal request processed for: AutoClient2287
[18:11:06] Normal request processed for: AutoClient2284
[18:11:06] Normal request processed for: AutoClient2282
[18:11:06] Normal request processed for: AutoClient2281
[18:11:09] Priority request processed for: AutoPriority
[18:11:09] Normal request processed for: AutoClient2293
[18:11:09] Normal request processed for: AutoClient2296
[18:11:09] Normal request processed for: AutoClient2299
[18:11:09] Normal request processed for: AutoClient2297
[18:11:09] Normal request processed for: AutoClient2301
[18:11:09] Normal request processed for: AutoClient2295
[18:11:09] Normal request processed for: AutoClient2304
[18:11:09] Normal request processed for: AutoClient2294
[18:11:09] Normal request processed for: AutoClient2298
[18:11:09] Normal request processed for: AutoClient2291
[18:11:09] Normal request processed for: AutoClient2302
[18:11:12] Priority request processed for: AutoPriority
[18:11:12] Normal request processed for: AutoClient2311
[18:11:12] Normal request processed for: AutoClient2306
[18:11:12] Normal request processed for: AutoClient2303
[18:11:12] Normal request processed for: AutoClient2314
[18:11:12] Normal request processed for: AutoClient2308
[18:11:12] Normal request processed for: AutoClient2307
[18:11:12] Normal request processed for: AutoClient2312
[18:11:12] Normal request processed for: AutoClient2310
[18:11:12] Normal request processed for: AutoClient2305
[18:11:12] Normal request processed for: AutoClient2309
[18:11:12] Normal request processed for: AutoClient2323
[18:11:13] Normal request processed for: AutoClient2319
[18:11:13] Normal request processed for: AutoClient2316
[18:11:13] Normal request processed for: AutoClient2313
[18:11:13] Normal request processed for: AutoClient2317
[18:11:13] Normal request processed for: AutoClient2321
[18:11:13] Normal request processed for: AutoClient2315
[18:11:13] Normal request processed for: AutoClient2318
[18:11:13] Normal request processed for: AutoClient2320
[18:11:13] Normal request processed for: AutoClient2329
[18:11:13] Normal request processed for: AutoClient2324
[18:11:13] Normal request processed for: AutoClient2322
[18:11:13] Normal request processed for: AutoClient2333
[18:11:13] Normal request processed for: AutoClient2325
[18:11:13] Normal request processed for: AutoClient2342
[18:11:13] Normal request processed for: AutoClient2328
[18:11:13] Normal request processed for: AutoClient2327
[18:11:13] Normal request processed for: AutoClient2332
[18:11:13] Normal request processed for: AutoClient2331
[18:11:13] Normal request processed for: AutoClient2330
[18:11:13] Normal request processed for: AutoClient2337
[18:11:13] Normal request processed for: AutoClient2326
[18:11:13] Normal request processed for: AutoClient2343
[18:11:13] Normal request processed for: AutoClient2348
[18:11:13] Normal request processed for: AutoClient2339
[18:11:13] Normal request processed for: AutoClient2349
[18:11:13] Normal request processed for: AutoClient2336
[18:11:13] Normal request processed for: AutoClient2334
[18:11:13] Normal request processed for: AutoClient2338
[18:11:13] Normal request processed for: AutoClient2335
[18:11:13] Normal request processed for: AutoClient2344
[18:11:13] Normal request processed for: AutoClient2341
[18:11:13] Normal request processed for: AutoClient2346
[18:11:13] Normal request processed for: AutoClient2340
[18:11:13] Normal request processed for: AutoClient2356
[18:11:13] Normal request processed for: AutoClient2353
[18:11:13] Normal request processed for: AutoClient2351
[18:11:13] Normal request processed for: AutoClient2354
[18:11:13] Normal request processed for: AutoClient2347
[18:11:13] Normal request processed for: AutoClient2362
[18:11:13] Normal request processed for: AutoClient2345
[18:11:13] Normal request processed for: AutoClient2350
[18:11:13] Normal request processed for: AutoClient2360
[18:11:13] Normal request processed for: AutoClient2357
[18:11:13] Normal request processed for: AutoClient2352
[18:11:14] Normal request processed for: AutoClient2355
[18:11:14] Normal request processed for: AutoClient2363
[18:11:14] Normal request processed for: AutoClient2359
[18:11:14] Normal request processed for: AutoClient2358
[18:11:14] Normal request processed for: AutoClient2366
[18:11:14] Normal request processed for: AutoClient2361
[18:11:14] Normal request processed for: AutoClient2365
[18:11:14] Normal request processed for: AutoClient2372
[18:11:14] Normal request processed for: AutoClient2369
[18:11:14] Normal request processed for: AutoClient2364
[18:11:14] Normal request processed for: AutoClient2367
[18:11:14] Normal request processed for: AutoClient2374
[18:11:14] Normal request processed for: AutoClient2370
[18:11:14] Normal request processed for: AutoClient2371
[18:11:14] Normal request processed for: AutoClient2368
[18:11:14] Normal request processed for: AutoClient2373
[18:11:14] Normal request processed for: AutoClient2379
[18:11:14] Normal request processed for: AutoClient2378
[18:11:14] Normal request processed for: AutoClient2386
[18:11:14] Normal request processed for: AutoClient2377
[18:11:14] Normal request processed for: AutoClient2376
[18:11:14] Normal request processed for: AutoClient2375
[18:11:14] Normal request processed for: AutoClient2381
[18:11:14] Normal request processed for: AutoClient2389
[18:11:14] Normal request processed for: AutoClient2380
[18:11:14] Normal request processed for: AutoClient2382
[18:11:14] Normal request processed for: AutoClient2393
[18:11:14] Normal request processed for: AutoClient2385
[18:11:14] Normal request processed for: AutoClient2387
[18:11:14] Normal request processed for: AutoClient2384
[18:11:14] Normal request processed for: AutoClient2394
[18:11:14] Normal request processed for: AutoClient2388
[18:11:14] Normal request processed for: AutoClient2390
[18:11:14] Normal request processed for: AutoClient2391
[18:11:14] Normal request processed for: AutoClient2383
[18:11:14] Normal request processed for: AutoClient2395
[18:11:14] Normal request processed for: AutoClient2398
[18:11:14] Normal request processed for: AutoClient2392
[18:11:14] Normal request processed for: AutoClient2396
[18:11:14] Normal request processed for: AutoClient2397
[18:11:14] Normal request processed for: AutoClient2399
[18:11:15] Normal request processed for: AutoClient2407
[18:11:15] Normal request processed for: AutoClient2401
[18:11:15] Normal request processed for: AutoClient2406
[18:11:15] Normal request processed for: AutoClient2408
[18:11:15] Normal request processed for: AutoClient2412
[18:11:15] Normal request processed for: AutoClient2403
[18:11:15] Normal request processed for: AutoClient2409
[18:11:15] Normal request processed for: AutoClient2404
[18:11:15] Normal request processed for: AutoClient2405
[18:11:15] Normal request processed for: AutoClient2410
[18:11:15] Normal request processed for: AutoClient2411
[18:11:18] Priority request processed for: AutoPriority
[18:11:18] Normal request processed for: AutoClient2413
[18:11:18] Normal request processed for: AutoClient2415
[18:11:18] Normal request processed for: AutoClient2416
[18:11:18] Normal request processed for: AutoClient2419
[18:11:18] Normal request processed for: AutoClient2417
[18:11:18] Normal request processed for: AutoClient2421
[18:11:18] Normal request processed for: AutoClient2418
[18:11:18] Normal request processed for: AutoClient2420
[18:11:18] Normal request processed for: AutoClient2402
[18:11:18] Normal request processed for: AutoClient2414
[18:11:18] Normal request processed for: AutoClient2422
[18:11:18] Normal request processed for: AutoClient2428
[18:11:18] Normal request processed for: AutoClient2423
[18:11:18] Normal request processed for: AutoClient2426
[18:11:18] Normal request processed for: AutoClient2430
[18:11:18] Normal request processed for: AutoClient2424
[18:11:18] Normal request processed for: AutoClient2425
[18:11:18] Normal request processed for: AutoClient2429
[18:11:18] Normal request processed for: AutoClient2427
[18:11:18] Normal request processed for: AutoClient2431
[18:11:18] Normal request processed for: AutoClient2432
[18:11:18] Normal request processed for: AutoClient2433
[18:11:18] Normal request processed for: AutoClient2435
[18:11:18] Normal request processed for: AutoClient2434
[18:11:18] Normal request processed for: AutoClient2436
[18:11:18] Normal request processed for: AutoClient2437
[18:11:18] Normal request processed for: AutoClient2441
[18:11:18] Normal request processed for: AutoClient2438
[18:11:18] Normal request processed for: AutoClient2440
[18:11:18] Normal request processed for: AutoClient2439
[18:11:18] Normal request processed for: AutoClient2444
[18:11:18] Normal request processed for: AutoClient2442
[18:11:18] Normal request processed for: AutoClient2443
[18:11:19] Normal request processed for: AutoClient2446
[18:11:19] Normal request processed for: AutoClient2445
[18:11:19] Normal request processed for: AutoClient2447
[18:11:19] Normal request processed for: AutoClient2449
[18:11:19] Normal request processed for: AutoClient2451
[18:11:19] Normal request processed for: AutoClient2448
[18:11:19] Normal request processed for: AutoClient2454
[18:11:19] Normal request processed for: AutoClient2450
[18:11:19] Normal request processed for: AutoClient2452
[18:11:19] Normal request processed for: AutoClient2453
[18:11:19] Normal request processed for: AutoClient2456
[18:11:19] Normal request processed for: AutoClient2455
[18:11:19] Normal request processed for: AutoClient2460
[18:11:19] Normal request processed for: AutoClient2457
[18:11:19] Normal request processed for: AutoClient2458
[18:11:19] Normal request processed for: AutoClient2462
[18:11:19] Normal request processed for: AutoClient2461
[18:11:19] Normal request processed for: AutoClient2459
[18:11:19] Normal request processed for: AutoClient2464
[18:11:19] Normal request processed for: AutoClient2463
[18:11:19] Normal request processed for: AutoClient2465
[18:11:19] Normal request processed for: AutoClient2466
[18:11:19] Normal request processed for: AutoClient2467
[18:11:19] Normal request processed for: AutoClient2469
[18:11:19] Normal request processed for: AutoClient2468
[18:11:19] Normal request processed for: AutoClient2472
[18:11:19] Normal request processed for: AutoClient2474
[18:11:19] Normal request processed for: AutoClient2470
[18:11:19] Normal request processed for: AutoClient2471
[18:11:19] Normal request processed for: AutoClient2473
[18:11:19] Normal request processed for: AutoClient2476
[18:11:19] Normal request processed for: AutoClient2475
[18:11:19] Normal request processed for: AutoClient2477
[18:11:19] Normal request processed for: AutoClient2481
[18:11:19] Normal request processed for: AutoClient2487
[18:11:19] Normal request processed for: AutoClient2484
[18:11:19] Normal request processed for: AutoClient2478
[18:11:19] Normal request processed for: AutoClient2482
[18:11:19] Normal request processed for: AutoClient2480
[18:11:19] Normal request processed for: AutoClient2486
[18:11:19] Normal request processed for: AutoClient2479
[18:11:19] Normal request processed for: AutoClient2483
[18:11:19] Normal request processed for: AutoClient2485
[18:11:19] Normal request processed for: AutoClient2488
[18:11:20] Normal request processed for: AutoClient2494
[18:11:20] Normal request processed for: AutoClient2498
[18:11:20] Normal request processed for: AutoClient2489
[18:11:20] Normal request processed for: AutoClient2493
[18:11:20] Normal request processed for: AutoClient2492
[18:11:20] Normal request processed for: AutoClient2490
[18:11:20] Normal request processed for: AutoClient2495
[18:11:20] Normal request processed for: AutoClient2491
[18:11:20] Normal request processed for: AutoClient2497
[18:11:20] Normal request processed for: AutoClient2496
[18:11:20] Normal request processed for: AutoClient2499
[18:11:20] Normal request processed for: AutoClient2501
[18:11:20] Normal request processed for: AutoClient2502
[18:11:20] Normal request processed for: AutoClient2503
[18:11:20] Normal request processed for: AutoClient2505
[18:11:20] Normal request processed for: AutoClient2507
[18:11:20] Normal request processed for: AutoClient2509
[18:11:20] Normal request processed for: AutoClient2508
[18:11:20] Normal request processed for: AutoClient2504
[18:11:20] Normal request processed for: AutoClient2506
[18:11:20] Normal request processed for: AutoClient2510
[18:11:20] Normal request processed for: AutoClient2511
[18:11:20] Normal request processed for: AutoClient2513
[18:11:20] Normal request processed for: AutoClient2514
[18:11:20] Normal request processed for: AutoClient2516
[18:11:20] Normal request processed for: AutoClient2515
[18:11:20] Normal request processed for: AutoClient2519
[18:11:20] Normal request processed for: AutoClient2518
[18:11:20] Normal request processed for: AutoClient2512
[18:11:20] Normal request processed for: AutoClient2517
[18:11:20] Normal request processed for: AutoClient2520
[18:11:20] Normal request processed for: AutoClient2523
[18:11:20] Normal request processed for: AutoClient2524
[18:11:20] Normal request processed for: AutoClient2528
[18:11:20] Normal request processed for: AutoClient2530
[18:11:20] Normal request processed for: AutoClient2532
[18:11:20] Normal request processed for: AutoClient2526
[18:11:20] Normal request processed for: AutoClient2522
[18:11:20] Normal request processed for: AutoClient2521
[18:11:20] Normal request processed for: AutoClient2525
[18:11:20] Normal request processed for: AutoClient2527
[18:11:20] Normal request processed for: AutoClient2529
[18:11:23] Priority request processed for: AutoPriority
[18:11:24] Normal request processed for: AutoClient2535
[18:11:24] Normal request processed for: AutoClient2538
[18:11:24] Normal request processed for: AutoClient2537
[18:11:24] Normal request processed for: AutoClient2536
[18:11:24] Normal request processed for: AutoClient2533
[18:11:24] Normal request processed for: AutoClient2534
[18:11:24] Normal request processed for: AutoClient2539
[18:11:24] Normal request processed for: AutoClient2531
[18:11:24] Normal request processed for: AutoClient2543
[18:11:24] Normal request processed for: AutoClient2540
[18:11:24] Normal request processed for: AutoClient2542
[18:11:24] Normal request processed for: AutoClient2544
[18:11:24] Normal request processed for: AutoClient2551
[18:11:24] Normal request processed for: AutoClient2550
[18:11:24] Normal request processed for: AutoClient2541
[18:11:24] Normal request processed for: AutoClient2548
[18:11:24] Normal request processed for: AutoClient2546
[18:11:24] Normal request processed for: AutoClient2545
[18:11:24] Normal request processed for: AutoClient2549
[18:11:24] Normal request processed for: AutoClient2547
[18:11:24] Normal request processed for: AutoClient2555
[18:11:24] Normal request processed for: AutoClient2552
[18:11:24] Normal request processed for: AutoClient2561
[18:11:24] Normal request processed for: AutoClient2554
[18:11:24] Normal request processed for: AutoClient2562
[18:11:24] Normal request processed for: AutoClient2553
[18:11:24] Normal request processed for: AutoClient2557
[18:11:24] Normal request processed for: AutoClient2558
[18:11:24] Normal request processed for: AutoClient2560
[18:11:24] Normal request processed for: AutoClient2559
[18:11:24] Normal request processed for: AutoClient2567
[18:11:24] Normal request processed for: AutoClient2556
[18:11:24] Normal request processed for: AutoClient2565
[18:11:25] Normal request processed for: AutoClient2569
[18:11:25] Normal request processed for: AutoClient2564
[18:11:25] Normal request processed for: AutoClient2563
[18:11:25] Normal request processed for: AutoClient2572
[18:11:25] Normal request processed for: AutoClient2574
[18:11:25] Normal request processed for: AutoClient2568
[18:11:25] Normal request processed for: AutoClient2570
[18:11:25] Normal request processed for: AutoClient2571
[18:11:25] Normal request processed for: AutoClient2575
[18:11:25] Normal request processed for: AutoClient2566
[18:11:25] Normal request processed for: AutoClient2573
[18:11:25] Normal request processed for: AutoClient2579
[18:11:25] Normal request processed for: AutoClient2577
[18:11:25] Normal request processed for: AutoClient2578
[18:11:25] Normal request processed for: AutoClient2583
[18:11:25] Normal request processed for: AutoClient2585
[18:11:25] Normal request processed for: AutoClient2576
[18:11:25] Normal request processed for: AutoClient2580
[18:11:25] Normal request processed for: AutoClient2582
[18:11:25] Normal request processed for: AutoClient2581
[18:11:25] Normal request processed for: AutoClient2588
[18:11:25] Normal request processed for: AutoClient2584
[18:11:25] Normal request processed for: AutoClient2595
[18:11:25] Normal request processed for: AutoClient2589
[18:11:25] Normal request processed for: AutoClient2587
[18:11:25] Normal request processed for: AutoClient2586
[18:11:25] Normal request processed for: AutoClient2591
[18:11:25] Normal request processed for: AutoClient2592
[18:11:25] Normal request processed for: AutoClient2594
[18:11:25] Normal request processed for: AutoClient2593
[18:11:25] Normal request processed for: AutoClient2590
[18:11:25] Normal request processed for: AutoClient2596
[18:11:25] Normal request processed for: AutoClient2597
[18:11:25] Normal request processed for: AutoClient2599
[18:11:25] Normal request processed for: AutoClient2598
[18:11:25] Normal request processed for: AutoClient2601
[18:11:25] Normal request processed for: AutoClient2603
[18:11:25] Normal request processed for: AutoClient2605
[18:11:25] Normal request processed for: AutoClient2608
[18:11:25] Normal request processed for: AutoClient2602
[18:11:25] Normal request processed for: AutoClient2604
[18:11:25] Normal request processed for: AutoClient2607
[18:11:25] Normal request processed for: AutoClient2606
[18:11:25] Normal request processed for: AutoClient2612
[18:11:26] Normal request processed for: AutoClient2614
[18:11:26] Normal request processed for: AutoClient2609
[18:11:26] Normal request processed for: AutoClient2613
[18:11:26] Normal request processed for: AutoClient2615
[18:11:26] Normal request processed for: AutoClient2611
[18:11:26] Normal request processed for: AutoClient2618
[18:11:26] Normal request processed for: AutoClient2616
[18:11:26] Normal request processed for: AutoClient2610
[18:11:26] Normal request processed for: AutoClient2617
[18:11:26] Normal request processed for: AutoClient2621
[18:11:26] Normal request processed for: AutoClient2619
[18:11:26] Normal request processed for: AutoClient2620
[18:11:26] Normal request processed for: AutoClient2622
[18:11:26] Normal request processed for: AutoClient2626
[18:11:26] Normal request processed for: AutoClient2624
[18:11:26] Normal request processed for: AutoClient2623
[18:11:26] Normal request processed for: AutoClient2627
[18:11:26] Normal request processed for: AutoClient2628
[18:11:26] Normal request processed for: AutoClient2625
[18:11:26] Normal request processed for: AutoClient2629
[18:11:26] Normal request processed for: AutoClient2631
[18:11:26] Normal request processed for: AutoClient2630
[18:11:26] Normal request processed for: AutoClient2632
[18:11:26] Normal request processed for: AutoClient2633
[18:11:26] Normal request processed for: AutoClient2634
[18:11:26] Normal request processed for: AutoClient2636
[18:11:26] Normal request processed for: AutoClient2635
[18:11:26] Normal request processed for: AutoClient2637
[18:11:26] Normal request processed for: AutoClient2639
[18:11:26] Normal request processed for: AutoClient2638
[18:11:26] Normal request processed for: AutoClient2640
[18:11:26] Normal request processed for: AutoClient2641
[18:11:26] Normal request processed for: AutoClient2647
[18:11:26] Normal request processed for: AutoClient2642
[18:11:26] Normal request processed for: AutoClient2651
[18:11:26] Normal request processed for: AutoClient2643
[18:11:26] Normal request processed for: AutoClient2650
[18:11:26] Normal request processed for: AutoClient2645
[18:11:26] Normal request processed for: AutoClient2644
[18:11:26] Normal request processed for: AutoClient2648
[18:11:26] Normal request processed for: AutoClient2646
[18:11:26] Normal request processed for: AutoClient2649
[18:11:29] Priority request processed for: AutoPriority
[18:11:30] Normal request processed for: AutoClient2658
[18:11:30] Normal request processed for: AutoClient2656
[18:11:30] Normal request processed for: AutoClient2660
[18:11:30] Normal request processed for: AutoClient2652
[18:11:30] Normal request processed for: AutoClient2661
[18:11:30] Normal request processed for: AutoClient2653
[18:11:30] Normal request processed for: AutoClient2655
[18:11:30] Normal request processed for: AutoClient2654
[18:11:30] Normal request processed for: AutoClient2662
[18:11:30] Normal request processed for: AutoClient2657
[18:11:30] Normal request processed for: AutoClient2659
[18:11:30] Normal request processed for: AutoClient2663
[18:11:30] Normal request processed for: AutoClient2664
[18:11:30] Normal request processed for: AutoClient2665
[18:11:30] Normal request processed for: AutoClient2668
[18:11:30] Normal request processed for: AutoClient2666
[18:11:30] Normal request processed for: AutoClient2667
[18:11:30] Normal request processed for: AutoClient2670
[18:11:30] Normal request processed for: AutoClient2669
[18:11:30] Normal request processed for: AutoClient2671
[18:11:30] Normal request processed for: AutoClient2672
[18:11:30] Normal request processed for: AutoClient2673
[18:11:30] Normal request processed for: AutoClient2675
[18:11:30] Normal request processed for: AutoClient2674
[18:11:30] Normal request processed for: AutoClient2676
[18:11:30] Normal request processed for: AutoClient2677
[18:11:30] Normal request processed for: AutoClient2680
[18:11:30] Normal request processed for: AutoClient2678
[18:11:30] Normal request processed for: AutoClient2679
[18:11:30] Normal request processed for: AutoClient2683
[18:11:30] Normal request processed for: AutoClient2681
[18:11:30] Normal request processed for: AutoClient2682
[18:11:30] Normal request processed for: AutoClient2684
[18:11:30] Normal request processed for: AutoClient2685
[18:11:30] Normal request processed for: AutoClient2688
[18:11:30] Normal request processed for: AutoClient2686
[18:11:30] Normal request processed for: AutoClient2692
[18:11:30] Normal request processed for: AutoClient2687
[18:11:30] Normal request processed for: AutoClient2689
[18:11:30] Normal request processed for: AutoClient2694
[18:11:30] Normal request processed for: AutoClient2693
[18:11:30] Normal request processed for: AutoClient2691
[18:11:30] Normal request processed for: AutoClient2690
[18:11:30] Normal request processed for: AutoClient2695
[18:11:31] Normal request processed for: AutoClient2697
[18:11:31] Normal request processed for: AutoClient2698
[18:11:31] Normal request processed for: AutoClient2707
[18:11:31] Normal request processed for: AutoClient2696
[18:11:31] Normal request processed for: AutoClient2701
[18:11:31] Normal request processed for: AutoClient2702
[18:11:31] Normal request processed for: AutoClient2699
[18:11:31] Normal request processed for: AutoClient2708
[18:11:31] Normal request processed for: AutoClient2709
[18:11:31] Normal request processed for: AutoClient2703
[18:11:31] Normal request processed for: AutoClient2710
[18:11:31] Normal request processed for: AutoClient2705
[18:11:31] Normal request processed for: AutoClient2704
[18:11:31] Normal request processed for: AutoClient2723
[18:11:31] Normal request processed for: AutoClient2715
[18:11:31] Normal request processed for: AutoClient2714
[18:11:31] Normal request processed for: AutoClient2724
[18:11:31] Normal request processed for: AutoClient2706
[18:11:31] Normal request processed for: AutoClient2711
[18:11:31] Normal request processed for: AutoClient2722
[18:11:31] Normal request processed for: AutoClient2713
[18:11:31] Normal request processed for: AutoClient2712
[18:11:31] Normal request processed for: AutoClient2717
[18:11:31] Normal request processed for: AutoClient2716
[18:11:31] Normal request processed for: AutoClient2728
[18:11:31] Normal request processed for: AutoClient2726
[18:11:31] Normal request processed for: AutoClient2719
[18:11:31] Normal request processed for: AutoClient2718
[18:11:31] Normal request processed for: AutoClient2727
[18:11:31] Normal request processed for: AutoClient2721
[18:11:31] Normal request processed for: AutoClient2720
[18:11:31] Normal request processed for: AutoClient2729
[18:11:31] Normal request processed for: AutoClient2725
[18:11:31] Normal request processed for: AutoClient2730
[18:11:31] Normal request processed for: AutoClient2732
[18:11:31] Normal request processed for: AutoClient2731
[18:11:31] Normal request processed for: AutoClient2733
[18:11:31] Normal request processed for: AutoClient2736
[18:11:31] Normal request processed for: AutoClient2734
[18:11:31] Normal request processed for: AutoClient2739
[18:11:31] Normal request processed for: AutoClient2737
[18:11:31] Normal request processed for: AutoClient2738
[18:11:31] Normal request processed for: AutoClient2735
[18:11:31] Normal request processed for: AutoClient2741
[18:11:32] Normal request processed for: AutoClient2740
[18:11:32] Normal request processed for: AutoClient2752
[18:11:32] Normal request processed for: AutoClient2744
[18:11:32] Normal request processed for: AutoClient2743
[18:11:32] Normal request processed for: AutoClient2742
[18:11:32] Normal request processed for: AutoClient2747
[18:11:32] Normal request processed for: AutoClient2745
[18:11:32] Normal request processed for: AutoClient2746
[18:11:32] Normal request processed for: AutoClient2748
[18:11:32] Normal request processed for: AutoClient2751
[18:11:32] Normal request processed for: AutoClient2749
[18:11:32] Normal request processed for: AutoClient2753
[18:11:32] Normal request processed for: AutoClient2754
[18:11:32] Normal request processed for: AutoClient2750
[18:11:32] Normal request processed for: AutoClient2756
[18:11:32] Normal request processed for: AutoClient2755
[18:11:32] Normal request processed for: AutoClient2758
[18:11:32] Normal request processed for: AutoClient2757
[18:11:32] Normal request processed for: AutoClient2759
[18:11:32] Normal request processed for: AutoClient2760
[18:11:32] Normal request processed for: AutoClient2768
[18:11:32] Normal request processed for: AutoClient2772
[18:11:32] Normal request processed for: AutoClient2770
[18:11:32] Normal request processed for: AutoClient2764
[18:11:32] Normal request processed for: AutoClient2773
[18:11:32] Normal request processed for: AutoClient2771
[18:11:32] Normal request processed for: AutoClient2762
[18:11:32] Normal request processed for: AutoClient2765
[18:11:32] Normal request processed for: AutoClient2763
[18:11:32] Normal request processed for: AutoClient2761
[18:11:32] Normal request processed for: AutoClient2766
[18:11:35] Priority request processed for: AutoPriority
[18:11:35] Normal request processed for: AutoClient2782
[18:11:35] Normal request processed for: AutoClient2781
[18:11:35] Normal request processed for: AutoClient2778
[18:11:35] Normal request processed for: AutoClient2776
[18:11:35] Normal request processed for: AutoClient2769
[18:11:35] Normal request processed for: AutoClient2767
[18:11:35] Normal request processed for: AutoClient2780
[18:11:35] Normal request processed for: AutoClient2774
[18:11:35] Normal request processed for: AutoClient2779
[18:11:35] Normal request processed for: AutoClient2775
[18:11:35] Normal request processed for: AutoClient2777
[18:11:36] Normal request processed for: AutoClient2783
[18:11:36] Normal request processed for: AutoClient2787
[18:11:36] Normal request processed for: AutoClient2788
[18:11:36] Normal request processed for: AutoClient2784
[18:11:36] Normal request processed for: AutoClient2786
[18:11:36] Normal request processed for: AutoClient2785
[18:11:36] Normal request processed for: AutoClient2789
[18:11:36] Normal request processed for: AutoClient2790
[18:11:36] Normal request processed for: AutoClient2793
[18:11:36] Normal request processed for: AutoClient2792
[18:11:36] Normal request processed for: AutoClient2791
[18:11:36] Normal request processed for: AutoClient2798
[18:11:36] Normal request processed for: AutoClient2796
[18:11:36] Normal request processed for: AutoClient2795
[18:11:36] Normal request processed for: AutoClient2803
[18:11:36] Normal request processed for: AutoClient2794
[18:11:36] Normal request processed for: AutoClient2799
[18:11:36] Normal request processed for: AutoClient2797
[18:11:36] Normal request processed for: AutoClient2804
[18:11:36] Normal request processed for: AutoClient2802
[18:11:36] Normal request processed for: AutoClient2805
[18:11:36] Normal request processed for: AutoClient2801
[18:11:36] Normal request processed for: AutoClient2808
[18:11:36] Normal request processed for: AutoClient2806
[18:11:36] Normal request processed for: AutoClient2813
[18:11:36] Normal request processed for: AutoClient2807
[18:11:36] Normal request processed for: AutoClient2811
[18:11:36] Normal request processed for: AutoClient2809
[18:11:36] Normal request processed for: AutoClient2810
[18:11:36] Normal request processed for: AutoClient2814
[18:11:36] Normal request processed for: AutoClient2815
[18:11:36] Normal request processed for: AutoClient2812
[18:11:36] Normal request processed for: AutoClient2816
[18:11:36] Normal request processed for: AutoClient2817
[18:11:36] Normal request processed for: AutoClient2819
[18:11:36] Normal request processed for: AutoClient2824
[18:11:36] Normal request processed for: AutoClient2820
[18:11:36] Normal request processed for: AutoClient2818
[18:11:36] Normal request processed for: AutoClient2821
[18:11:36] Normal request processed for: AutoClient2822
[18:11:36] Normal request processed for: AutoClient2829
[18:11:36] Normal request processed for: AutoClient2825
[18:11:36] Normal request processed for: AutoClient2823
[18:11:36] Normal request processed for: AutoClient2826
[18:11:37] Normal request processed for: AutoClient2832
[18:11:37] Normal request processed for: AutoClient2831
[18:11:37] Normal request processed for: AutoClient2833
[18:11:37] Normal request processed for: AutoClient2830
[18:11:37] Normal request processed for: AutoClient2828
[18:11:37] Normal request processed for: AutoClient2837
[18:11:37] Normal request processed for: AutoClient2835
[18:11:37] Normal request processed for: AutoClient2834
[18:11:37] Normal request processed for: AutoClient2836
[18:11:37] Normal request processed for: AutoClient2827
[18:11:37] Normal request processed for: AutoClient2838
[18:11:37] Normal request processed for: AutoClient2840
[18:11:37] Normal request processed for: AutoClient2841
[18:11:37] Normal request processed for: AutoClient2839
[18:11:37] Normal request processed for: AutoClient2845
[18:11:37] Normal request processed for: AutoClient2843
[18:11:37] Normal request processed for: AutoClient2842
[18:11:37] Normal request processed for: AutoClient2844
[18:11:37] Normal request processed for: AutoClient2846
[18:11:37] Normal request processed for: AutoClient2848
[18:11:37] Normal request processed for: AutoClient2847
[18:11:37] Normal request processed for: AutoClient2849
[18:11:37] Normal request processed for: AutoClient2851
[18:11:37] Normal request processed for: AutoClient2852
[18:11:37] Normal request processed for: AutoClient2857
[18:11:37] Normal request processed for: AutoClient2850
[18:11:37] Normal request processed for: AutoClient2853
[18:11:37] Normal request processed for: AutoClient2854
[18:11:37] Normal request processed for: AutoClient2856
[18:11:37] Normal request processed for: AutoClient2858
[18:11:37] Normal request processed for: AutoClient2855
[18:11:37] Normal request processed for: AutoClient2860
[18:11:37] Normal request processed for: AutoClient2861
[18:11:37] Normal request processed for: AutoClient2864
[18:11:37] Normal request processed for: AutoClient2862
[18:11:37] Normal request processed for: AutoClient2863
[18:11:37] Normal request processed for: AutoClient2865
[18:11:37] Normal request processed for: AutoClient2859
[18:11:37] Normal request processed for: AutoClient2868
[18:11:37] Normal request processed for: AutoClient2866
[18:11:37] Normal request processed for: AutoClient2867
[18:11:37] Normal request processed for: AutoClient2872
[18:11:37] Normal request processed for: AutoClient2869
[18:11:37] Normal request processed for: AutoClient2873
[18:11:38] Normal request processed for: AutoClient2870
[18:11:38] Normal request processed for: AutoClient2876
[18:11:38] Normal request processed for: AutoClient2871
[18:11:38] Normal request processed for: AutoClient2874
[18:11:38] Normal request processed for: AutoClient2875
[18:11:38] Normal request processed for: AutoClient2880
[18:11:38] Normal request processed for: AutoClient2879
[18:11:38] Normal request processed for: AutoClient2877
[18:11:38] Normal request processed for: AutoClient2878
[18:11:38] Normal request processed for: AutoClient2884
[18:11:38] Normal request processed for: AutoClient2885
[18:11:38] Normal request processed for: AutoClient2881
[18:11:38] Normal request processed for: AutoClient2883
[18:11:38] Normal request processed for: AutoClient2889
[18:11:38] Normal request processed for: AutoClient2890
[18:11:38] Normal request processed for: AutoClient2882
[18:11:38] Normal request processed for: AutoClient2887
[18:11:38] Normal request processed for: AutoClient2886
[18:11:38] Normal request processed for: AutoClient2888
[18:11:38] Normal request processed for: AutoClient2891
[18:11:41] Priority request processed for: AutoPriority
[18:11:41] Normal request processed for: AutoClient2897
[18:11:41] Normal request processed for: AutoClient2901
[18:11:41] Normal request processed for: AutoClient2899
[18:11:41] Normal request processed for: AutoClient2895
[18:11:41] Normal request processed for: AutoClient2896
[18:11:41] Normal request processed for: AutoClient2893
[18:11:41] Normal request processed for: AutoClient2902
[18:11:41] Normal request processed for: AutoClient2892
[18:11:41] Normal request processed for: AutoClient2898
[18:11:41] Normal request processed for: AutoClient2894
[18:11:41] Normal request processed for: AutoClient2904
[18:11:44] Priority request processed for: AutoPriority
[18:11:45] Normal request processed for: AutoClient2909
[18:11:45] Normal request processed for: AutoClient2913
[18:11:45] Normal request processed for: AutoClient2910
[18:11:45] Normal request processed for: AutoClient2908
[18:11:45] Normal request processed for: AutoClient2911
[18:11:45] Normal request processed for: AutoClient2912
[18:11:45] Normal request processed for: AutoClient2906
[18:11:45] Normal request processed for: AutoClient2903
[18:11:45] Normal request processed for: AutoClient2907
[18:11:45] Normal request processed for: AutoClient2905
[18:11:45] Normal request processed for: AutoClient2914
[18:11:45] Normal request processed for: AutoClient2918
[18:11:45] Normal request processed for: AutoClient2917
[18:11:45] Normal request processed for: AutoClient2915
[18:11:45] Normal request processed for: AutoClient2921
[18:11:45] Normal request processed for: AutoClient2916
[18:11:45] Normal request processed for: AutoClient2922
[18:11:45] Normal request processed for: AutoClient2919
[18:11:45] Normal request processed for: AutoClient2923
[18:11:45] Normal request processed for: AutoClient2925
[18:11:45] Normal request processed for: AutoClient2920
[18:11:45] Normal request processed for: AutoClient2924
[18:11:45] Normal request processed for: AutoClient2929
[18:11:45] Normal request processed for: AutoClient2926
[18:11:45] Normal request processed for: AutoClient2934
[18:11:45] Normal request processed for: AutoClient2927
[18:11:45] Normal request processed for: AutoClient2928
[18:11:45] Normal request processed for: AutoClient2930
[18:11:45] Normal request processed for: AutoClient2932
[18:11:45] Normal request processed for: AutoClient2931
[18:11:45] Normal request processed for: AutoClient2935
[18:11:45] Normal request processed for: AutoClient2933
[18:11:45] Normal request processed for: AutoClient2936
[18:11:45] Normal request processed for: AutoClient2937
[18:11:45] Normal request processed for: AutoClient2939
[18:11:45] Normal request processed for: AutoClient2938
[18:11:45] Normal request processed for: AutoClient2942
[18:11:45] Normal request processed for: AutoClient2941
[18:11:45] Normal request processed for: AutoClient2940
[18:11:45] Normal request processed for: AutoClient2944
[18:11:45] Normal request processed for: AutoClient2945
[18:11:45] Normal request processed for: AutoClient2946
[18:11:45] Normal request processed for: AutoClient2947
[18:11:45] Normal request processed for: AutoClient2943
[18:11:46] Normal request processed for: AutoClient2948
[18:11:46] Normal request processed for: AutoClient2949
[18:11:46] Normal request processed for: AutoClient2951
[18:11:46] Normal request processed for: AutoClient2950
[18:11:46] Normal request processed for: AutoClient2952
[18:11:46] Normal request processed for: AutoClient2957
[18:11:46] Normal request processed for: AutoClient2954
[18:11:46] Normal request processed for: AutoClient2955
[18:11:46] Normal request processed for: AutoClient2953
[18:11:46] Normal request processed for: AutoClient2956
[18:11:46] Normal request processed for: AutoClient2958
[18:11:46] Normal request processed for: AutoClient2959
[18:11:46] Normal request processed for: AutoClient2960
[18:11:46] Normal request processed for: AutoClient2961
[18:11:46] Normal request processed for: AutoClient2964
[18:11:46] Normal request processed for: AutoClient2962
[18:11:46] Normal request processed for: AutoClient2963
[18:11:46] Normal request processed for: AutoClient2965
[18:11:46] Normal request processed for: AutoClient2968
[18:11:46] Normal request processed for: AutoClient2966
[18:11:46] Normal request processed for: AutoClient2969
[18:11:46] Normal request processed for: AutoClient2967
[18:11:46] Normal request processed for: AutoClient2972
[18:11:46] Normal request processed for: AutoClient2970
[18:11:46] Normal request processed for: AutoClient2971
[18:11:46] Normal request processed for: AutoClient2973
[18:11:46] Normal request processed for: AutoClient2974
[18:11:46] Normal request processed for: AutoClient2977
[18:11:46] Normal request processed for: AutoClient2980
[18:11:46] Normal request processed for: AutoClient2975
[18:11:46] Normal request processed for: AutoClient2979
[18:11:46] Normal request processed for: AutoClient2976
[18:11:46] Normal request processed for: AutoClient2978
[18:11:46] Normal request processed for: AutoClient2982
[18:11:46] Normal request processed for: AutoClient2983
[18:11:46] Normal request processed for: AutoClient2981
[18:11:46] Normal request processed for: AutoClient2984
[18:11:46] Normal request processed for: AutoClient2985
[18:11:46] Normal request processed for: AutoClient2986
[18:11:46] Normal request processed for: AutoClient2989
[18:11:46] Normal request processed for: AutoClient2987
[18:11:46] Normal request processed for: AutoClient2990
[18:11:46] Normal request processed for: AutoClient2988
[18:11:46] Normal request processed for: AutoClient2991
[18:11:47] Normal request processed for: AutoClient2993
[18:11:47] Normal request processed for: AutoClient2994
[18:11:47] Normal request processed for: AutoClient2992
[18:11:47] Normal request processed for: AutoClient2995
[18:11:47] Normal request processed for: AutoClient2996
[18:11:47] Normal request processed for: AutoClient2997
[18:11:47] Normal request processed for: AutoClient2998
[18:11:47] Normal request processed for: AutoClient2999
[18:11:47] Normal request processed for: AutoClient3002
[18:11:47] Normal request processed for: AutoClient3005
[18:11:47] Normal request processed for: AutoClient3001
[18:11:47] Normal request processed for: AutoClient3004
[18:11:47] Normal request processed for: AutoClient3006
[18:11:47] Normal request processed for: AutoClient3009
[18:11:47] Normal request processed for: AutoClient3003
[18:11:47] Normal request processed for: AutoClient3008
[18:11:47] Normal request processed for: AutoClient3012
[18:11:47] Normal request processed for: AutoClient3007
[18:11:47] Normal request processed for: AutoClient3010
[18:11:50] Priority request processed for: AutoPriority
[18:11:50] Normal request processed for: AutoClient3021
[18:11:50] Normal request processed for: AutoClient3019
[18:11:50] Normal request processed for: AutoClient3016
[18:11:50] Normal request processed for: AutoClient3015
[18:11:50] Normal request processed for: AutoClient3017
[18:11:50] Normal request processed for: AutoClient3011
[18:11:50] Normal request processed for: AutoClient3013
[18:11:50] Normal request processed for: AutoClient3018
[18:11:50] Normal request processed for: AutoClient3020
[18:11:50] Normal request processed for: AutoClient3014
[18:11:50] Normal request processed for: AutoClient3022
[18:11:50] Normal request processed for: AutoClient3023
[18:11:50] Normal request processed for: AutoClient3025
[18:11:50] Normal request processed for: AutoClient3027
[18:11:50] Normal request processed for: AutoClient3029
[18:11:50] Normal request processed for: AutoClient3031
[18:11:50] Normal request processed for: AutoClient3024
[18:11:50] Normal request processed for: AutoClient3033
[18:11:50] Normal request processed for: AutoClient3026
[18:11:50] Normal request processed for: AutoClient3028
[18:11:50] Normal request processed for: AutoClient3030
[18:11:50] Normal request processed for: AutoClient3032
[18:11:51] Normal request processed for: AutoClient3044
[18:11:51] Normal request processed for: AutoClient3034
[18:11:51] Normal request processed for: AutoClient3041
[18:11:51] Normal request processed for: AutoClient3045
[18:11:51] Normal request processed for: AutoClient3037
[18:11:51] Normal request processed for: AutoClient3035
[18:11:51] Normal request processed for: AutoClient3036
[18:11:51] Normal request processed for: AutoClient3039
[18:11:51] Normal request processed for: AutoClient3038
[18:11:51] Normal request processed for: AutoClient3042
[18:11:51] Normal request processed for: AutoClient3040
[18:11:51] Normal request processed for: AutoClient3055
[18:11:51] Normal request processed for: AutoClient3050
[18:11:51] Normal request processed for: AutoClient3043
[18:11:51] Normal request processed for: AutoClient3048
[18:11:51] Normal request processed for: AutoClient3053
[18:11:51] Normal request processed for: AutoClient3046
[18:11:51] Normal request processed for: AutoClient3052
[18:11:51] Normal request processed for: AutoClient3057
[18:11:51] Normal request processed for: AutoClient3047
[18:11:51] Normal request processed for: AutoClient3054
[18:11:51] Normal request processed for: AutoClient3051
[18:11:51] Normal request processed for: AutoClient3056
[18:11:51] Normal request processed for: AutoClient3059
[18:11:51] Normal request processed for: AutoClient3062
[18:11:51] Normal request processed for: AutoClient3063
[18:11:51] Normal request processed for: AutoClient3058
[18:11:51] Normal request processed for: AutoClient3066
[18:11:51] Normal request processed for: AutoClient3064
[18:11:51] Normal request processed for: AutoClient3060
[18:11:51] Normal request processed for: AutoClient3061
[18:11:51] Normal request processed for: AutoClient3065
[18:11:51] Normal request processed for: AutoClient3067
[18:11:51] Normal request processed for: AutoClient3069
[18:11:51] Normal request processed for: AutoClient3072
[18:11:51] Normal request processed for: AutoClient3068
[18:11:51] Normal request processed for: AutoClient3073
[18:11:51] Normal request processed for: AutoClient3076
[18:11:51] Normal request processed for: AutoClient3075
[18:11:51] Normal request processed for: AutoClient3074
[18:11:51] Normal request processed for: AutoClient3070
[18:11:51] Normal request processed for: AutoClient3071
[18:11:51] Normal request processed for: AutoClient3077
[18:11:51] Normal request processed for: AutoClient3078
[18:11:52] Normal request processed for: AutoClient3084
[18:11:52] Normal request processed for: AutoClient3083
[18:11:52] Normal request processed for: AutoClient3087
[18:11:52] Normal request processed for: AutoClient3079
[18:11:52] Normal request processed for: AutoClient3081
[18:11:52] Normal request processed for: AutoClient3080
[18:11:52] Normal request processed for: AutoClient3082
[18:11:52] Normal request processed for: AutoClient3088
[18:11:52] Normal request processed for: AutoClient3086
[18:11:52] Normal request processed for: AutoClient3085
[18:11:52] Normal request processed for: AutoClient3089
[18:11:52] Normal request processed for: AutoClient3090
[18:11:52] Normal request processed for: AutoClient3092
[18:11:52] Normal request processed for: AutoClient3094
[18:11:52] Normal request processed for: AutoClient3091
[18:11:52] Normal request processed for: AutoClient3093
[18:11:52] Normal request processed for: AutoClient3097
[18:11:52] Normal request processed for: AutoClient3095
[18:11:52] Normal request processed for: AutoClient3096
[18:11:52] Normal request processed for: AutoClient3099
[18:11:52] Normal request processed for: AutoClient3098
[18:11:52] Normal request processed for: AutoClient3049
[18:11:52] Normal request processed for: AutoClient3102
[18:11:52] Normal request processed for: AutoClient3103
[18:11:52] Normal request processed for: AutoClient3101
[18:11:52] Normal request processed for: AutoClient3104
[18:11:52] Normal request processed for: AutoClient3106
[18:11:52] Normal request processed for: AutoClient3105
[18:11:52] Normal request processed for: AutoClient3109
[18:11:52] Normal request processed for: AutoClient3107
[18:11:52] Normal request processed for: AutoClient3108
[18:11:52] Normal request processed for: AutoClient3110
[18:11:52] Normal request processed for: AutoClient3111
[18:11:52] Normal request processed for: AutoClient3112
[18:11:52] Normal request processed for: AutoClient3114
[18:11:52] Normal request processed for: AutoClient3113
[18:11:52] Normal request processed for: AutoClient3115
[18:11:52] Normal request processed for: AutoClient3117
[18:11:52] Normal request processed for: AutoClient3116
[18:11:52] Normal request processed for: AutoClient3120
[18:11:52] Normal request processed for: AutoClient3119
[18:11:52] Normal request processed for: AutoClient3118
[18:11:53] Normal request processed for: AutoClient3123
[18:11:53] Normal request processed for: AutoClient3122
[18:11:53] Normal request processed for: AutoClient3133
[18:11:53] Normal request processed for: AutoClient3125
[18:11:53] Normal request processed for: AutoClient3128
[18:11:53] Normal request processed for: AutoClient3124
[18:11:53] Normal request processed for: AutoClient3129
[18:11:53] Normal request processed for: AutoClient3130
[18:11:53] Normal request processed for: AutoClient3127
[18:11:53] Normal request processed for: AutoClient3121
[18:11:53] Normal request processed for: AutoClient3126
[18:11:56] Priority request processed for: AutoPriority
[18:11:56] Normal request processed for: AutoClient3139
[18:11:56] Normal request processed for: AutoClient3142
[18:11:56] Normal request processed for: AutoClient3138
[18:11:56] Normal request processed for: AutoClient3131
[18:11:56] Normal request processed for: AutoClient3137
[18:11:56] Normal request processed for: AutoClient3136
[18:11:56] Normal request processed for: AutoClient3140
[18:11:56] Normal request processed for: AutoClient3135
[18:11:56] Normal request processed for: AutoClient3134
[18:11:56] Normal request processed for: AutoClient3132
[18:11:56] Normal request processed for: AutoClient3148
[18:11:56] Normal request processed for: AutoClient3141
[18:11:56] Normal request processed for: AutoClient3143
[18:11:56] Normal request processed for: AutoClient3152
[18:11:56] Normal request processed for: AutoClient3147
[18:11:56] Normal request processed for: AutoClient3149
[18:11:56] Normal request processed for: AutoClient3154
[18:11:56] Normal request processed for: AutoClient3151
[18:11:56] Normal request processed for: AutoClient3153
[18:11:56] Normal request processed for: AutoClient3144
[18:11:56] Normal request processed for: AutoClient3155
[18:11:56] Normal request processed for: AutoClient3146
[18:11:57] Normal request processed for: AutoClient3157
[18:11:57] Normal request processed for: AutoClient3145
[18:11:57] Normal request processed for: AutoClient3150
[18:11:57] Normal request processed for: AutoClient3156
[18:11:57] Normal request processed for: AutoClient3160
[18:11:57] Normal request processed for: AutoClient3159
[18:11:57] Normal request processed for: AutoClient3158
[18:11:57] Normal request processed for: AutoClient3161
[18:11:57] Normal request processed for: AutoClient3162
[18:11:57] Normal request processed for: AutoClient3163
[18:11:57] Normal request processed for: AutoClient3164
[18:11:57] Normal request processed for: AutoClient3165
[18:11:57] Normal request processed for: AutoClient3166
[18:11:57] Normal request processed for: AutoClient3167
[18:11:57] Normal request processed for: AutoClient3168
[18:11:57] Normal request processed for: AutoClient3169
[18:11:57] Normal request processed for: AutoClient3170
[18:11:57] Normal request processed for: AutoClient3171
[18:11:57] Normal request processed for: AutoClient3173
[18:11:57] Normal request processed for: AutoClient3174
[18:11:57] Normal request processed for: AutoClient3172
[18:11:57] Normal request processed for: AutoClient3175
[18:11:57] Normal request processed for: AutoClient3176
[18:11:57] Normal request processed for: AutoClient3178
[18:11:57] Normal request processed for: AutoClient3177
[18:11:57] Normal request processed for: AutoClient3179
[18:11:57] Normal request processed for: AutoClient3184
[18:11:57] Normal request processed for: AutoClient3180
[18:11:57] Normal request processed for: AutoClient3186
[18:11:57] Normal request processed for: AutoClient3181
[18:11:57] Normal request processed for: AutoClient3182
[18:11:57] Normal request processed for: AutoClient3183
[18:11:57] Normal request processed for: AutoClient3185
[18:11:57] Normal request processed for: AutoClient3190
[18:11:57] Normal request processed for: AutoClient3193
[18:11:57] Normal request processed for: AutoClient3187
[18:11:57] Normal request processed for: AutoClient3188
[18:11:57] Normal request processed for: AutoClient3189
[18:11:57] Normal request processed for: AutoClient3194
[18:11:57] Normal request processed for: AutoClient3191
[18:11:57] Normal request processed for: AutoClient3192
[18:11:57] Normal request processed for: AutoClient3195
[18:11:57] Normal request processed for: AutoClient3197
[18:11:57] Normal request processed for: AutoClient3196
[18:11:58] Normal request processed for: AutoClient3198
[18:11:58] Normal request processed for: AutoClient3199
[18:11:58] Normal request processed for: AutoClient3202
[18:11:58] Normal request processed for: AutoClient3206
[18:11:58] Normal request processed for: AutoClient3205
[18:11:58] Normal request processed for: AutoClient3204
[18:11:58] Normal request processed for: AutoClient3201
[18:11:58] Normal request processed for: AutoClient3203
[18:11:58] Normal request processed for: AutoClient3207
[18:11:58] Normal request processed for: AutoClient3208
[18:11:58] Normal request processed for: AutoClient3209
[18:11:58] Normal request processed for: AutoClient3212
[18:11:58] Normal request processed for: AutoClient3216
[18:11:58] Normal request processed for: AutoClient3214
[18:11:58] Normal request processed for: AutoClient3210
[18:11:58] Normal request processed for: AutoClient3211
[18:11:58] Normal request processed for: AutoClient3213
[18:11:58] Normal request processed for: AutoClient3217
[18:11:58] Normal request processed for: AutoClient3215
[18:11:58] Normal request processed for: AutoClient3218
[18:11:58] Normal request processed for: AutoClient3219
[18:11:58] Normal request processed for: AutoClient3220
[18:11:58] Normal request processed for: AutoClient3225
[18:11:58] Normal request processed for: AutoClient3222
[18:11:58] Normal request processed for: AutoClient3223
[18:11:58] Normal request processed for: AutoClient3221
[18:11:58] Normal request processed for: AutoClient3224
[18:11:58] Normal request processed for: AutoClient3228
[18:11:58] Normal request processed for: AutoClient3226
[18:11:58] Normal request processed for: AutoClient3227
[18:11:58] Normal request processed for: AutoClient3230
[18:11:58] Normal request processed for: AutoClient3231
[18:11:58] Normal request processed for: AutoClient3229
[18:11:58] Normal request processed for: AutoClient3233
[18:11:58] Normal request processed for: AutoClient3232
[18:11:58] Normal request processed for: AutoClient3234
[18:11:58] Normal request processed for: AutoClient3235
[18:11:58] Normal request processed for: AutoClient3237
[18:11:58] Normal request processed for: AutoClient3239
[18:11:58] Normal request processed for: AutoClient3238
[18:11:58] Normal request processed for: AutoClient3236
[18:11:58] Normal request processed for: AutoClient3240
[18:11:59] Normal request processed for: AutoClient3249
[18:11:59] Normal request processed for: AutoClient3247
[18:11:59] Normal request processed for: AutoClient3241
[18:11:59] Normal request processed for: AutoClient3246
[18:11:59] Normal request processed for: AutoClient3248
[18:11:59] Normal request processed for: AutoClient3245
[18:11:59] Normal request processed for: AutoClient3243
[18:11:59] Normal request processed for: AutoClient3244
[18:11:59] Normal request processed for: AutoClient3250
[18:11:59] Normal request processed for: AutoClient3242
[18:11:59] Normal request processed for: AutoClient3252
[18:12:02] Priority request processed for: AutoPriority
[18:12:02] Normal request processed for: AutoClient3262
[18:12:02] Normal request processed for: AutoClient3258
[18:12:02] Normal request processed for: AutoClient3260
[18:12:02] Normal request processed for: AutoClient3256
[18:12:02] Normal request processed for: AutoClient3251
[18:12:02] Normal request processed for: AutoClient3261
[18:12:02] Normal request processed for: AutoClient3259
[18:12:02] Normal request processed for: AutoClient3255
[18:12:02] Normal request processed for: AutoClient3257
[18:12:02] Normal request processed for: AutoClient3253
[18:12:02] Normal request processed for: AutoClient3254
[18:12:02] Normal request processed for: AutoClient3268
[18:12:02] Normal request processed for: AutoClient3263
[18:12:02] Normal request processed for: AutoClient3265
[18:12:02] Normal request processed for: AutoClient3266
[18:12:02] Normal request processed for: AutoClient3264
[18:12:02] Normal request processed for: AutoClient3270
[18:12:02] Normal request processed for: AutoClient3267
[18:12:02] Normal request processed for: AutoClient3273
[18:12:02] Normal request processed for: AutoClient3269
[18:12:02] Normal request processed for: AutoClient3272
[18:12:02] Normal request processed for: AutoClient3271
[18:12:02] Normal request processed for: AutoClient3275
[18:12:02] Normal request processed for: AutoClient3274
[18:12:02] Normal request processed for: AutoClient3276
[18:12:02] Normal request processed for: AutoClient3279
[18:12:02] Normal request processed for: AutoClient3280
[18:12:02] Normal request processed for: AutoClient3283
[18:12:02] Normal request processed for: AutoClient3278
[18:12:02] Normal request processed for: AutoClient3281
[18:12:02] Normal request processed for: AutoClient3284
[18:12:02] Normal request processed for: AutoClient3282
[18:12:02] Normal request processed for: AutoClient3277
[18:12:03] Normal request processed for: AutoClient3286
[18:12:03] Normal request processed for: AutoClient3291
[18:12:03] Normal request processed for: AutoClient3294
[18:12:03] Normal request processed for: AutoClient3287
[18:12:03] Normal request processed for: AutoClient3289
[18:12:03] Normal request processed for: AutoClient3285
[18:12:03] Normal request processed for: AutoClient3288
[18:12:03] Normal request processed for: AutoClient3293
[18:12:03] Normal request processed for: AutoClient3292
[18:12:03] Normal request processed for: AutoClient3295
[18:12:03] Normal request processed for: AutoClient3290
[18:12:03] Normal request processed for: AutoClient3298
[18:12:03] Normal request processed for: AutoClient3297
[18:12:03] Normal request processed for: AutoClient3296
[18:12:03] Normal request processed for: AutoClient3302
[18:12:03] Normal request processed for: AutoClient3301
[18:12:03] Normal request processed for: AutoClient3299
[18:12:03] Normal request processed for: AutoClient3303
[18:12:03] Normal request processed for: AutoClient3304
[18:12:03] Normal request processed for: AutoClient3305
[18:12:03] Normal request processed for: AutoClient3306
[18:12:03] Normal request processed for: AutoClient3307
[18:12:03] Normal request processed for: AutoClient3308
[18:12:03] Normal request processed for: AutoClient3310
[18:12:03] Normal request processed for: AutoClient3309
[18:12:03] Normal request processed for: AutoClient3311
[18:12:03] Normal request processed for: AutoClient3312
[18:12:03] Normal request processed for: AutoClient3314
[18:12:03] Normal request processed for: AutoClient3313
[18:12:03] Normal request processed for: AutoClient3316
[18:12:03] Normal request processed for: AutoClient3318
[18:12:03] Normal request processed for: AutoClient3317
[18:12:03] Normal request processed for: AutoClient3315
[18:12:03] Normal request processed for: AutoClient3324
[18:12:03] Normal request processed for: AutoClient3322
[18:12:03] Normal request processed for: AutoClient3319
[18:12:03] Normal request processed for: AutoClient3320
[18:12:03] Normal request processed for: AutoClient3323
[18:12:03] Normal request processed for: AutoClient3325
[18:12:03] Normal request processed for: AutoClient3321
[18:12:03] Normal request processed for: AutoClient3327
[18:12:03] Normal request processed for: AutoClient3326
[18:12:03] Normal request processed for: AutoClient3328
[18:12:03] Normal request processed for: AutoClient3329
[18:12:04] Normal request processed for: AutoClient3333
[18:12:04] Normal request processed for: AutoClient3331
[18:12:04] Normal request processed for: AutoClient3330
[18:12:04] Normal request processed for: AutoClient3332
[18:12:04] Normal request processed for: AutoClient3337
[18:12:04] Normal request processed for: AutoClient3335
[18:12:04] Normal request processed for: AutoClient3334
[18:12:04] Normal request processed for: AutoClient3339
[18:12:04] Normal request processed for: AutoClient3336
[18:12:04] Normal request processed for: AutoClient3340
[18:12:04] Normal request processed for: AutoClient3338
[18:12:04] Normal request processed for: AutoClient3341
[18:12:04] Normal request processed for: AutoClient3344
[18:12:04] Normal request processed for: AutoClient3346
[18:12:04] Normal request processed for: AutoClient3347
[18:12:04] Normal request processed for: AutoClient3342
[18:12:04] Normal request processed for: AutoClient3343
[18:12:04] Normal request processed for: AutoClient3348
[18:12:04] Normal request processed for: AutoClient3350
[18:12:04] Normal request processed for: AutoClient3345
[18:12:04] Normal request processed for: AutoClient3349
[18:12:04] Normal request processed for: AutoClient3351
[18:12:04] Normal request processed for: AutoClient3352
[18:12:04] Normal request processed for: AutoClient3354
[18:12:04] Normal request processed for: AutoClient3353
[18:12:04] Normal request processed for: AutoClient3356
[18:12:04] Normal request processed for: AutoClient3355
[18:12:04] Normal request processed for: AutoClient3357
[18:12:04] Normal request processed for: AutoClient3358
[18:12:04] Normal request processed for: AutoClient3359
[18:12:04] Normal request processed for: AutoClient3360
[18:12:04] Normal request processed for: AutoClient3368
[18:12:04] Normal request processed for: AutoClient3369
[18:12:04] Normal request processed for: AutoClient3362
[18:12:04] Normal request processed for: AutoClient3361
[18:12:04] Normal request processed for: AutoClient3370
[18:12:04] Normal request processed for: AutoClient3366
[18:12:04] Normal request processed for: AutoClient3367
[18:12:04] Normal request processed for: AutoClient3371
[18:12:04] Normal request processed for: AutoClient3363
[18:12:04] Normal request processed for: AutoClient3364
[18:12:04] Normal request processed for: AutoClient3365
[18:12:07] Priority request processed for: AutoPriority
[18:12:08] Normal request processed for: AutoClient3379
[18:12:08] Normal request processed for: AutoClient3378
[18:12:08] Normal request processed for: AutoClient3373
[18:12:08] Normal request processed for: AutoClient3376
[18:12:08] Normal request processed for: AutoClient3383
[18:12:08] Normal request processed for: AutoClient3372
[18:12:08] Normal request processed for: AutoClient3380
[18:12:08] Normal request processed for: AutoClient3377
[18:12:08] Normal request processed for: AutoClient3374
[18:12:08] Normal request processed for: AutoClient3381
[18:12:08] Normal request processed for: AutoClient3375
[18:12:08] Normal request processed for: AutoClient3389
[18:12:08] Normal request processed for: AutoClient3384
[18:12:08] Normal request processed for: AutoClient3388
[18:12:08] Normal request processed for: AutoClient3391
[18:12:08] Normal request processed for: AutoClient3387
[18:12:08] Normal request processed for: AutoClient3382
[18:12:08] Normal request processed for: AutoClient3385
[18:12:08] Normal request processed for: AutoClient3392
[18:12:08] Normal request processed for: AutoClient3390
[18:12:08] Normal request processed for: AutoClient3393
[18:12:08] Normal request processed for: AutoClient3386
[18:12:08] Normal request processed for: AutoClient3394
[18:12:08] Normal request processed for: AutoClient3395
[18:12:08] Normal request processed for: AutoClient3398
[18:12:08] Normal request processed for: AutoClient3399
[18:12:08] Normal request processed for: AutoClient3396
[18:12:08] Normal request processed for: AutoClient3404
[18:12:08] Normal request processed for: AutoClient3405
[18:12:08] Normal request processed for: AutoClient3401
[18:12:08] Normal request processed for: AutoClient3397
[18:12:08] Normal request processed for: AutoClient3403
[18:12:08] Normal request processed for: AutoClient3402
[18:12:08] Normal request processed for: AutoClient3406
[18:12:08] Normal request processed for: AutoClient3407
[18:12:08] Normal request processed for: AutoClient3410
[18:12:08] Normal request processed for: AutoClient3414
[18:12:08] Normal request processed for: AutoClient3408
[18:12:08] Normal request processed for: AutoClient3411
[18:12:08] Normal request processed for: AutoClient3409
[18:12:08] Normal request processed for: AutoClient3412
[18:12:08] Normal request processed for: AutoClient3415
[18:12:08] Normal request processed for: AutoClient3413
[18:12:08] Normal request processed for: AutoClient3416
[18:12:09] Normal request processed for: AutoClient3418
[18:12:09] Normal request processed for: AutoClient3417
[18:12:09] Normal request processed for: AutoClient3419
[18:12:09] Normal request processed for: AutoClient3427
[18:12:09] Normal request processed for: AutoClient3420
[18:12:09] Normal request processed for: AutoClient3422
[18:12:09] Normal request processed for: AutoClient3424
[18:12:09] Normal request processed for: AutoClient3423
[18:12:09] Normal request processed for: AutoClient3425
[18:12:09] Normal request processed for: AutoClient3421
[18:12:09] Normal request processed for: AutoClient3426
[18:12:09] Normal request processed for: AutoClient3428
[18:12:09] Normal request processed for: AutoClient3429
[18:12:09] Normal request processed for: AutoClient3431
[18:12:09] Normal request processed for: AutoClient3437
[18:12:09] Normal request processed for: AutoClient3430
[18:12:09] Normal request processed for: AutoClient3432
[18:12:09] Normal request processed for: AutoClient3434
[18:12:09] Normal request processed for: AutoClient3433
[18:12:09] Normal request processed for: AutoClient3435
[18:12:09] Normal request processed for: AutoClient3436
[18:12:09] Normal request processed for: AutoClient3438
[18:12:09] Normal request processed for: AutoClient3441
[18:12:09] Normal request processed for: AutoClient3440
[18:12:09] Normal request processed for: AutoClient3439
[18:12:09] Normal request processed for: AutoClient3447
[18:12:09] Normal request processed for: AutoClient3443
[18:12:09] Normal request processed for: AutoClient3444
[18:12:09] Normal request processed for: AutoClient3445
[18:12:09] Normal request processed for: AutoClient3442
[18:12:09] Normal request processed for: AutoClient3446
[18:12:09] Normal request processed for: AutoClient3448
[18:12:09] Normal request processed for: AutoClient3449
[18:12:09] Normal request processed for: AutoClient3450
[18:12:09] Normal request processed for: AutoClient3451
[18:12:09] Normal request processed for: AutoClient3453
[18:12:09] Normal request processed for: AutoClient3457
[18:12:09] Normal request processed for: AutoClient3452
[18:12:09] Normal request processed for: AutoClient3455
[18:12:09] Normal request processed for: AutoClient3454
[18:12:09] Normal request processed for: AutoClient3456
[18:12:09] Normal request processed for: AutoClient3458
[18:12:09] Normal request processed for: AutoClient3460
[18:12:09] Normal request processed for: AutoClient3459
[18:12:10] Normal request processed for: AutoClient3461
[18:12:10] Normal request processed for: AutoClient3463
[18:12:10] Normal request processed for: AutoClient3465
[18:12:10] Normal request processed for: AutoClient3462
[18:12:10] Normal request processed for: AutoClient3469
[18:12:10] Normal request processed for: AutoClient3467
[18:12:10] Normal request processed for: AutoClient3464
[18:12:10] Normal request processed for: AutoClient3466
[18:12:10] Normal request processed for: AutoClient3468
[18:12:10] Normal request processed for: AutoClient3470
[18:12:10] Normal request processed for: AutoClient3471
[18:12:10] Normal request processed for: AutoClient3472
[18:12:10] Normal request processed for: AutoClient3474
[18:12:10] Normal request processed for: AutoClient3473
[18:12:10] Normal request processed for: AutoClient3476
[18:12:10] Normal request processed for: AutoClient3479
[18:12:10] Normal request processed for: AutoClient3475
[18:12:10] Normal request processed for: AutoClient3477
[18:12:10] Normal request processed for: AutoClient3478
[18:12:10] Normal request processed for: AutoClient3480
[18:12:10] Normal request processed for: AutoClient3485
[18:12:10] Normal request processed for: AutoClient3491
[18:12:10] Normal request processed for: AutoClient3489
[18:12:10] Normal request processed for: AutoClient3481
[18:12:10] Normal request processed for: AutoClient3482
[18:12:10] Normal request processed for: AutoClient3483
[18:12:10] Normal request processed for: AutoClient3484
[18:12:10] Normal request processed for: AutoClient3488
[18:12:10] Normal request processed for: AutoClient3486
[18:12:10] Normal request processed for: AutoClient3494
[18:12:10] Normal request processed for: AutoClient3490
[18:12:13] Priority request processed for: AutoPriority
[18:12:14] Normal request processed for: AutoClient3493
[18:12:14] Normal request processed for: AutoClient3495
[18:12:14] Normal request processed for: AutoClient3499
[18:12:14] Normal request processed for: AutoClient3496
[18:12:14] Normal request processed for: AutoClient3492
[18:12:14] Normal request processed for: AutoClient3497
[18:12:14] Normal request processed for: AutoClient3498
[18:12:14] Normal request processed for: AutoClient3487
[18:12:14] Normal request processed for: AutoClient3503
[18:12:14] Normal request processed for: AutoClient3501
[18:12:14] Normal request processed for: AutoClient3502
[18:12:17] Priority request processed for: AutoPriority
[18:12:17] Normal request processed for: AutoClient3513
[18:12:17] Normal request processed for: AutoClient3505
[18:12:17] Normal request processed for: AutoClient3507
[18:12:17] Normal request processed for: AutoClient3509
[18:12:17] Normal request processed for: AutoClient3506
[18:12:17] Normal request processed for: AutoClient3510
[18:12:17] Normal request processed for: AutoClient3511
[18:12:17] Normal request processed for: AutoClient3504
[18:12:17] Normal request processed for: AutoClient3508
[18:12:17] Normal request processed for: AutoClient3512
[18:12:17] Normal request processed for: AutoClient3514
[18:12:17] Normal request processed for: AutoClient3515
[18:12:17] Normal request processed for: AutoClient3516
[18:12:17] Normal request processed for: AutoClient3519
[18:12:17] Normal request processed for: AutoClient3517
[18:12:17] Normal request processed for: AutoClient3518
[18:12:17] Normal request processed for: AutoClient3522
[18:12:17] Normal request processed for: AutoClient3525
[18:12:17] Normal request processed for: AutoClient3520
[18:12:17] Normal request processed for: AutoClient3521
[18:12:17] Normal request processed for: AutoClient3524
[18:12:17] Normal request processed for: AutoClient3523
[18:12:17] Normal request processed for: AutoClient3528
[18:12:17] Normal request processed for: AutoClient3526
[18:12:17] Normal request processed for: AutoClient3532
[18:12:17] Normal request processed for: AutoClient3535
[18:12:17] Normal request processed for: AutoClient3527
[18:12:17] Normal request processed for: AutoClient3536
[18:12:17] Normal request processed for: AutoClient3530
[18:12:17] Normal request processed for: AutoClient3531
[18:12:17] Normal request processed for: AutoClient3533
[18:12:17] Normal request processed for: AutoClient3529
[18:12:17] Normal request processed for: AutoClient3534
[18:12:18] Normal request processed for: AutoClient3537
[18:12:18] Normal request processed for: AutoClient3538
[18:12:18] Normal request processed for: AutoClient3539
[18:12:18] Normal request processed for: AutoClient3545
[18:12:18] Normal request processed for: AutoClient3546
[18:12:18] Normal request processed for: AutoClient3540
[18:12:18] Normal request processed for: AutoClient3541
[18:12:18] Normal request processed for: AutoClient3543
[18:12:18] Normal request processed for: AutoClient3542
[18:12:18] Normal request processed for: AutoClient3544
[18:12:18] Normal request processed for: AutoClient3547
[18:12:18] Normal request processed for: AutoClient3552
[18:12:18] Normal request processed for: AutoClient3549
[18:12:18] Normal request processed for: AutoClient3548
[18:12:18] Normal request processed for: AutoClient3550
[18:12:18] Normal request processed for: AutoClient3551
[18:12:18] Normal request processed for: AutoClient3554
[18:12:18] Normal request processed for: AutoClient3553
[18:12:18] Normal request processed for: AutoClient3557
[18:12:18] Normal request processed for: AutoClient3556
[18:12:18] Normal request processed for: AutoClient3555
[18:12:18] Normal request processed for: AutoClient3558
[18:12:18] Normal request processed for: AutoClient3559
[18:12:18] Normal request processed for: AutoClient3560
[18:12:18] Normal request processed for: AutoClient3562
[18:12:18] Normal request processed for: AutoClient3564
[18:12:18] Normal request processed for: AutoClient3561
[18:12:18] Normal request processed for: AutoClient3565
[18:12:18] Normal request processed for: AutoClient3563
[18:12:18] Normal request processed for: AutoClient3566
[18:12:18] Normal request processed for: AutoClient3567
[18:12:18] Normal request processed for: AutoClient3568
[18:12:18] Normal request processed for: AutoClient3569
[18:12:18] Normal request processed for: AutoClient3575
[18:12:18] Normal request processed for: AutoClient3570
[18:12:18] Normal request processed for: AutoClient3572
[18:12:18] Normal request processed for: AutoClient3571
[18:12:18] Normal request processed for: AutoClient3573
[18:12:18] Normal request processed for: AutoClient3574
[18:12:18] Normal request processed for: AutoClient3576
[18:12:18] Normal request processed for: AutoClient3577
[18:12:18] Normal request processed for: AutoClient3578
[18:12:18] Normal request processed for: AutoClient3579
[18:12:18] Normal request processed for: AutoClient3580
[18:12:19] Normal request processed for: AutoClient3582
[18:12:19] Normal request processed for: AutoClient3583
[18:12:19] Normal request processed for: AutoClient3581
[18:12:19] Normal request processed for: AutoClient3584
[18:12:19] Normal request processed for: AutoClient3586
[18:12:19] Normal request processed for: AutoClient3587
[18:12:19] Normal request processed for: AutoClient3589
[18:12:19] Normal request processed for: AutoClient3588
[18:12:19] Normal request processed for: AutoClient3585
[18:12:19] Normal request processed for: AutoClient3591
[18:12:19] Normal request processed for: AutoClient3590
[18:12:19] Normal request processed for: AutoClient3593
[18:12:19] Normal request processed for: AutoClient3592
[18:12:19] Normal request processed for: AutoClient3596
[18:12:19] Normal request processed for: AutoClient3595
[18:12:19] Normal request processed for: AutoClient3598
[18:12:19] Normal request processed for: AutoClient3594
[18:12:19] Normal request processed for: AutoClient3597
[18:12:19] Normal request processed for: AutoClient3599
[18:12:19] Normal request processed for: AutoClient3602
[18:12:19] Normal request processed for: AutoClient3603
[18:12:19] Normal request processed for: AutoClient3608
[18:12:19] Normal request processed for: AutoClient3604
[18:12:19] Normal request processed for: AutoClient3609
[18:12:19] Normal request processed for: AutoClient3605
[18:12:19] Normal request processed for: AutoClient3610
[18:12:19] Normal request processed for: AutoClient3601
[18:12:19] Normal request processed for: AutoClient3606
[18:12:19] Normal request processed for: AutoClient3611
[18:12:19] Normal request processed for: AutoClient3607
[18:12:22] Priority request processed for: AutoPriority
[18:12:22] Normal request processed for: AutoClient3615
[18:12:22] Normal request processed for: AutoClient3620
[18:12:22] Normal request processed for: AutoClient3612
[18:12:22] Normal request processed for: AutoClient3619
[18:12:22] Normal request processed for: AutoClient3623
[18:12:22] Normal request processed for: AutoClient3622
[18:12:22] Normal request processed for: AutoClient3616
[18:12:22] Normal request processed for: AutoClient3617
[18:12:22] Normal request processed for: AutoClient3613
[18:12:22] Normal request processed for: AutoClient3621
[18:12:22] Normal request processed for: AutoClient3614
[18:12:23] Normal request processed for: AutoClient3618
[18:12:23] Normal request processed for: AutoClient3628
[18:12:23] Normal request processed for: AutoClient3630
[18:12:23] Normal request processed for: AutoClient3633
[18:12:23] Normal request processed for: AutoClient3626
[18:12:23] Normal request processed for: AutoClient3625
[18:12:23] Normal request processed for: AutoClient3631
[18:12:23] Normal request processed for: AutoClient3624
[18:12:23] Normal request processed for: AutoClient3627
[18:12:23] Normal request processed for: AutoClient3629
[18:12:23] Normal request processed for: AutoClient3632
[18:12:23] Normal request processed for: AutoClient3634
[18:12:23] Normal request processed for: AutoClient3637
[18:12:23] Normal request processed for: AutoClient3635
[18:12:23] Normal request processed for: AutoClient3638
[18:12:23] Normal request processed for: AutoClient3642
[18:12:23] Normal request processed for: AutoClient3636
[18:12:23] Normal request processed for: AutoClient3639
[18:12:23] Normal request processed for: AutoClient3643
[18:12:23] Normal request processed for: AutoClient3644
[18:12:23] Normal request processed for: AutoClient3640
[18:12:23] Normal request processed for: AutoClient3641
[18:12:23] Normal request processed for: AutoClient3646
[18:12:23] Normal request processed for: AutoClient3648
[18:12:23] Normal request processed for: AutoClient3645
[18:12:23] Normal request processed for: AutoClient3649
[18:12:23] Normal request processed for: AutoClient3647
[18:12:23] Normal request processed for: AutoClient3650
[18:12:23] Normal request processed for: AutoClient3651
[18:12:23] Normal request processed for: AutoClient3652
[18:12:23] Normal request processed for: AutoClient3654
[18:12:23] Normal request processed for: AutoClient3653
[18:12:23] Normal request processed for: AutoClient3655
[18:12:23] Normal request processed for: AutoClient3659
[18:12:23] Normal request processed for: AutoClient3656
[18:12:23] Normal request processed for: AutoClient3657
[18:12:23] Normal request processed for: AutoClient3658
[18:12:23] Normal request processed for: AutoClient3661
[18:12:23] Normal request processed for: AutoClient3660
[18:12:23] Normal request processed for: AutoClient3662
[18:12:23] Normal request processed for: AutoClient3663
[18:12:23] Normal request processed for: AutoClient3664
[18:12:23] Normal request processed for: AutoClient3665
[18:12:23] Normal request processed for: AutoClient3668
[18:12:24] Normal request processed for: AutoClient3669
[18:12:24] Normal request processed for: AutoClient3667
[18:12:24] Normal request processed for: AutoClient3671
[18:12:24] Normal request processed for: AutoClient3666
[18:12:24] Normal request processed for: AutoClient3670
[18:12:24] Normal request processed for: AutoClient3672
[18:12:24] Normal request processed for: AutoClient3677
[18:12:24] Normal request processed for: AutoClient3673
[18:12:24] Normal request processed for: AutoClient3674
[18:12:24] Normal request processed for: AutoClient3675
[18:12:24] Normal request processed for: AutoClient3676
[18:12:24] Normal request processed for: AutoClient3679
[18:12:24] Normal request processed for: AutoClient3682
[18:12:24] Normal request processed for: AutoClient3678
[18:12:24] Normal request processed for: AutoClient3680
[18:12:24] Normal request processed for: AutoClient3686
[18:12:24] Normal request processed for: AutoClient3689
[18:12:24] Normal request processed for: AutoClient3681
[18:12:24] Normal request processed for: AutoClient3683
[18:12:24] Normal request processed for: AutoClient3684
[18:12:24] Normal request processed for: AutoClient3685
[18:12:24] Normal request processed for: AutoClient3688
[18:12:24] Normal request processed for: AutoClient3687
[18:12:24] Normal request processed for: AutoClient3692
[18:12:24] Normal request processed for: AutoClient3694
[18:12:24] Normal request processed for: AutoClient3695
[18:12:24] Normal request processed for: AutoClient3696
[18:12:24] Normal request processed for: AutoClient3693
[18:12:24] Normal request processed for: AutoClient3697
[18:12:24] Normal request processed for: AutoClient3690
[18:12:24] Normal request processed for: AutoClient3691
[18:12:24] Normal request processed for: AutoClient3698
[18:12:24] Normal request processed for: AutoClient3699
[18:12:24] Normal request processed for: AutoClient3705
[18:12:24] Normal request processed for: AutoClient3706
[18:12:24] Normal request processed for: AutoClient3701
[18:12:24] Normal request processed for: AutoClient3704
[18:12:24] Normal request processed for: AutoClient3703
[18:12:24] Normal request processed for: AutoClient3702
[18:12:24] Normal request processed for: AutoClient3709
[18:12:24] Normal request processed for: AutoClient3711
[18:12:24] Normal request processed for: AutoClient3707
[18:12:24] Normal request processed for: AutoClient3708
[18:12:24] Normal request processed for: AutoClient3710
[18:12:25] Normal request processed for: AutoClient3713
[18:12:25] Normal request processed for: AutoClient3712
[18:12:25] Normal request processed for: AutoClient3716
[18:12:25] Normal request processed for: AutoClient3717
[18:12:25] Normal request processed for: AutoClient3715
[18:12:25] Normal request processed for: AutoClient3720
[18:12:25] Normal request processed for: AutoClient3718
[18:12:25] Normal request processed for: AutoClient3714
[18:12:25] Normal request processed for: AutoClient3719
[18:12:25] Normal request processed for: AutoClient3724
[18:12:25] Normal request processed for: AutoClient3728
[18:12:25] Normal request processed for: AutoClient3722
[18:12:25] Normal request processed for: AutoClient3723
[18:12:25] Normal request processed for: AutoClient3725
[18:12:25] Normal request processed for: AutoClient3730
[18:12:25] Normal request processed for: AutoClient3726
[18:12:25] Normal request processed for: AutoClient3721
[18:12:25] Normal request processed for: AutoClient3731
[18:12:25] Normal request processed for: AutoClient3727
[18:12:25] Normal request processed for: AutoClient3729
[18:12:28] Priority request processed for: AutoPriority
[18:12:28] Normal request processed for: AutoClient3734
[18:12:28] Normal request processed for: AutoClient3737
[18:12:28] Normal request processed for: AutoClient3742
[18:12:28] Normal request processed for: AutoClient3739
[18:12:28] Normal request processed for: AutoClient3735
[18:12:28] Normal request processed for: AutoClient3736
[18:12:28] Normal request processed for: AutoClient3740
[18:12:28] Normal request processed for: AutoClient3741
[18:12:28] Normal request processed for: AutoClient3733
[18:12:28] Normal request processed for: AutoClient3738
[18:12:28] Normal request processed for: AutoClient3732
[18:12:29] Normal request processed for: AutoClient3743
[18:12:29] Normal request processed for: AutoClient3747
[18:12:29] Normal request processed for: AutoClient3744
[18:12:29] Normal request processed for: AutoClient3745
[18:12:29] Normal request processed for: AutoClient3748
[18:12:29] Normal request processed for: AutoClient3746
[18:12:29] Normal request processed for: AutoClient3750
[18:12:29] Normal request processed for: AutoClient3754
[18:12:29] Normal request processed for: AutoClient3751
[18:12:29] Normal request processed for: AutoClient3749
[18:12:29] Normal request processed for: AutoClient3752
[18:12:29] Normal request processed for: AutoClient3753
[18:12:29] Normal request processed for: AutoClient3756
[18:12:29] Normal request processed for: AutoClient3758
[18:12:29] Normal request processed for: AutoClient3757
[18:12:29] Normal request processed for: AutoClient3755
[18:12:29] Normal request processed for: AutoClient3759
[18:12:29] Normal request processed for: AutoClient3760
[18:12:29] Normal request processed for: AutoClient3764
[18:12:29] Normal request processed for: AutoClient3761
[18:12:29] Normal request processed for: AutoClient3762
[18:12:29] Normal request processed for: AutoClient3763
[18:12:29] Normal request processed for: AutoClient3766
[18:12:29] Normal request processed for: AutoClient3768
[18:12:29] Normal request processed for: AutoClient3765
[18:12:29] Normal request processed for: AutoClient3769
[18:12:29] Normal request processed for: AutoClient3770
[18:12:29] Normal request processed for: AutoClient3767
[18:12:29] Normal request processed for: AutoClient3771
[18:12:29] Normal request processed for: AutoClient3775
[18:12:29] Normal request processed for: AutoClient3772
[18:12:29] Normal request processed for: AutoClient3773
[18:12:29] Normal request processed for: AutoClient3776
[18:12:29] Normal request processed for: AutoClient3778
[18:12:29] Normal request processed for: AutoClient3781
[18:12:29] Normal request processed for: AutoClient3779
[18:12:29] Normal request processed for: AutoClient3782
[18:12:29] Normal request processed for: AutoClient3777
[18:12:29] Normal request processed for: AutoClient3780
[18:12:29] Normal request processed for: AutoClient3783
[18:12:29] Normal request processed for: AutoClient3774
[18:12:29] Normal request processed for: AutoClient3786
[18:12:29] Normal request processed for: AutoClient3784
[18:12:29] Normal request processed for: AutoClient3785
[18:12:30] Normal request processed for: AutoClient3787
[18:12:30] Normal request processed for: AutoClient3788
[18:12:30] Normal request processed for: AutoClient3789
[18:12:30] Normal request processed for: AutoClient3790
[18:12:30] Normal request processed for: AutoClient3795
[18:12:30] Normal request processed for: AutoClient3793
[18:12:30] Normal request processed for: AutoClient3792
[18:12:30] Normal request processed for: AutoClient3791
[18:12:30] Normal request processed for: AutoClient3798
[18:12:30] Normal request processed for: AutoClient3794
[18:12:30] Normal request processed for: AutoClient3796
[18:12:30] Normal request processed for: AutoClient3797
[18:12:30] Normal request processed for: AutoClient3799
[18:12:30] Normal request processed for: AutoClient3803
[18:12:30] Normal request processed for: AutoClient3801
[18:12:30] Normal request processed for: AutoClient3804
[18:12:30] Normal request processed for: AutoClient3806
[18:12:30] Normal request processed for: AutoClient3809
[18:12:30] Normal request processed for: AutoClient3802
[18:12:30] Normal request processed for: AutoClient3805
[18:12:30] Normal request processed for: AutoClient3807
[18:12:30] Normal request processed for: AutoClient3808
[18:12:30] Normal request processed for: AutoClient3810
[18:12:30] Normal request processed for: AutoClient3811
[18:12:30] Normal request processed for: AutoClient3812
[18:12:30] Normal request processed for: AutoClient3813
[18:12:30] Normal request processed for: AutoClient3815
[18:12:30] Normal request processed for: AutoClient3814
[18:12:30] Normal request processed for: AutoClient3816
[18:12:30] Normal request processed for: AutoClient3820
[18:12:30] Normal request processed for: AutoClient3817
[18:12:30] Normal request processed for: AutoClient3818
[18:12:30] Normal request processed for: AutoClient3819
[18:12:30] Normal request processed for: AutoClient3821
[18:12:30] Normal request processed for: AutoClient3823
[18:12:30] Normal request processed for: AutoClient3822
[18:12:30] Normal request processed for: AutoClient3824
[18:12:30] Normal request processed for: AutoClient3827
[18:12:30] Normal request processed for: AutoClient3828
[18:12:30] Normal request processed for: AutoClient3829
[18:12:30] Normal request processed for: AutoClient3833
[18:12:30] Normal request processed for: AutoClient3825
[18:12:30] Normal request processed for: AutoClient3826
[18:12:30] Normal request processed for: AutoClient3830
[18:12:31] Normal request processed for: AutoClient3831
[18:12:31] Normal request processed for: AutoClient3834
[18:12:31] Normal request processed for: AutoClient3832
[18:12:31] Normal request processed for: AutoClient3836
[18:12:31] Normal request processed for: AutoClient3838
[18:12:31] Normal request processed for: AutoClient3835
[18:12:31] Normal request processed for: AutoClient3839
[18:12:31] Normal request processed for: AutoClient3837
[18:12:31] Normal request processed for: AutoClient3840
[18:12:31] Normal request processed for: AutoClient3851
[18:12:31] Normal request processed for: AutoClient3848
[18:12:31] Normal request processed for: AutoClient3844
[18:12:31] Normal request processed for: AutoClient3846
[18:12:31] Normal request processed for: AutoClient3845
[18:12:31] Normal request processed for: AutoClient3847
[18:12:31] Normal request processed for: AutoClient3849
[18:12:31] Normal request processed for: AutoClient3850
[18:12:31] Normal request processed for: AutoClient3842
[18:12:31] Normal request processed for: AutoClient3841
[18:12:31] Normal request processed for: AutoClient3843
[18:12:34] Priority request processed for: AutoPriority
[18:12:34] Normal request processed for: AutoClient3858
[18:12:34] Normal request processed for: AutoClient3861
[18:12:34] Normal request processed for: AutoClient3857
[18:12:34] Normal request processed for: AutoClient3860
[18:12:34] Normal request processed for: AutoClient3859
[18:12:34] Normal request processed for: AutoClient3853
[18:12:34] Normal request processed for: AutoClient3855
[18:12:34] Normal request processed for: AutoClient3856
[18:12:34] Normal request processed for: AutoClient3862
[18:12:34] Normal request processed for: AutoClient3852
[18:12:34] Normal request processed for: AutoClient3854
[18:12:34] Normal request processed for: AutoClient3865
[18:12:34] Normal request processed for: AutoClient3864
[18:12:34] Normal request processed for: AutoClient3867
[18:12:34] Normal request processed for: AutoClient3863
[18:12:34] Normal request processed for: AutoClient3869
[18:12:34] Normal request processed for: AutoClient3873
[18:12:34] Normal request processed for: AutoClient3866
[18:12:34] Normal request processed for: AutoClient3868
[18:12:34] Normal request processed for: AutoClient3870
[18:12:34] Normal request processed for: AutoClient3872
[18:12:34] Normal request processed for: AutoClient3871
[18:12:35] Normal request processed for: AutoClient3874
[18:12:35] Normal request processed for: AutoClient3878
[18:12:35] Normal request processed for: AutoClient3881
[18:12:35] Normal request processed for: AutoClient3876
[18:12:35] Normal request processed for: AutoClient3875
[18:12:35] Normal request processed for: AutoClient3879
[18:12:35] Normal request processed for: AutoClient3877
[18:12:35] Normal request processed for: AutoClient3882
[18:12:35] Normal request processed for: AutoClient3883
[18:12:35] Normal request processed for: AutoClient3880
[18:12:35] Normal request processed for: AutoClient3884
[18:12:35] Normal request processed for: AutoClient3888
[18:12:35] Normal request processed for: AutoClient3885
[18:12:35] Normal request processed for: AutoClient3890
[18:12:35] Normal request processed for: AutoClient3886
[18:12:35] Normal request processed for: AutoClient3891
[18:12:35] Normal request processed for: AutoClient3889
[18:12:35] Normal request processed for: AutoClient3893
[18:12:35] Normal request processed for: AutoClient3892
[18:12:35] Normal request processed for: AutoClient3894
[18:12:35] Normal request processed for: AutoClient3887
[18:12:35] Normal request processed for: AutoClient3895
[18:12:35] Normal request processed for: AutoClient3897
[18:12:35] Normal request processed for: AutoClient3905
[18:12:35] Normal request processed for: AutoClient3898
[18:12:35] Normal request processed for: AutoClient3899
[18:12:35] Normal request processed for: AutoClient3901
[18:12:35] Normal request processed for: AutoClient3896
[18:12:35] Normal request processed for: AutoClient3906
[18:12:35] Normal request processed for: AutoClient3903
[18:12:35] Normal request processed for: AutoClient3904
[18:12:35] Normal request processed for: AutoClient3902
[18:12:35] Normal request processed for: AutoClient3907
[18:12:35] Normal request processed for: AutoClient3909
[18:12:35] Normal request processed for: AutoClient3918
[18:12:35] Normal request processed for: AutoClient3910
[18:12:35] Normal request processed for: AutoClient3914
[18:12:35] Normal request processed for: AutoClient3916
[18:12:35] Normal request processed for: AutoClient3913
[18:12:35] Normal request processed for: AutoClient3908
[18:12:35] Normal request processed for: AutoClient3912
[18:12:35] Normal request processed for: AutoClient3915
[18:12:35] Normal request processed for: AutoClient3911
[18:12:35] Normal request processed for: AutoClient3917
[18:12:36] Normal request processed for: AutoClient3919
[18:12:36] Normal request processed for: AutoClient3920
[18:12:36] Normal request processed for: AutoClient3925
[18:12:36] Normal request processed for: AutoClient3929
[18:12:36] Normal request processed for: AutoClient3921
[18:12:36] Normal request processed for: AutoClient3923
[18:12:36] Normal request processed for: AutoClient3926
[18:12:36] Normal request processed for: AutoClient3922
[18:12:36] Normal request processed for: AutoClient3928
[18:12:36] Normal request processed for: AutoClient3924
[18:12:36] Normal request processed for: AutoClient3927
[18:12:36] Normal request processed for: AutoClient3931
[18:12:36] Normal request processed for: AutoClient3930
[18:12:36] Normal request processed for: AutoClient3935
[18:12:36] Normal request processed for: AutoClient3936
[18:12:36] Normal request processed for: AutoClient3932
[18:12:36] Normal request processed for: AutoClient3934
[18:12:36] Normal request processed for: AutoClient3937
[18:12:36] Normal request processed for: AutoClient3938
[18:12:36] Normal request processed for: AutoClient3939
[18:12:36] Normal request processed for: AutoClient3933
[18:12:36] Normal request processed for: AutoClient3940
[18:12:36] Normal request processed for: AutoClient3942
[18:12:36] Normal request processed for: AutoClient3945
[18:12:36] Normal request processed for: AutoClient3941
[18:12:36] Normal request processed for: AutoClient3947
[18:12:36] Normal request processed for: AutoClient3953
[18:12:36] Normal request processed for: AutoClient3944
[18:12:36] Normal request processed for: AutoClient3948
[18:12:36] Normal request processed for: AutoClient3946
[18:12:36] Normal request processed for: AutoClient3950
[18:12:36] Normal request processed for: AutoClient3949
[18:12:36] Normal request processed for: AutoClient3951
[18:12:36] Normal request processed for: AutoClient3952
[18:12:36] Normal request processed for: AutoClient3954
[18:12:36] Normal request processed for: AutoClient3957
[18:12:36] Normal request processed for: AutoClient3943
[18:12:36] Normal request processed for: AutoClient3955
[18:12:36] Normal request processed for: AutoClient3956
[18:12:36] Normal request processed for: AutoClient3959
[18:12:36] Normal request processed for: AutoClient3958
[18:12:36] Normal request processed for: AutoClient3960
[18:12:37] Normal request processed for: AutoClient3963
[18:12:37] Normal request processed for: AutoClient3962
[18:12:37] Normal request processed for: AutoClient3961
[18:12:37] Normal request processed for: AutoClient3971
[18:12:37] Normal request processed for: AutoClient3964
[18:12:37] Normal request processed for: AutoClient3967
[18:12:37] Normal request processed for: AutoClient3966
[18:12:37] Normal request processed for: AutoClient3968
[18:12:37] Normal request processed for: AutoClient3965
[18:12:37] Normal request processed for: AutoClient3970
[18:12:37] Normal request processed for: AutoClient3969
[18:12:40] Priority request processed for: AutoPriority
[18:12:40] Normal request processed for: AutoClient3978
[18:12:40] Normal request processed for: AutoClient3979
[18:12:40] Normal request processed for: AutoClient3974
[18:12:40] Normal request processed for: AutoClient3975
[18:12:40] Normal request processed for: AutoClient3972
[18:12:40] Normal request processed for: AutoClient3977
[18:12:40] Normal request processed for: AutoClient3973
[18:12:40] Normal request processed for: AutoClient3980
[18:12:40] Normal request processed for: AutoClient3982
[18:12:40] Normal request processed for: AutoClient3981
[18:12:40] Normal request processed for: AutoClient3976
[18:12:40] Normal request processed for: AutoClient3992
[18:12:40] Normal request processed for: AutoClient3983
[18:12:40] Normal request processed for: AutoClient3990
[18:12:40] Normal request processed for: AutoClient3984
[18:12:40] Normal request processed for: AutoClient3993
[18:12:40] Normal request processed for: AutoClient3987
[18:12:40] Normal request processed for: AutoClient3988
[18:12:40] Normal request processed for: AutoClient3991
[18:12:40] Normal request processed for: AutoClient3985
[18:12:40] Normal request processed for: AutoClient3986
[18:12:40] Normal request processed for: AutoClient3989
[18:12:40] Normal request processed for: AutoClient3997
[18:12:40] Normal request processed for: AutoClient4003
[18:12:40] Normal request processed for: AutoClient3998
[18:12:40] Normal request processed for: AutoClient3994
[18:12:40] Normal request processed for: AutoClient3996
[18:12:40] Normal request processed for: AutoClient3995
[18:12:40] Normal request processed for: AutoClient3999
[18:12:40] Normal request processed for: AutoClient4001
[18:12:40] Normal request processed for: AutoClient4002
[18:12:40] Normal request processed for: AutoClient4004
[18:12:40] Normal request processed for: AutoClient4005
[18:12:41] Normal request processed for: AutoClient4006
[18:12:41] Normal request processed for: AutoClient4007
[18:12:41] Normal request processed for: AutoClient4009
[18:12:41] Normal request processed for: AutoClient4010
[18:12:41] Normal request processed for: AutoClient4013
[18:12:41] Normal request processed for: AutoClient4015
[18:12:41] Normal request processed for: AutoClient4008
[18:12:41] Normal request processed for: AutoClient4012
[18:12:41] Normal request processed for: AutoClient4016
[18:12:41] Normal request processed for: AutoClient4011
[18:12:41] Normal request processed for: AutoClient4014
[18:12:41] Normal request processed for: AutoClient4017
[18:12:41] Normal request processed for: AutoClient4019
[18:12:41] Normal request processed for: AutoClient4020
[18:12:41] Normal request processed for: AutoClient4018
[18:12:41] Normal request processed for: AutoClient4023
[18:12:41] Normal request processed for: AutoClient4027
[18:12:41] Normal request processed for: AutoClient4025
[18:12:41] Normal request processed for: AutoClient4021
[18:12:41] Normal request processed for: AutoClient4024
[18:12:41] Normal request processed for: AutoClient4028
[18:12:41] Normal request processed for: AutoClient4026
[18:12:41] Normal request processed for: AutoClient4032
[18:12:41] Normal request processed for: AutoClient4022
[18:12:41] Normal request processed for: AutoClient4035
[18:12:41] Normal request processed for: AutoClient4030
[18:12:41] Normal request processed for: AutoClient4029
[18:12:41] Normal request processed for: AutoClient4031
[18:12:41] Normal request processed for: AutoClient4034
[18:12:41] Normal request processed for: AutoClient4033
[18:12:41] Normal request processed for: AutoClient4037
[18:12:41] Normal request processed for: AutoClient4036
[18:12:41] Normal request processed for: AutoClient4038
[18:12:41] Normal request processed for: AutoClient4040
[18:12:41] Normal request processed for: AutoClient4042
[18:12:41] Normal request processed for: AutoClient4044
[18:12:41] Normal request processed for: AutoClient4039
[18:12:41] Normal request processed for: AutoClient4041
[18:12:41] Normal request processed for: AutoClient4043
[18:12:41] Normal request processed for: AutoClient4045
[18:12:41] Normal request processed for: AutoClient4048
[18:12:41] Normal request processed for: AutoClient4046
[18:12:41] Normal request processed for: AutoClient4049
[18:12:41] Normal request processed for: AutoClient4047
[18:12:42] Normal request processed for: AutoClient4052
[18:12:42] Normal request processed for: AutoClient4053
[18:12:42] Normal request processed for: AutoClient4050
[18:12:42] Normal request processed for: AutoClient4051
[18:12:42] Normal request processed for: AutoClient4058
[18:12:42] Normal request processed for: AutoClient4054
[18:12:42] Normal request processed for: AutoClient4056
[18:12:42] Normal request processed for: AutoClient4055
[18:12:42] Normal request processed for: AutoClient4059
[18:12:42] Normal request processed for: AutoClient4061
[18:12:42] Normal request processed for: AutoClient4057
[18:12:42] Normal request processed for: AutoClient4062
[18:12:42] Normal request processed for: AutoClient4064
[18:12:42] Normal request processed for: AutoClient4060
[18:12:42] Normal request processed for: AutoClient4065
[18:12:42] Normal request processed for: AutoClient4063
[18:12:42] Normal request processed for: AutoClient4067
[18:12:42] Normal request processed for: AutoClient4071
[18:12:42] Normal request processed for: AutoClient4068
[18:12:42] Normal request processed for: AutoClient4070
[18:12:42] Normal request processed for: AutoClient4072
[18:12:42] Normal request processed for: AutoClient4069
[18:12:42] Normal request processed for: AutoClient4075
[18:12:42] Normal request processed for: AutoClient4074
[18:12:42] Normal request processed for: AutoClient4076
[18:12:42] Normal request processed for: AutoClient4077
[18:12:42] Normal request processed for: AutoClient4073
[18:12:42] Normal request processed for: AutoClient4066
[18:12:42] Normal request processed for: AutoClient4078
[18:12:42] Normal request processed for: AutoClient4080
[18:12:42] Normal request processed for: AutoClient4079
[18:12:45] Priority request processed for: AutoPriority
[18:12:46] Normal request processed for: AutoClient4082
[18:12:46] Normal request processed for: AutoClient4084
[18:12:46] Normal request processed for: AutoClient4091
[18:12:46] Normal request processed for: AutoClient4083
[18:12:46] Normal request processed for: AutoClient4086
[18:12:46] Normal request processed for: AutoClient4090
[18:12:46] Normal request processed for: AutoClient4089
[18:12:46] Normal request processed for: AutoClient4085
[18:12:46] Normal request processed for: AutoClient4088
[18:12:46] Normal request processed for: AutoClient4087
[18:12:46] Normal request processed for: AutoClient4081
[18:12:49] Priority request processed for: AutoPriority
[18:12:49] Normal request processed for: AutoClient4098
[18:12:49] Normal request processed for: AutoClient4092
[18:12:49] Normal request processed for: AutoClient4101
[18:12:49] Normal request processed for: AutoClient4095
[18:12:49] Normal request processed for: AutoClient4094
[18:12:49] Normal request processed for: AutoClient4102
[18:12:49] Normal request processed for: AutoClient4093
[18:12:49] Normal request processed for: AutoClient4097
[18:12:49] Normal request processed for: AutoClient4099
[18:12:49] Normal request processed for: AutoClient4096
[18:12:49] Normal request processed for: AutoClient4104
[18:12:49] Normal request processed for: AutoClient4109
[18:12:49] Normal request processed for: AutoClient4107
[18:12:49] Normal request processed for: AutoClient4106
[18:12:49] Normal request processed for: AutoClient4103
[18:12:49] Normal request processed for: AutoClient4111
[18:12:49] Normal request processed for: AutoClient4115
[18:12:49] Normal request processed for: AutoClient4105
[18:12:49] Normal request processed for: AutoClient4108
[18:12:49] Normal request processed for: AutoClient4112
[18:12:49] Normal request processed for: AutoClient4113
[18:12:49] Normal request processed for: AutoClient4110
[18:12:49] Normal request processed for: AutoClient4114
[18:12:49] Normal request processed for: AutoClient4116
[18:12:49] Normal request processed for: AutoClient4121
[18:12:49] Normal request processed for: AutoClient4123
[18:12:49] Normal request processed for: AutoClient4117
[18:12:49] Normal request processed for: AutoClient4118
[18:12:49] Normal request processed for: AutoClient4119
[18:12:49] Normal request processed for: AutoClient4122
[18:12:49] Normal request processed for: AutoClient4120
[18:12:49] Normal request processed for: AutoClient4125
[18:12:49] Normal request processed for: AutoClient4124
[18:12:50] Normal request processed for: AutoClient4126
[18:12:50] Normal request processed for: AutoClient4127
[18:12:50] Normal request processed for: AutoClient4130
[18:12:50] Normal request processed for: AutoClient4134
[18:12:50] Normal request processed for: AutoClient4129
[18:12:50] Normal request processed for: AutoClient4132
[18:12:50] Normal request processed for: AutoClient4128
[18:12:50] Normal request processed for: AutoClient4135
[18:12:50] Normal request processed for: AutoClient4133
[18:12:50] Normal request processed for: AutoClient4131
[18:12:50] Normal request processed for: AutoClient4136
[18:12:50] Normal request processed for: AutoClient4137
[18:12:50] Normal request processed for: AutoClient4138
[18:12:50] Normal request processed for: AutoClient4139
[18:12:50] Normal request processed for: AutoClient4146
[18:12:50] Normal request processed for: AutoClient4144
[18:12:50] Normal request processed for: AutoClient4141
[18:12:50] Normal request processed for: AutoClient4140
[18:12:50] Normal request processed for: AutoClient4143
[18:12:50] Normal request processed for: AutoClient4142
[18:12:50] Normal request processed for: AutoClient4145
[18:12:50] Normal request processed for: AutoClient4147
[18:12:50] Normal request processed for: AutoClient4148
[18:12:50] Normal request processed for: AutoClient4149
[18:12:50] Normal request processed for: AutoClient4151
[18:12:50] Normal request processed for: AutoClient4150
[18:12:50] Normal request processed for: AutoClient4152
[18:12:50] Normal request processed for: AutoClient4154
[18:12:50] Normal request processed for: AutoClient4157
[18:12:50] Normal request processed for: AutoClient4153
[18:12:50] Normal request processed for: AutoClient4156
[18:12:50] Normal request processed for: AutoClient4155
[18:12:50] Normal request processed for: AutoClient4158
[18:12:50] Normal request processed for: AutoClient4159
[18:12:50] Normal request processed for: AutoClient4160
[18:12:50] Normal request processed for: AutoClient4161
[18:12:50] Normal request processed for: AutoClient4162
[18:12:50] Normal request processed for: AutoClient4164
[18:12:50] Normal request processed for: AutoClient4163
[18:12:50] Normal request processed for: AutoClient4169
[18:12:50] Normal request processed for: AutoClient4166
[18:12:50] Normal request processed for: AutoClient4168
[18:12:50] Normal request processed for: AutoClient4167
[18:12:50] Normal request processed for: AutoClient4165
[18:12:51] Normal request processed for: AutoClient4170
[18:12:51] Normal request processed for: AutoClient4172
[18:12:51] Normal request processed for: AutoClient4174
[18:12:51] Normal request processed for: AutoClient4171
[18:12:51] Normal request processed for: AutoClient4173
[18:12:51] Normal request processed for: AutoClient4175
[18:12:51] Normal request processed for: AutoClient4176
[18:12:51] Normal request processed for: AutoClient4178
[18:12:51] Normal request processed for: AutoClient4177
[18:12:51] Normal request processed for: AutoClient4179
[18:12:51] Normal request processed for: AutoClient4180
[18:12:51] Normal request processed for: AutoClient4181
[18:12:51] Normal request processed for: AutoClient4183
[18:12:51] Normal request processed for: AutoClient4182
[18:12:51] Normal request processed for: AutoClient4184
[18:12:51] Normal request processed for: AutoClient4186
[18:12:51] Normal request processed for: AutoClient4185
[18:12:51] Normal request processed for: AutoClient4187
[18:12:51] Normal request processed for: AutoClient4188
[18:12:51] Normal request processed for: AutoClient4189
[18:12:51] Normal request processed for: AutoClient4191
[18:12:51] Normal request processed for: AutoClient4190
[18:12:51] Normal request processed for: AutoClient4192
[18:12:51] Normal request processed for: AutoClient4195
[18:12:51] Normal request processed for: AutoClient4193
[18:12:51] Normal request processed for: AutoClient4194
[18:12:51] Normal request processed for: AutoClient4196
[18:12:51] Normal request processed for: AutoClient4197
[18:12:51] Normal request processed for: AutoClient4198
[18:12:51] Normal request processed for: AutoClient4199
[18:12:51] Normal request processed for: AutoClient4207
[18:12:51] Normal request processed for: AutoClient4209
[18:12:51] Normal request processed for: AutoClient4210
[18:12:51] Normal request processed for: AutoClient4203
[18:12:51] Normal request processed for: AutoClient4211
[18:12:51] Normal request processed for: AutoClient4205
[18:12:51] Normal request processed for: AutoClient4206
[18:12:51] Normal request processed for: AutoClient4201
[18:12:51] Normal request processed for: AutoClient4204
[18:12:51] Normal request processed for: AutoClient4202
[18:12:51] Normal request processed for: AutoClient4208
[18:12:54] Priority request processed for: AutoPriority
[18:12:55] Normal request processed for: AutoClient4221
[18:12:55] Normal request processed for: AutoClient4216
[18:12:55] Normal request processed for: AutoClient4219
[18:12:55] Normal request processed for: AutoClient4217
[18:12:55] Normal request processed for: AutoClient4214
[18:12:55] Normal request processed for: AutoClient4215
[18:12:55] Normal request processed for: AutoClient4218
[18:12:55] Normal request processed for: AutoClient4213
[18:12:55] Normal request processed for: AutoClient4220
[18:12:55] Normal request processed for: AutoClient4212
[18:12:55] Normal request processed for: AutoClient4222
[18:12:55] Normal request processed for: AutoClient4225
[18:12:55] Normal request processed for: AutoClient4223
[18:12:55] Normal request processed for: AutoClient4224
[18:12:55] Normal request processed for: AutoClient4233
[18:12:55] Normal request processed for: AutoClient4228
[18:12:55] Normal request processed for: AutoClient4226
[18:12:55] Normal request processed for: AutoClient4230
[18:12:55] Normal request processed for: AutoClient4232
[18:12:55] Normal request processed for: AutoClient4227
[18:12:55] Normal request processed for: AutoClient4229
[18:12:55] Normal request processed for: AutoClient4231
[18:12:55] Normal request processed for: AutoClient4234
[18:12:55] Normal request processed for: AutoClient4241
[18:12:55] Normal request processed for: AutoClient4242
[18:12:55] Normal request processed for: AutoClient4243
[18:12:55] Normal request processed for: AutoClient4236
[18:12:55] Normal request processed for: AutoClient4238
[18:12:55] Normal request processed for: AutoClient4239
[18:12:55] Normal request processed for: AutoClient4237
[18:12:55] Normal request processed for: AutoClient4240
[18:12:55] Normal request processed for: AutoClient4244
[18:12:55] Normal request processed for: AutoClient4235
[18:12:55] Normal request processed for: AutoClient4245
[18:12:55] Normal request processed for: AutoClient4247
[18:12:55] Normal request processed for: AutoClient4251
[18:12:55] Normal request processed for: AutoClient4249
[18:12:55] Normal request processed for: AutoClient4246
[18:12:55] Normal request processed for: AutoClient4253
[18:12:55] Normal request processed for: AutoClient4254
[18:12:55] Normal request processed for: AutoClient4250
[18:12:55] Normal request processed for: AutoClient4255
[18:12:55] Normal request processed for: AutoClient4248
[18:12:55] Normal request processed for: AutoClient4252
[18:12:56] Normal request processed for: AutoClient4258
[18:12:56] Normal request processed for: AutoClient4256
[18:12:56] Normal request processed for: AutoClient4257
[18:12:56] Normal request processed for: AutoClient4259
[18:12:56] Normal request processed for: AutoClient4260
[18:12:56] Normal request processed for: AutoClient4261
[18:12:56] Normal request processed for: AutoClient4264
[18:12:56] Normal request processed for: AutoClient4265
[18:12:56] Normal request processed for: AutoClient4262
[18:12:56] Normal request processed for: AutoClient4266
[18:12:56] Normal request processed for: AutoClient4263
[18:12:56] Normal request processed for: AutoClient4267
[18:12:56] Normal request processed for: AutoClient4271
[18:12:56] Normal request processed for: AutoClient4268
[18:12:56] Normal request processed for: AutoClient4270
[18:12:56] Normal request processed for: AutoClient4274
[18:12:56] Normal request processed for: AutoClient4269
[18:12:56] Normal request processed for: AutoClient4277
[18:12:56] Normal request processed for: AutoClient4273
[18:12:56] Normal request processed for: AutoClient4275
[18:12:56] Normal request processed for: AutoClient4272
[18:12:56] Normal request processed for: AutoClient4276
[18:12:56] Normal request processed for: AutoClient4279
[18:12:56] Normal request processed for: AutoClient4280
[18:12:56] Normal request processed for: AutoClient4278
[18:12:56] Normal request processed for: AutoClient4283
[18:12:56] Normal request processed for: AutoClient4282
[18:12:56] Normal request processed for: AutoClient4281
[18:12:56] Normal request processed for: AutoClient4286
[18:12:56] Normal request processed for: AutoClient4288
[18:12:56] Normal request processed for: AutoClient4284
[18:12:56] Normal request processed for: AutoClient4287
[18:12:56] Normal request processed for: AutoClient4285
[18:12:56] Normal request processed for: AutoClient4297
[18:12:56] Normal request processed for: AutoClient4295
[18:12:56] Normal request processed for: AutoClient4291
[18:12:56] Normal request processed for: AutoClient4296
[18:12:56] Normal request processed for: AutoClient4289
[18:12:56] Normal request processed for: AutoClient4298
[18:12:56] Normal request processed for: AutoClient4299
[18:12:56] Normal request processed for: AutoClient4290
[18:12:56] Normal request processed for: AutoClient4294
[18:12:56] Normal request processed for: AutoClient4292
[18:12:56] Normal request processed for: AutoClient4293
[18:12:57] Normal request processed for: AutoClient4304
[18:12:57] Normal request processed for: AutoClient4305
[18:12:57] Normal request processed for: AutoClient4309
[18:12:57] Normal request processed for: AutoClient4308
[18:12:57] Normal request processed for: AutoClient4301
[18:12:57] Normal request processed for: AutoClient4302
[18:12:57] Normal request processed for: AutoClient4310
[18:12:57] Normal request processed for: AutoClient4307
[18:12:57] Normal request processed for: AutoClient4306
[18:12:57] Normal request processed for: AutoClient4303
[18:12:57] Normal request processed for: AutoClient4311
[18:12:57] Normal request processed for: AutoClient4315
[18:12:57] Normal request processed for: AutoClient4316
[18:12:57] Normal request processed for: AutoClient4312
[18:12:57] Normal request processed for: AutoClient4318
[18:12:57] Normal request processed for: AutoClient4317
[18:12:57] Normal request processed for: AutoClient4320
[18:12:57] Normal request processed for: AutoClient4314
[18:12:57] Normal request processed for: AutoClient4313
[18:12:57] Normal request processed for: AutoClient4319
[18:12:57] Normal request processed for: AutoClient4321
[18:12:57] Normal request processed for: AutoClient4330
[18:12:57] Normal request processed for: AutoClient4329
[18:12:57] Normal request processed for: AutoClient4323
[18:12:57] Normal request processed for: AutoClient4324
[18:12:57] Normal request processed for: AutoClient4327
[18:12:57] Normal request processed for: AutoClient4331
[18:12:57] Normal request processed for: AutoClient4325
[18:12:57] Normal request processed for: AutoClient4326
[18:12:57] Normal request processed for: AutoClient4328
[18:12:57] Normal request processed for: AutoClient4322
[18:13:00] Priority request processed for: AutoPriority
[18:13:01] Normal request processed for: AutoClient4339
[18:13:01] Normal request processed for: AutoClient4333
[18:13:01] Normal request processed for: AutoClient4335
[18:13:01] Normal request processed for: AutoClient4340
[18:13:01] Normal request processed for: AutoClient4337
[18:13:01] Normal request processed for: AutoClient4338
[18:13:01] Normal request processed for: AutoClient4334
[18:13:01] Normal request processed for: AutoClient4336
[18:13:01] Normal request processed for: AutoClient4342
[18:13:01] Normal request processed for: AutoClient4332
[18:13:01] Normal request processed for: AutoClient4341
[18:13:01] Normal request processed for: AutoClient4349
[18:13:01] Normal request processed for: AutoClient4352
[18:13:01] Normal request processed for: AutoClient4343
[18:13:01] Normal request processed for: AutoClient4344
[18:13:01] Normal request processed for: AutoClient4348
[18:13:01] Normal request processed for: AutoClient4351
[18:13:01] Normal request processed for: AutoClient4345
[18:13:01] Normal request processed for: AutoClient4347
[18:13:01] Normal request processed for: AutoClient4346
[18:13:01] Normal request processed for: AutoClient4350
[18:13:01] Normal request processed for: AutoClient4353
[18:13:01] Normal request processed for: AutoClient4354
[18:13:01] Normal request processed for: AutoClient4361
[18:13:01] Normal request processed for: AutoClient4359
[18:13:01] Normal request processed for: AutoClient4362
[18:13:01] Normal request processed for: AutoClient4355
[18:13:01] Normal request processed for: AutoClient4364
[18:13:01] Normal request processed for: AutoClient4356
[18:13:01] Normal request processed for: AutoClient4357
[18:13:01] Normal request processed for: AutoClient4363
[18:13:01] Normal request processed for: AutoClient4358
[18:13:01] Normal request processed for: AutoClient4360
[18:13:01] Normal request processed for: AutoClient4365
[18:13:01] Normal request processed for: AutoClient4366
[18:13:01] Normal request processed for: AutoClient4368
[18:13:01] Normal request processed for: AutoClient4370
[18:13:01] Normal request processed for: AutoClient4372
[18:13:01] Normal request processed for: AutoClient4375
[18:13:01] Normal request processed for: AutoClient4371
[18:13:01] Normal request processed for: AutoClient4367
[18:13:01] Normal request processed for: AutoClient4369
[18:13:01] Normal request processed for: AutoClient4373
[18:13:01] Normal request processed for: AutoClient4374
[18:13:02] Normal request processed for: AutoClient4381
[18:13:02] Normal request processed for: AutoClient4377
[18:13:02] Normal request processed for: AutoClient4384
[18:13:02] Normal request processed for: AutoClient4383
[18:13:02] Normal request processed for: AutoClient4378
[18:13:02] Normal request processed for: AutoClient4376
[18:13:02] Normal request processed for: AutoClient4382
[18:13:02] Normal request processed for: AutoClient4386
[18:13:02] Normal request processed for: AutoClient4379
[18:13:02] Normal request processed for: AutoClient4380
[18:13:02] Normal request processed for: AutoClient4385
[18:13:02] Normal request processed for: AutoClient4390
[18:13:02] Normal request processed for: AutoClient4387
[18:13:02] Normal request processed for: AutoClient4389
[18:13:02] Normal request processed for: AutoClient4388
[18:13:02] Normal request processed for: AutoClient4391
[18:13:02] Normal request processed for: AutoClient4392
[18:13:02] Normal request processed for: AutoClient4397
[18:13:02] Normal request processed for: AutoClient4395
[18:13:02] Normal request processed for: AutoClient4394
[18:13:02] Normal request processed for: AutoClient4396
[18:13:02] Normal request processed for: AutoClient4393
[18:13:02] Normal request processed for: AutoClient4398
[18:13:02] Normal request processed for: AutoClient4399
[18:13:02] Normal request processed for: AutoClient4401
[18:13:02] Normal request processed for: AutoClient4402
[18:13:02] Normal request processed for: AutoClient4404
[18:13:02] Normal request processed for: AutoClient4405
[18:13:02] Normal request processed for: AutoClient4403
[18:13:02] Normal request processed for: AutoClient4406
[18:13:02] Normal request processed for: AutoClient4408
[18:13:02] Normal request processed for: AutoClient4407
[18:13:02] Normal request processed for: AutoClient4409
[18:13:02] Normal request processed for: AutoClient4410
[18:13:02] Normal request processed for: AutoClient4411
[18:13:02] Normal request processed for: AutoClient4412
[18:13:02] Normal request processed for: AutoClient4413
[18:13:02] Normal request processed for: AutoClient4415
[18:13:02] Normal request processed for: AutoClient4414
[18:13:02] Normal request processed for: AutoClient4416
[18:13:02] Normal request processed for: AutoClient4417
[18:13:02] Normal request processed for: AutoClient4420
[18:13:02] Normal request processed for: AutoClient4418
[18:13:02] Normal request processed for: AutoClient4419
[18:13:03] Normal request processed for: AutoClient4422
[18:13:03] Normal request processed for: AutoClient4421
[18:13:03] Normal request processed for: AutoClient4427
[18:13:03] Normal request processed for: AutoClient4423
[18:13:03] Normal request processed for: AutoClient4424
[18:13:03] Normal request processed for: AutoClient4425
[18:13:03] Normal request processed for: AutoClient4426
[18:13:03] Normal request processed for: AutoClient4428
[18:13:03] Normal request processed for: AutoClient4429
[18:13:03] Normal request processed for: AutoClient4432
[18:13:03] Normal request processed for: AutoClient4430
[18:13:03] Normal request processed for: AutoClient4431
[18:13:03] Normal request processed for: AutoClient4433
[18:13:03] Normal request processed for: AutoClient4436
[18:13:03] Normal request processed for: AutoClient4434
[18:13:03] Normal request processed for: AutoClient4435
[18:13:03] Normal request processed for: AutoClient4437
[18:13:03] Normal request processed for: AutoClient4438
[18:13:03] Normal request processed for: AutoClient4439
[18:13:03] Normal request processed for: AutoClient4440
[18:13:03] Normal request processed for: AutoClient4444
[18:13:03] Normal request processed for: AutoClient4445
[18:13:03] Normal request processed for: AutoClient4448
[18:13:03] Normal request processed for: AutoClient4443
[18:13:03] Normal request processed for: AutoClient4446
[18:13:03] Normal request processed for: AutoClient4450
[18:13:03] Normal request processed for: AutoClient4442
[18:13:03] Normal request processed for: AutoClient4441
[18:13:03] Normal request processed for: AutoClient4449
[18:13:03] Normal request processed for: AutoClient4451
[18:13:03] Normal request processed for: AutoClient4447
[18:13:06] Priority request processed for: AutoPriority
[18:13:06] Normal request processed for: AutoClient4461
[18:13:06] Normal request processed for: AutoClient4460
[18:13:06] Normal request processed for: AutoClient4453
[18:13:06] Normal request processed for: AutoClient4454
[18:13:06] Normal request processed for: AutoClient4452
[18:13:06] Normal request processed for: AutoClient4456
[18:13:06] Normal request processed for: AutoClient4457
[18:13:06] Normal request processed for: AutoClient4455
[18:13:06] Normal request processed for: AutoClient4458
[18:13:06] Normal request processed for: AutoClient4459
[18:13:06] Normal request processed for: AutoClient4462
[18:13:07] Normal request processed for: AutoClient4463
[18:13:07] Normal request processed for: AutoClient4473
[18:13:07] Normal request processed for: AutoClient4467
[18:13:07] Normal request processed for: AutoClient4471
[18:13:07] Normal request processed for: AutoClient4468
[18:13:07] Normal request processed for: AutoClient4466
[18:13:07] Normal request processed for: AutoClient4465
[18:13:07] Normal request processed for: AutoClient4469
[18:13:07] Normal request processed for: AutoClient4464
[18:13:07] Normal request processed for: AutoClient4470
[18:13:07] Normal request processed for: AutoClient4472
[18:13:07] Normal request processed for: AutoClient4474
[18:13:07] Normal request processed for: AutoClient4479
[18:13:07] Normal request processed for: AutoClient4475
[18:13:07] Normal request processed for: AutoClient4476
[18:13:07] Normal request processed for: AutoClient4477
[18:13:07] Normal request processed for: AutoClient4478
[18:13:07] Normal request processed for: AutoClient4480
[18:13:07] Normal request processed for: AutoClient4482
[18:13:07] Normal request processed for: AutoClient4481
[18:13:07] Normal request processed for: AutoClient4484
[18:13:07] Normal request processed for: AutoClient4483
[18:13:07] Normal request processed for: AutoClient4486
[18:13:07] Normal request processed for: AutoClient4485
[18:13:07] Normal request processed for: AutoClient4490
[18:13:07] Normal request processed for: AutoClient4492
[18:13:07] Normal request processed for: AutoClient4493
[18:13:07] Normal request processed for: AutoClient4488
[18:13:07] Normal request processed for: AutoClient4489
[18:13:07] Normal request processed for: AutoClient4494
[18:13:07] Normal request processed for: AutoClient4491
[18:13:07] Normal request processed for: AutoClient4495
[18:13:07] Normal request processed for: AutoClient4487
[18:13:07] Normal request processed for: AutoClient4497
[18:13:07] Normal request processed for: AutoClient4501
[18:13:07] Normal request processed for: AutoClient4498
[18:13:07] Normal request processed for: AutoClient4499
[18:13:07] Normal request processed for: AutoClient4496
[18:13:07] Normal request processed for: AutoClient4502
[18:13:07] Normal request processed for: AutoClient4503
[18:13:07] Normal request processed for: AutoClient4505
[18:13:07] Normal request processed for: AutoClient4504
[18:13:07] Normal request processed for: AutoClient4507
[18:13:07] Normal request processed for: AutoClient4506
[18:13:08] Normal request processed for: AutoClient4508
[18:13:08] Normal request processed for: AutoClient4509
[18:13:08] Normal request processed for: AutoClient4510
[18:13:08] Normal request processed for: AutoClient4511
[18:13:08] Normal request processed for: AutoClient4513
[18:13:08] Normal request processed for: AutoClient4514
[18:13:08] Normal request processed for: AutoClient4512
[18:13:08] Normal request processed for: AutoClient4517
[18:13:08] Normal request processed for: AutoClient4515
[18:13:08] Normal request processed for: AutoClient4518
[18:13:08] Normal request processed for: AutoClient4516
[18:13:08] Normal request processed for: AutoClient4520
[18:13:08] Normal request processed for: AutoClient4519
[18:13:08] Normal request processed for: AutoClient4521
[18:13:08] Normal request processed for: AutoClient4523
[18:13:08] Normal request processed for: AutoClient4522
[18:13:08] Normal request processed for: AutoClient4524
[18:13:08] Normal request processed for: AutoClient4526
[18:13:08] Normal request processed for: AutoClient4525
[18:13:08] Normal request processed for: AutoClient4528
[18:13:08] Normal request processed for: AutoClient4527
[18:13:08] Normal request processed for: AutoClient4529
[18:13:08] Normal request processed for: AutoClient4530
[18:13:08] Normal request processed for: AutoClient4533
[18:13:08] Normal request processed for: AutoClient4535
[18:13:08] Normal request processed for: AutoClient4531
[18:13:08] Normal request processed for: AutoClient4539
[18:13:08] Normal request processed for: AutoClient4532
[18:13:08] Normal request processed for: AutoClient4534
[18:13:08] Normal request processed for: AutoClient4538
[18:13:08] Normal request processed for: AutoClient4536
[18:13:08] Normal request processed for: AutoClient4537
[18:13:08] Normal request processed for: AutoClient4540
[18:13:08] Normal request processed for: AutoClient4541
[18:13:08] Normal request processed for: AutoClient4549
[18:13:08] Normal request processed for: AutoClient4544
[18:13:08] Normal request processed for: AutoClient4543
[18:13:08] Normal request processed for: AutoClient4546
[18:13:08] Normal request processed for: AutoClient4542
[18:13:08] Normal request processed for: AutoClient4548
[18:13:08] Normal request processed for: AutoClient4547
[18:13:08] Normal request processed for: AutoClient4545
[18:13:08] Normal request processed for: AutoClient4550
[18:13:08] Normal request processed for: AutoClient4551
[18:13:09] Normal request processed for: AutoClient4552
[18:13:09] Normal request processed for: AutoClient4553
[18:13:09] Normal request processed for: AutoClient4554
[18:13:09] Normal request processed for: AutoClient4560
[18:13:09] Normal request processed for: AutoClient4555
[18:13:09] Normal request processed for: AutoClient4557
[18:13:09] Normal request processed for: AutoClient4556
[18:13:09] Normal request processed for: AutoClient4558
[18:13:09] Normal request processed for: AutoClient4559
[18:13:09] Normal request processed for: AutoClient4562
[18:13:09] Normal request processed for: AutoClient4568
[18:13:09] Normal request processed for: AutoClient4564
[18:13:09] Normal request processed for: AutoClient4578
[18:13:09] Normal request processed for: AutoClient4561
[18:13:09] Normal request processed for: AutoClient4567
[18:13:09] Normal request processed for: AutoClient4566
[18:13:09] Normal request processed for: AutoClient4565
[18:13:09] Normal request processed for: AutoClient4571
[18:13:09] Normal request processed for: AutoClient4569
[18:13:09] Normal request processed for: AutoClient4563
[18:13:12] Priority request processed for: AutoPriority
[18:13:12] Normal request processed for: AutoClient4570
[18:13:12] Normal request processed for: AutoClient4574
[18:13:12] Normal request processed for: AutoClient4575
[18:13:12] Normal request processed for: AutoClient4584
[18:13:12] Normal request processed for: AutoClient4577
[18:13:12] Normal request processed for: AutoClient4586
[18:13:12] Normal request processed for: AutoClient4576
[18:13:12] Normal request processed for: AutoClient4573
[18:13:12] Normal request processed for: AutoClient4572
[18:13:12] Normal request processed for: AutoClient4581
[18:13:12] Normal request processed for: AutoClient4580
[18:13:12] Normal request processed for: AutoClient4587
[18:13:12] Normal request processed for: AutoClient4585
[18:13:12] Normal request processed for: AutoClient4593
[18:13:12] Normal request processed for: AutoClient4589
[18:13:12] Normal request processed for: AutoClient4579
[18:13:12] Normal request processed for: AutoClient4583
[18:13:12] Normal request processed for: AutoClient4582
[18:13:12] Normal request processed for: AutoClient4590
[18:13:12] Normal request processed for: AutoClient4595
[18:13:12] Normal request processed for: AutoClient4591
[18:13:12] Normal request processed for: AutoClient4588
[18:13:13] Normal request processed for: AutoClient4598
[18:13:13] Normal request processed for: AutoClient4592
[18:13:13] Normal request processed for: AutoClient4601
[18:13:13] Normal request processed for: AutoClient4599
[18:13:13] Normal request processed for: AutoClient4597
[18:13:13] Normal request processed for: AutoClient4596
[18:13:13] Normal request processed for: AutoClient4594
[18:13:13] Normal request processed for: AutoClient4602
[18:13:13] Normal request processed for: AutoClient4606
[18:13:13] Normal request processed for: AutoClient4604
[18:13:13] Normal request processed for: AutoClient4603
[18:13:13] Normal request processed for: AutoClient4613
[18:13:13] Normal request processed for: AutoClient4607
[18:13:13] Normal request processed for: AutoClient4608
[18:13:13] Normal request processed for: AutoClient4605
[18:13:13] Normal request processed for: AutoClient4609
[18:13:13] Normal request processed for: AutoClient4611
[18:13:13] Normal request processed for: AutoClient4610
[18:13:13] Normal request processed for: AutoClient4612
[18:13:13] Normal request processed for: AutoClient4616
[18:13:13] Normal request processed for: AutoClient4615
[18:13:13] Normal request processed for: AutoClient4614
[18:13:13] Normal request processed for: AutoClient4620
[18:13:13] Normal request processed for: AutoClient4617
[18:13:13] Normal request processed for: AutoClient4622
[18:13:13] Normal request processed for: AutoClient4623
[18:13:13] Normal request processed for: AutoClient4618
[18:13:13] Normal request processed for: AutoClient4619
[18:13:13] Normal request processed for: AutoClient4624
[18:13:13] Normal request processed for: AutoClient4625
[18:13:13] Normal request processed for: AutoClient4621
[18:13:13] Normal request processed for: AutoClient4626
[18:13:13] Normal request processed for: AutoClient4627
[18:13:13] Normal request processed for: AutoClient4631
[18:13:13] Normal request processed for: AutoClient4628
[18:13:13] Normal request processed for: AutoClient4630
[18:13:13] Normal request processed for: AutoClient4632
[18:13:13] Normal request processed for: AutoClient4629
[18:13:13] Normal request processed for: AutoClient4636
[18:13:13] Normal request processed for: AutoClient4634
[18:13:13] Normal request processed for: AutoClient4633
[18:13:13] Normal request processed for: AutoClient4635
[18:13:14] Normal request processed for: AutoClient4637
[18:13:14] Normal request processed for: AutoClient4638
[18:13:14] Normal request processed for: AutoClient4639
[18:13:14] Normal request processed for: AutoClient4642
[18:13:14] Normal request processed for: AutoClient4640
[18:13:14] Normal request processed for: AutoClient4644
[18:13:14] Normal request processed for: AutoClient4641
[18:13:14] Normal request processed for: AutoClient4643
[18:13:14] Normal request processed for: AutoClient4646
[18:13:14] Normal request processed for: AutoClient4647
[18:13:14] Normal request processed for: AutoClient4645
[18:13:14] Normal request processed for: AutoClient4648
[18:13:14] Normal request processed for: AutoClient4649
[18:13:14] Normal request processed for: AutoClient4651
[18:13:14] Normal request processed for: AutoClient4650
[18:13:14] Normal request processed for: AutoClient4652
[18:13:14] Normal request processed for: AutoClient4653
[18:13:14] Normal request processed for: AutoClient4658
[18:13:14] Normal request processed for: AutoClient4654
[18:13:14] Normal request processed for: AutoClient4655
[18:13:14] Normal request processed for: AutoClient4656
[18:13:14] Normal request processed for: AutoClient4657
[18:13:14] Normal request processed for: AutoClient4659
[18:13:14] Normal request processed for: AutoClient4660
[18:13:14] Normal request processed for: AutoClient4662
[18:13:14] Normal request processed for: AutoClient4663
[18:13:14] Normal request processed for: AutoClient4661
[18:13:14] Normal request processed for: AutoClient4666
[18:13:14] Normal request processed for: AutoClient4667
[18:13:14] Normal request processed for: AutoClient4664
[18:13:14] Normal request processed for: AutoClient4669
[18:13:14] Normal request processed for: AutoClient4665
[18:13:14] Normal request processed for: AutoClient4668
[18:13:14] Normal request processed for: AutoClient4670
[18:13:14] Normal request processed for: AutoClient4671
[18:13:15] Normal request processed for: AutoClient4672
[18:13:15] Normal request processed for: AutoClient4674
[18:13:15] Normal request processed for: AutoClient4673
[18:13:15] Normal request processed for: AutoClient4675
[18:13:15] Normal request processed for: AutoClient4676
[18:13:15] Normal request processed for: AutoClient4677
[18:13:15] Normal request processed for: AutoClient4678
[18:13:15] Normal request processed for: AutoClient4679
[18:13:15] Normal request processed for: AutoClient4680
[18:13:15] Normal request processed for: AutoClient4684
[18:13:15] Normal request processed for: AutoClient4683
[18:13:15] Normal request processed for: AutoClient4685
[18:13:15] Normal request processed for: AutoClient4690
[18:13:15] Normal request processed for: AutoClient4687
[18:13:15] Normal request processed for: AutoClient4686
[18:13:15] Normal request processed for: AutoClient4681
[18:13:15] Normal request processed for: AutoClient4688
[18:13:15] Normal request processed for: AutoClient4682
[18:13:15] Normal request processed for: AutoClient4691
[18:13:15] Normal request processed for: AutoClient4689
[18:13:18] Priority request processed for: AutoPriority
[18:13:18] Normal request processed for: AutoClient4702
[18:13:18] Normal request processed for: AutoClient4692
[18:13:18] Normal request processed for: AutoClient4696
[18:13:18] Normal request processed for: AutoClient4703
[18:13:18] Normal request processed for: AutoClient4697
[18:13:18] Normal request processed for: AutoClient4695
[18:13:18] Normal request processed for: AutoClient4698
[18:13:18] Normal request processed for: AutoClient4699
[18:13:18] Normal request processed for: AutoClient4693
[18:13:18] Normal request processed for: AutoClient4694
[18:13:18] Normal request processed for: AutoClient4701
[18:13:21] Priority request processed for: AutoPriority
[18:13:21] Normal request processed for: AutoClient4712
[18:13:21] Normal request processed for: AutoClient4711
[18:13:21] Normal request processed for: AutoClient4706
[18:13:21] Normal request processed for: AutoClient4709
[18:13:21] Normal request processed for: AutoClient4710
[18:13:21] Normal request processed for: AutoClient4708
[18:13:21] Normal request processed for: AutoClient4705
[18:13:21] Normal request processed for: AutoClient4704
[18:13:21] Normal request processed for: AutoClient4714
[18:13:21] Normal request processed for: AutoClient4707
[18:13:21] Normal request processed for: AutoClient4713
[18:13:22] Normal request processed for: AutoClient4715
[18:13:22] Normal request processed for: AutoClient4717
[18:13:22] Normal request processed for: AutoClient4719
[18:13:22] Normal request processed for: AutoClient4720
[18:13:22] Normal request processed for: AutoClient4716
[18:13:22] Normal request processed for: AutoClient4718
[18:13:22] Normal request processed for: AutoClient4723
[18:13:22] Normal request processed for: AutoClient4724
[18:13:22] Normal request processed for: AutoClient4721
[18:13:22] Normal request processed for: AutoClient4722
[18:13:22] Normal request processed for: AutoClient4725
[18:13:22] Normal request processed for: AutoClient4728
[18:13:22] Normal request processed for: AutoClient4732
[18:13:22] Normal request processed for: AutoClient4733
[18:13:22] Normal request processed for: AutoClient4736
[18:13:22] Normal request processed for: AutoClient4731
[18:13:22] Normal request processed for: AutoClient4727
[18:13:22] Normal request processed for: AutoClient4726
[18:13:22] Normal request processed for: AutoClient4729
[18:13:22] Normal request processed for: AutoClient4730
[18:13:22] Normal request processed for: AutoClient4734
[18:13:22] Normal request processed for: AutoClient4735
[18:13:22] Normal request processed for: AutoClient4739
[18:13:22] Normal request processed for: AutoClient4743
[18:13:22] Normal request processed for: AutoClient4741
[18:13:22] Normal request processed for: AutoClient4737
[18:13:22] Normal request processed for: AutoClient4738
[18:13:22] Normal request processed for: AutoClient4742
[18:13:22] Normal request processed for: AutoClient4745
[18:13:22] Normal request processed for: AutoClient4744
[18:13:22] Normal request processed for: AutoClient4746
[18:13:22] Normal request processed for: AutoClient4747
[18:13:22] Normal request processed for: AutoClient4740
[18:13:22] Normal request processed for: AutoClient4748
[18:13:22] Normal request processed for: AutoClient4749
[18:13:22] Normal request processed for: AutoClient4751
[18:13:22] Normal request processed for: AutoClient4758
[18:13:22] Normal request processed for: AutoClient4752
[18:13:22] Normal request processed for: AutoClient4755
[18:13:22] Normal request processed for: AutoClient4750
[18:13:22] Normal request processed for: AutoClient4753
[18:13:22] Normal request processed for: AutoClient4756
[18:13:22] Normal request processed for: AutoClient4757
[18:13:22] Normal request processed for: AutoClient4754
[18:13:23] Normal request processed for: AutoClient4760
[18:13:23] Normal request processed for: AutoClient4763
[18:13:23] Normal request processed for: AutoClient4761
[18:13:23] Normal request processed for: AutoClient4759
[18:13:23] Normal request processed for: AutoClient4764
[18:13:23] Normal request processed for: AutoClient4771
[18:13:23] Normal request processed for: AutoClient4769
[18:13:23] Normal request processed for: AutoClient4765
[18:13:23] Normal request processed for: AutoClient4770
[18:13:23] Normal request processed for: AutoClient4768
[18:13:23] Normal request processed for: AutoClient4767
[18:13:23] Normal request processed for: AutoClient4772
[18:13:23] Normal request processed for: AutoClient4773
[18:13:23] Normal request processed for: AutoClient4776
[18:13:23] Normal request processed for: AutoClient4775
[18:13:23] Normal request processed for: AutoClient4762
[18:13:23] Normal request processed for: AutoClient4774
[18:13:23] Normal request processed for: AutoClient4777
[18:13:23] Normal request processed for: AutoClient4778
[18:13:23] Normal request processed for: AutoClient4779
[18:13:23] Normal request processed for: AutoClient4766
[18:13:23] Normal request processed for: AutoClient4780
[18:13:23] Normal request processed for: AutoClient4782
[18:13:23] Normal request processed for: AutoClient4781
[18:13:23] Normal request processed for: AutoClient4784
[18:13:23] Normal request processed for: AutoClient4785
[18:13:23] Normal request processed for: AutoClient4786
[18:13:23] Normal request processed for: AutoClient4783
[18:13:23] Normal request processed for: AutoClient4788
[18:13:23] Normal request processed for: AutoClient4789
[18:13:23] Normal request processed for: AutoClient4787
[18:13:23] Normal request processed for: AutoClient4790
[18:13:23] Normal request processed for: AutoClient4791
[18:13:23] Normal request processed for: AutoClient4792
[18:13:23] Normal request processed for: AutoClient4794
[18:13:23] Normal request processed for: AutoClient4793
[18:13:23] Normal request processed for: AutoClient4795
[18:13:23] Normal request processed for: AutoClient4796
[18:13:23] Normal request processed for: AutoClient4797
[18:13:23] Normal request processed for: AutoClient4798
[18:13:23] Normal request processed for: AutoClient4799
[18:13:24] Normal request processed for: AutoClient4802
[18:13:24] Normal request processed for: AutoClient4804
[18:13:24] Normal request processed for: AutoClient4805
[18:13:24] Normal request processed for: AutoClient4801
[18:13:24] Normal request processed for: AutoClient4806
[18:13:24] Normal request processed for: AutoClient4808
[18:13:24] Normal request processed for: AutoClient4803
[18:13:24] Normal request processed for: AutoClient4807
[18:13:24] Normal request processed for: AutoClient4809
[18:13:24] Normal request processed for: AutoClient4810
[18:13:24] Normal request processed for: AutoClient4811
[18:13:27] Priority request processed for: AutoPriority
[18:13:27] Normal request processed for: AutoClient4820
[18:13:27] Normal request processed for: AutoClient4812
[18:13:27] Normal request processed for: AutoClient4814
[18:13:27] Normal request processed for: AutoClient4819
[18:13:27] Normal request processed for: AutoClient4818
[18:13:27] Normal request processed for: AutoClient4821
[18:13:27] Normal request processed for: AutoClient4813
[18:13:27] Normal request processed for: AutoClient4816
[18:13:27] Normal request processed for: AutoClient4815
[18:13:27] Normal request processed for: AutoClient4817
[18:13:27] Normal request processed for: AutoClient4822
[18:13:27] Normal request processed for: AutoClient4825
[18:13:27] Normal request processed for: AutoClient4826
[18:13:27] Normal request processed for: AutoClient4831
[18:13:27] Normal request processed for: AutoClient4828
[18:13:27] Normal request processed for: AutoClient4823
[18:13:27] Normal request processed for: AutoClient4824
[18:13:27] Normal request processed for: AutoClient4829
[18:13:27] Normal request processed for: AutoClient4833
[18:13:27] Normal request processed for: AutoClient4827
[18:13:27] Normal request processed for: AutoClient4830
[18:13:27] Normal request processed for: AutoClient4832
[18:13:27] Normal request processed for: AutoClient4837
[18:13:27] Normal request processed for: AutoClient4836
[18:13:27] Normal request processed for: AutoClient4843
[18:13:27] Normal request processed for: AutoClient4834
[18:13:27] Normal request processed for: AutoClient4839
[18:13:27] Normal request processed for: AutoClient4838
[18:13:27] Normal request processed for: AutoClient4835
[18:13:27] Normal request processed for: AutoClient4840
[18:13:27] Normal request processed for: AutoClient4844
[18:13:27] Normal request processed for: AutoClient4841
[18:13:27] Normal request processed for: AutoClient4842
[18:13:28] Normal request processed for: AutoClient4845
[18:13:28] Normal request processed for: AutoClient4846
[18:13:28] Normal request processed for: AutoClient4855
[18:13:28] Normal request processed for: AutoClient4849
[18:13:28] Normal request processed for: AutoClient4847
[18:13:28] Normal request processed for: AutoClient4854
[18:13:28] Normal request processed for: AutoClient4853
[18:13:28] Normal request processed for: AutoClient4848
[18:13:28] Normal request processed for: AutoClient4852
[18:13:28] Normal request processed for: AutoClient4850
[18:13:28] Normal request processed for: AutoClient4851
[18:13:28] Normal request processed for: AutoClient4856
[18:13:28] Normal request processed for: AutoClient4859
[18:13:28] Normal request processed for: AutoClient4857
[18:13:28] Normal request processed for: AutoClient4861
[18:13:28] Normal request processed for: AutoClient4858
[18:13:28] Normal request processed for: AutoClient4862
[18:13:28] Normal request processed for: AutoClient4863
[18:13:28] Normal request processed for: AutoClient4866
[18:13:28] Normal request processed for: AutoClient4860
[18:13:28] Normal request processed for: AutoClient4865
[18:13:28] Normal request processed for: AutoClient4864
[18:13:28] Normal request processed for: AutoClient4867
[18:13:28] Normal request processed for: AutoClient4869
[18:13:28] Normal request processed for: AutoClient4868
[18:13:28] Normal request processed for: AutoClient4874
[18:13:28] Normal request processed for: AutoClient4871
[18:13:28] Normal request processed for: AutoClient4872
[18:13:28] Normal request processed for: AutoClient4870
[18:13:28] Normal request processed for: AutoClient4877
[18:13:28] Normal request processed for: AutoClient4873
[18:13:28] Normal request processed for: AutoClient4875
[18:13:28] Normal request processed for: AutoClient4876
[18:13:28] Normal request processed for: AutoClient4878
[18:13:28] Normal request processed for: AutoClient4879
[18:13:28] Normal request processed for: AutoClient4880
[18:13:28] Normal request processed for: AutoClient4881
[18:13:28] Normal request processed for: AutoClient4884
[18:13:28] Normal request processed for: AutoClient4883
[18:13:28] Normal request processed for: AutoClient4882
[18:13:28] Normal request processed for: AutoClient4886
[18:13:28] Normal request processed for: AutoClient4885
[18:13:28] Normal request processed for: AutoClient4888
[18:13:28] Normal request processed for: AutoClient4887
[18:13:29] Normal request processed for: AutoClient4889
[18:13:29] Normal request processed for: AutoClient4890
[18:13:29] Normal request processed for: AutoClient4897
[18:13:29] Normal request processed for: AutoClient4898
[18:13:29] Normal request processed for: AutoClient4891
[18:13:29] Normal request processed for: AutoClient4892
[18:13:29] Normal request processed for: AutoClient4894
[18:13:29] Normal request processed for: AutoClient4896
[18:13:29] Normal request processed for: AutoClient4893
[18:13:29] Normal request processed for: AutoClient4895
[18:13:29] Normal request processed for: AutoClient4899
[18:13:29] Normal request processed for: AutoClient4901
[18:13:29] Normal request processed for: AutoClient4902
[18:13:29] Normal request processed for: AutoClient4906
[18:13:29] Normal request processed for: AutoClient4904
[18:13:29] Normal request processed for: AutoClient4909
[18:13:29] Normal request processed for: AutoClient4910
[18:13:29] Normal request processed for: AutoClient4903
[18:13:29] Normal request processed for: AutoClient4905
[18:13:29] Normal request processed for: AutoClient4907
[18:13:29] Normal request processed for: AutoClient4908
[18:13:29] Normal request processed for: AutoClient4911
[18:13:29] Normal request processed for: AutoClient4912
[18:13:29] Normal request processed for: AutoClient4914
[18:13:29] Normal request processed for: AutoClient4913
[18:13:29] Normal request processed for: AutoClient4917
[18:13:29] Normal request processed for: AutoClient4919
[18:13:29] Normal request processed for: AutoClient4915
[18:13:29] Normal request processed for: AutoClient4918
[18:13:29] Normal request processed for: AutoClient4916
[18:13:29] Normal request processed for: AutoClient4920
[18:13:29] Normal request processed for: AutoClient4948
[18:13:29] Normal request processed for: AutoClient4943
[18:13:29] Normal request processed for: AutoClient4925
[18:13:29] Normal request processed for: AutoClient4921
[18:13:29] Normal request processed for: AutoClient4923
[18:13:29] Normal request processed for: AutoClient4947
[18:13:29] Normal request processed for: AutoClient4944
[18:13:29] Normal request processed for: AutoClient4924
[18:13:29] Normal request processed for: AutoClient4922
[18:13:30] Normal request processed for: AutoClient4926
[18:13:30] Normal request processed for: AutoClient4946
[18:13:33] Priority request processed for: AutoPriority
[18:13:33] Normal request processed for: AutoClient4930
[18:13:33] Normal request processed for: AutoClient4927
[18:13:33] Normal request processed for: AutoClient4929
[18:13:33] Normal request processed for: AutoClient4928
[18:13:33] Normal request processed for: AutoClient4935
[18:13:33] Normal request processed for: AutoClient4932
[18:13:33] Normal request processed for: AutoClient4937
[18:13:33] Normal request processed for: AutoClient4934
[18:13:33] Normal request processed for: AutoClient4931
[18:13:33] Normal request processed for: AutoClient4936
[18:13:33] Normal request processed for: AutoClient4933
[18:13:33] Normal request processed for: AutoClient4949
[18:13:33] Normal request processed for: AutoClient4938
[18:13:33] Normal request processed for: AutoClient4939
[18:13:33] Normal request processed for: AutoClient4940
[18:13:33] Normal request processed for: AutoClient4950
[18:13:33] Normal request processed for: AutoClient4941
[18:13:33] Normal request processed for: AutoClient4942
[18:13:33] Normal request processed for: AutoClient4951
[18:13:33] Normal request processed for: AutoClient4952
[18:13:33] Normal request processed for: AutoClient4945
[18:13:33] Normal request processed for: AutoClient4953
[18:13:33] Normal request processed for: AutoClient4954
[18:13:33] Normal request processed for: AutoClient4958
[18:13:33] Normal request processed for: AutoClient4960
[18:13:33] Normal request processed for: AutoClient4956
[18:13:33] Normal request processed for: AutoClient4955
[18:13:33] Normal request processed for: AutoClient4964
[18:13:33] Normal request processed for: AutoClient4961
[18:13:33] Normal request processed for: AutoClient4957
[18:13:33] Normal request processed for: AutoClient4959
[18:13:33] Normal request processed for: AutoClient4963
[18:13:33] Normal request processed for: AutoClient4962
[18:13:34] Normal request processed for: AutoClient4967
[18:13:34] Normal request processed for: AutoClient4969
[18:13:34] Normal request processed for: AutoClient4965
[18:13:34] Normal request processed for: AutoClient4968
[18:13:34] Normal request processed for: AutoClient4970
[18:13:34] Normal request processed for: AutoClient4966
[18:13:34] Normal request processed for: AutoClient4972
[18:13:34] Normal request processed for: AutoClient4971
[18:13:34] Normal request processed for: AutoClient4974
[18:13:34] Normal request processed for: AutoClient4975
[18:13:34] Normal request processed for: AutoClient4973
[18:13:34] Normal request processed for: AutoClient4976
[18:13:34] Normal request processed for: AutoClient4977
[18:13:34] Normal request processed for: AutoClient4978
[18:13:34] Normal request processed for: AutoClient4981
[18:13:34] Normal request processed for: AutoClient4983
[18:13:34] Normal request processed for: AutoClient4982
[18:13:34] Normal request processed for: AutoClient4980
[18:13:34] Normal request processed for: AutoClient4985
[18:13:34] Normal request processed for: AutoClient4979
[18:13:34] Normal request processed for: AutoClient4984
[18:13:34] Normal request processed for: AutoClient4986
[18:13:34] Normal request processed for: AutoClient4988
[18:13:34] Normal request processed for: AutoClient4987
[18:13:34] Normal request processed for: AutoClient4995
[18:13:34] Normal request processed for: AutoClient4989
[18:13:34] Normal request processed for: AutoClient4994
[18:13:34] Normal request processed for: AutoClient4990
[18:13:34] Normal request processed for: AutoClient4992
[18:13:34] Normal request processed for: AutoClient4991
[18:13:34] Normal request processed for: AutoClient4993
[18:13:34] Normal request processed for: AutoClient4996
[18:13:34] Normal request processed for: AutoClient4997
[18:13:34] Normal request processed for: AutoClient5002
[18:13:34] Normal request processed for: AutoClient5001
[18:13:34] Normal request processed for: AutoClient4998
[18:13:34] Normal request processed for: AutoClient5007
[18:13:34] Normal request processed for: AutoClient5003
[18:13:34] Normal request processed for: AutoClient4999
[18:13:34] Normal request processed for: AutoClient5006
[18:13:34] Normal request processed for: AutoClient5004
[18:13:34] Normal request processed for: AutoClient5005
[18:13:34] Normal request processed for: AutoClient5008
[18:13:34] Normal request processed for: AutoClient5009
[18:13:35] Normal request processed for: AutoClient5010
[18:13:35] Normal request processed for: AutoClient5013
[18:13:35] Normal request processed for: AutoClient5011
[18:13:35] Normal request processed for: AutoClient5017
[18:13:35] Normal request processed for: AutoClient5012
[18:13:35] Normal request processed for: AutoClient5014
[18:13:35] Normal request processed for: AutoClient5016
[18:13:35] Normal request processed for: AutoClient5015
[18:13:35] Normal request processed for: AutoClient5018
[18:13:35] Normal request processed for: AutoClient5019
[18:13:35] Normal request processed for: AutoClient5020
[18:13:35] Normal request processed for: AutoClient5021
[18:13:35] Normal request processed for: AutoClient5025
[18:13:35] Normal request processed for: AutoClient5022
[18:13:35] Normal request processed for: AutoClient5024
[18:13:35] Normal request processed for: AutoClient5029
[18:13:35] Normal request processed for: AutoClient5023
[18:13:35] Normal request processed for: AutoClient5028
[18:13:35] Normal request processed for: AutoClient5026
[18:13:35] Normal request processed for: AutoClient5027
[18:13:35] Normal request processed for: AutoClient5030
[18:13:35] Normal request processed for: AutoClient5031
[18:13:35] Normal request processed for: AutoClient5035
[18:13:35] Normal request processed for: AutoClient5033
[18:13:35] Normal request processed for: AutoClient5032
[18:13:35] Normal request processed for: AutoClient5034
[18:13:35] Normal request processed for: AutoClient5040
[18:13:35] Normal request processed for: AutoClient5036
[18:13:35] Normal request processed for: AutoClient5038
[18:13:35] Normal request processed for: AutoClient5039
[18:13:35] Normal request processed for: AutoClient5037
[18:13:35] Normal request processed for: AutoClient5041
[18:13:35] Normal request processed for: AutoClient5043
[18:13:35] Normal request processed for: AutoClient5045
[18:13:35] Normal request processed for: AutoClient5046
[18:13:35] Normal request processed for: AutoClient5042
[18:13:35] Normal request processed for: AutoClient5044
[18:13:35] Normal request processed for: AutoClient5047
[18:13:35] Normal request processed for: AutoClient5049
[18:13:35] Normal request processed for: AutoClient5050
[18:13:35] Normal request processed for: AutoClient5048
[18:13:35] Normal request processed for: AutoClient5051
[18:13:38] Priority request processed for: AutoPriority
[18:13:39] Normal request processed for: AutoClient5058
[18:13:39] Normal request processed for: AutoClient5061
[18:13:39] Normal request processed for: AutoClient5054
[18:13:39] Normal request processed for: AutoClient5057
[18:13:39] Normal request processed for: AutoClient5055
[18:13:39] Normal request processed for: AutoClient5052
[18:13:39] Normal request processed for: AutoClient5060
[18:13:39] Normal request processed for: AutoClient5053
[18:13:39] Normal request processed for: AutoClient5056
[18:13:39] Normal request processed for: AutoClient5059
[18:13:39] Normal request processed for: AutoClient5062
[18:13:39] Normal request processed for: AutoClient5063
[18:13:39] Normal request processed for: AutoClient5067
[18:13:39] Normal request processed for: AutoClient5066
[18:13:39] Normal request processed for: AutoClient5073
[18:13:39] Normal request processed for: AutoClient5068
[18:13:39] Normal request processed for: AutoClient5069
[18:13:39] Normal request processed for: AutoClient5064
[18:13:39] Normal request processed for: AutoClient5071
[18:13:39] Normal request processed for: AutoClient5070
[18:13:39] Normal request processed for: AutoClient5065
[18:13:39] Normal request processed for: AutoClient5072
[18:13:39] Normal request processed for: AutoClient5074
[18:13:39] Normal request processed for: AutoClient5075
[18:13:39] Normal request processed for: AutoClient5080
[18:13:39] Normal request processed for: AutoClient5077
[18:13:39] Normal request processed for: AutoClient5083
[18:13:39] Normal request processed for: AutoClient5076
[18:13:39] Normal request processed for: AutoClient5084
[18:13:39] Normal request processed for: AutoClient5078
[18:13:39] Normal request processed for: AutoClient5082
[18:13:39] Normal request processed for: AutoClient5079
[18:13:39] Normal request processed for: AutoClient5081
[18:13:39] Normal request processed for: AutoClient5085
[18:13:39] Normal request processed for: AutoClient5086
[18:13:39] Normal request processed for: AutoClient5088
[18:13:39] Normal request processed for: AutoClient5087
[18:13:39] Normal request processed for: AutoClient5093
[18:13:39] Normal request processed for: AutoClient5095
[18:13:39] Normal request processed for: AutoClient5090
[18:13:39] Normal request processed for: AutoClient5091
[18:13:39] Normal request processed for: AutoClient5089
[18:13:39] Normal request processed for: AutoClient5094
[18:13:39] Normal request processed for: AutoClient5092
[18:13:40] Normal request processed for: AutoClient5096
[18:13:40] Normal request processed for: AutoClient5097
[18:13:40] Normal request processed for: AutoClient5104
[18:13:40] Normal request processed for: AutoClient5103
[18:13:40] Normal request processed for: AutoClient5099
[18:13:40] Normal request processed for: AutoClient5098
[18:13:40] Normal request processed for: AutoClient5102
[18:13:40] Normal request processed for: AutoClient5106
[18:13:40] Normal request processed for: AutoClient5101
[18:13:40] Normal request processed for: AutoClient5107
[18:13:40] Normal request processed for: AutoClient5105
[18:13:40] Normal request processed for: AutoClient5110
[18:13:40] Normal request processed for: AutoClient5113
[18:13:40] Normal request processed for: AutoClient5108
[18:13:40] Normal request processed for: AutoClient5109
[18:13:40] Normal request processed for: AutoClient5111
[18:13:40] Normal request processed for: AutoClient5112
[18:13:40] Normal request processed for: AutoClient5115
[18:13:40] Normal request processed for: AutoClient5114
[18:13:40] Normal request processed for: AutoClient5118
[18:13:40] Normal request processed for: AutoClient5117
[18:13:40] Normal request processed for: AutoClient5116
[18:13:40] Normal request processed for: AutoClient5119
[18:13:40] Normal request processed for: AutoClient5120
[18:13:40] Normal request processed for: AutoClient5122
[18:13:40] Normal request processed for: AutoClient5121
[18:13:40] Normal request processed for: AutoClient5123
[18:13:40] Normal request processed for: AutoClient5124
[18:13:40] Normal request processed for: AutoClient5128
[18:13:40] Normal request processed for: AutoClient5127
[18:13:40] Normal request processed for: AutoClient5125
[18:13:40] Normal request processed for: AutoClient5126
[18:13:40] Normal request processed for: AutoClient5129
[18:13:40] Normal request processed for: AutoClient5130
[18:13:40] Normal request processed for: AutoClient5131
[18:13:40] Normal request processed for: AutoClient5132
[18:13:40] Normal request processed for: AutoClient5134
[18:13:40] Normal request processed for: AutoClient5133
[18:13:40] Normal request processed for: AutoClient5138
[18:13:40] Normal request processed for: AutoClient5137
[18:13:40] Normal request processed for: AutoClient5136
[18:13:40] Normal request processed for: AutoClient5140
[18:13:40] Normal request processed for: AutoClient5135
[18:13:40] Normal request processed for: AutoClient5139
[18:13:41] Normal request processed for: AutoClient5143
[18:13:41] Normal request processed for: AutoClient5141
[18:13:41] Normal request processed for: AutoClient5142
[18:13:41] Normal request processed for: AutoClient5144
[18:13:41] Normal request processed for: AutoClient5145
[18:13:41] Normal request processed for: AutoClient5146
[18:13:41] Normal request processed for: AutoClient5147
[18:13:41] Normal request processed for: AutoClient5148
[18:13:41] Normal request processed for: AutoClient5149
[18:13:41] Normal request processed for: AutoClient5150
[18:13:41] Normal request processed for: AutoClient5151
[18:13:41] Normal request processed for: AutoClient5152
[18:13:41] Normal request processed for: AutoClient5153
[18:13:41] Normal request processed for: AutoClient5154
[18:13:41] Normal request processed for: AutoClient5156
[18:13:41] Normal request processed for: AutoClient5155
[18:13:41] Normal request processed for: AutoClient5157
[18:13:41] Normal request processed for: AutoClient5158
[18:13:41] Normal request processed for: AutoClient5159
[18:13:41] Normal request processed for: AutoClient5160
[18:13:41] Normal request processed for: AutoClient5161
[18:13:41] Normal request processed for: AutoClient5162
[18:13:41] Normal request processed for: AutoClient5163
[18:13:41] Normal request processed for: AutoClient5164
[18:13:41] Normal request processed for: AutoClient5166
[18:13:41] Normal request processed for: AutoClient5171
[18:13:41] Normal request processed for: AutoClient5170
[18:13:41] Normal request processed for: AutoClient5168
[18:13:41] Normal request processed for: AutoClient5167
[18:13:41] Normal request processed for: AutoClient5165
[18:13:41] Normal request processed for: AutoClient5169
[18:13:44] Priority request processed for: AutoPriority
[18:13:44] Normal request processed for: AutoClient5174
[18:13:44] Normal request processed for: AutoClient5180
[18:13:44] Normal request processed for: AutoClient5176
[18:13:44] Normal request processed for: AutoClient5178
[18:13:44] Normal request processed for: AutoClient5179
[18:13:44] Normal request processed for: AutoClient5173
[18:13:44] Normal request processed for: AutoClient5177
[18:13:44] Normal request processed for: AutoClient5175
[18:13:44] Normal request processed for: AutoClient5172
[18:13:44] Normal request processed for: AutoClient5181
[18:13:44] Normal request processed for: AutoClient5182
[18:13:45] Normal request processed for: AutoClient5183
[18:13:45] Normal request processed for: AutoClient5185
[18:13:45] Normal request processed for: AutoClient5184
[18:13:45] Normal request processed for: AutoClient5191
[18:13:45] Normal request processed for: AutoClient5186
[18:13:45] Normal request processed for: AutoClient5193
[18:13:45] Normal request processed for: AutoClient5188
[18:13:45] Normal request processed for: AutoClient5192
[18:13:45] Normal request processed for: AutoClient5189
[18:13:45] Normal request processed for: AutoClient5190
[18:13:45] Normal request processed for: AutoClient5187
[18:13:45] Normal request processed for: AutoClient5199
[18:13:45] Normal request processed for: AutoClient5194
[18:13:45] Normal request processed for: AutoClient5196
[18:13:45] Normal request processed for: AutoClient5198
[18:13:45] Normal request processed for: AutoClient5195
[18:13:45] Normal request processed for: AutoClient5197
[18:13:45] Normal request processed for: AutoClient5203
[18:13:45] Normal request processed for: AutoClient5201
[18:13:45] Normal request processed for: AutoClient5202
[18:13:45] Normal request processed for: AutoClient5205
[18:13:45] Normal request processed for: AutoClient5204
[18:13:45] Normal request processed for: AutoClient5207
[18:13:45] Normal request processed for: AutoClient5208
[18:13:45] Normal request processed for: AutoClient5209
[18:13:45] Normal request processed for: AutoClient5212
[18:13:45] Normal request processed for: AutoClient5211
[18:13:45] Normal request processed for: AutoClient5206
[18:13:45] Normal request processed for: AutoClient5215
[18:13:45] Normal request processed for: AutoClient5210
[18:13:45] Normal request processed for: AutoClient5216
[18:13:45] Normal request processed for: AutoClient5213
[18:13:45] Normal request processed for: AutoClient5214
[18:13:45] Normal request processed for: AutoClient5217
[18:13:45] Normal request processed for: AutoClient5220
[18:13:45] Normal request processed for: AutoClient5221
[18:13:45] Normal request processed for: AutoClient5218
[18:13:45] Normal request processed for: AutoClient5224
[18:13:45] Normal request processed for: AutoClient5219
[18:13:45] Normal request processed for: AutoClient5223
[18:13:45] Normal request processed for: AutoClient5222
[18:13:45] Normal request processed for: AutoClient5225
[18:13:45] Normal request processed for: AutoClient5227
[18:13:45] Normal request processed for: AutoClient5226
[18:13:46] Normal request processed for: AutoClient5233
[18:13:46] Normal request processed for: AutoClient5228
[18:13:46] Normal request processed for: AutoClient5236
[18:13:46] Normal request processed for: AutoClient5230
[18:13:46] Normal request processed for: AutoClient5229
[18:13:46] Normal request processed for: AutoClient5232
[18:13:46] Normal request processed for: AutoClient5235
[18:13:46] Normal request processed for: AutoClient5238
[18:13:46] Normal request processed for: AutoClient5231
[18:13:46] Normal request processed for: AutoClient5234
[18:13:46] Normal request processed for: AutoClient5237
[18:13:46] Normal request processed for: AutoClient5244
[18:13:46] Normal request processed for: AutoClient5240
[18:13:46] Normal request processed for: AutoClient5246
[18:13:46] Normal request processed for: AutoClient5243
[18:13:46] Normal request processed for: AutoClient5239
[18:13:46] Normal request processed for: AutoClient5242
[18:13:46] Normal request processed for: AutoClient5245
[18:13:46] Normal request processed for: AutoClient5248
[18:13:46] Normal request processed for: AutoClient5247
[18:13:46] Normal request processed for: AutoClient5241
[18:13:46] Normal request processed for: AutoClient5249
[18:13:46] Normal request processed for: AutoClient5259
[18:13:46] Normal request processed for: AutoClient5250
[18:13:46] Normal request processed for: AutoClient5257
[18:13:46] Normal request processed for: AutoClient5251
[18:13:46] Normal request processed for: AutoClient5252
[18:13:46] Normal request processed for: AutoClient5258
[18:13:46] Normal request processed for: AutoClient5254
[18:13:46] Normal request processed for: AutoClient5256
[18:13:46] Normal request processed for: AutoClient5253
[18:13:46] Normal request processed for: AutoClient5255
[18:13:46] Normal request processed for: AutoClient5261
[18:13:46] Normal request processed for: AutoClient5262
[18:13:46] Normal request processed for: AutoClient5260
[18:13:46] Normal request processed for: AutoClient5269
[18:13:46] Normal request processed for: AutoClient5263
[18:13:46] Normal request processed for: AutoClient5266
[18:13:46] Normal request processed for: AutoClient5267
[18:13:46] Normal request processed for: AutoClient5265
[18:13:46] Normal request processed for: AutoClient5264
[18:13:46] Normal request processed for: AutoClient5268
[18:13:46] Normal request processed for: AutoClient5271
[18:13:46] Normal request processed for: AutoClient5270
[18:13:47] Normal request processed for: AutoClient5273
[18:13:47] Normal request processed for: AutoClient5278
[18:13:47] Normal request processed for: AutoClient5276
[18:13:47] Normal request processed for: AutoClient5277
[18:13:47] Normal request processed for: AutoClient5275
[18:13:47] Normal request processed for: AutoClient5272
[18:13:47] Normal request processed for: AutoClient5279
[18:13:47] Normal request processed for: AutoClient5274
[18:13:47] Normal request processed for: AutoClient5280
[18:13:47] Normal request processed for: AutoClient5288
[18:13:47] Normal request processed for: AutoClient5283
[18:13:47] Normal request processed for: AutoClient5284
[18:13:47] Normal request processed for: AutoClient5287
[18:13:47] Normal request processed for: AutoClient5285
[18:13:47] Normal request processed for: AutoClient5290
[18:13:47] Normal request processed for: AutoClient5281
[18:13:47] Normal request processed for: AutoClient5282
[18:13:47] Normal request processed for: AutoClient5286
[18:13:47] Normal request processed for: AutoClient5289
[18:13:47] Normal request processed for: AutoClient5291
[18:13:50] Priority request processed for: AutoPriority
[18:13:50] Normal request processed for: AutoClient5298
[18:13:50] Normal request processed for: AutoClient5292
[18:13:50] Normal request processed for: AutoClient5299
[18:13:50] Normal request processed for: AutoClient5297
[18:13:50] Normal request processed for: AutoClient5293
[18:13:50] Normal request processed for: AutoClient5294
[18:13:50] Normal request processed for: AutoClient5295
[18:13:50] Normal request processed for: AutoClient5301
[18:13:50] Normal request processed for: AutoClient5296
[18:13:50] Normal request processed for: AutoClient5302
[18:13:50] Normal request processed for: AutoClient5303
[18:13:53] Priority request processed for: AutoPriority
[18:13:54] Normal request processed for: AutoClient5310
[18:13:54] Normal request processed for: AutoClient5305
[18:13:54] Normal request processed for: AutoClient5308
[18:13:54] Normal request processed for: AutoClient5312
[18:13:54] Normal request processed for: AutoClient5313
[18:13:54] Normal request processed for: AutoClient5306
[18:13:54] Normal request processed for: AutoClient5311
[18:13:54] Normal request processed for: AutoClient5309
[18:13:54] Normal request processed for: AutoClient5314
[18:13:54] Normal request processed for: AutoClient5307
[18:13:54] Normal request processed for: AutoClient5304
[18:13:54] Normal request processed for: AutoClient5315
[18:13:54] Normal request processed for: AutoClient5317
[18:13:54] Normal request processed for: AutoClient5316
[18:13:54] Normal request processed for: AutoClient5318
[18:13:54] Normal request processed for: AutoClient5319
[18:13:54] Normal request processed for: AutoClient5323
[18:13:54] Normal request processed for: AutoClient5321
[18:13:54] Normal request processed for: AutoClient5324
[18:13:54] Normal request processed for: AutoClient5322
[18:13:54] Normal request processed for: AutoClient5320
[18:13:54] Normal request processed for: AutoClient5325
[18:13:54] Normal request processed for: AutoClient5326
[18:13:54] Normal request processed for: AutoClient5328
[18:13:54] Normal request processed for: AutoClient5332
[18:13:54] Normal request processed for: AutoClient5329
[18:13:54] Normal request processed for: AutoClient5327
[18:13:54] Normal request processed for: AutoClient5330
[18:13:54] Normal request processed for: AutoClient5333
[18:13:54] Normal request processed for: AutoClient5335
[18:13:54] Normal request processed for: AutoClient5331
[18:13:54] Normal request processed for: AutoClient5336
[18:13:54] Normal request processed for: AutoClient5334
[18:13:54] Normal request processed for: AutoClient5341
[18:13:54] Normal request processed for: AutoClient5339
[18:13:54] Normal request processed for: AutoClient5338
[18:13:54] Normal request processed for: AutoClient5337
[18:13:54] Normal request processed for: AutoClient5340
[18:13:54] Normal request processed for: AutoClient5342
[18:13:54] Normal request processed for: AutoClient5343
[18:13:54] Normal request processed for: AutoClient5344
[18:13:54] Normal request processed for: AutoClient5345
[18:13:54] Normal request processed for: AutoClient5346
[18:13:54] Normal request processed for: AutoClient5347
[18:13:55] Normal request processed for: AutoClient5348
[18:13:55] Normal request processed for: AutoClient5350
[18:13:55] Normal request processed for: AutoClient5349
[18:13:55] Normal request processed for: AutoClient5351
[18:13:55] Normal request processed for: AutoClient5352
[18:13:55] Normal request processed for: AutoClient5355
[18:13:55] Normal request processed for: AutoClient5353
[18:13:55] Normal request processed for: AutoClient5356
[18:13:55] Normal request processed for: AutoClient5354
[18:13:55] Normal request processed for: AutoClient5357
[18:13:55] Normal request processed for: AutoClient5358
[18:13:55] Normal request processed for: AutoClient5361
[18:13:55] Normal request processed for: AutoClient5360
[18:13:55] Normal request processed for: AutoClient5359
[18:13:55] Normal request processed for: AutoClient5364
[18:13:55] Normal request processed for: AutoClient5366
[18:13:55] Normal request processed for: AutoClient5365
[18:13:55] Normal request processed for: AutoClient5363
[18:13:55] Normal request processed for: AutoClient5362
[18:13:55] Normal request processed for: AutoClient5367
[18:13:55] Normal request processed for: AutoClient5368
[18:13:55] Normal request processed for: AutoClient5369
[18:13:55] Normal request processed for: AutoClient5370
[18:13:55] Normal request processed for: AutoClient5371
[18:13:55] Normal request processed for: AutoClient5372
[18:13:55] Normal request processed for: AutoClient5376
[18:13:55] Normal request processed for: AutoClient5375
[18:13:55] Normal request processed for: AutoClient5373
[18:13:55] Normal request processed for: AutoClient5378
[18:13:55] Normal request processed for: AutoClient5374
[18:13:55] Normal request processed for: AutoClient5377
[18:13:55] Normal request processed for: AutoClient5379
[18:13:55] Normal request processed for: AutoClient5380
[18:13:55] Normal request processed for: AutoClient5381
[18:13:55] Normal request processed for: AutoClient5382
[18:13:55] Normal request processed for: AutoClient5384
[18:13:55] Normal request processed for: AutoClient5383
[18:13:55] Normal request processed for: AutoClient5385
[18:13:55] Normal request processed for: AutoClient5387
[18:13:55] Normal request processed for: AutoClient5389
[18:13:55] Normal request processed for: AutoClient5390
[18:13:55] Normal request processed for: AutoClient5388
[18:13:55] Normal request processed for: AutoClient5386
[18:13:55] Normal request processed for: AutoClient5391
[18:13:56] Normal request processed for: AutoClient5392
[18:13:56] Normal request processed for: AutoClient5393
[18:13:56] Normal request processed for: AutoClient5397
[18:13:56] Normal request processed for: AutoClient5398
[18:13:56] Normal request processed for: AutoClient5394
[18:13:56] Normal request processed for: AutoClient5395
[18:13:56] Normal request processed for: AutoClient5396
[18:13:56] Normal request processed for: AutoClient5399
[18:13:56] Normal request processed for: AutoClient5406
[18:13:56] Normal request processed for: AutoClient5410
[18:13:56] Normal request processed for: AutoClient5407
[18:13:56] Normal request processed for: AutoClient5408
[18:13:56] Normal request processed for: AutoClient5411
[18:13:56] Normal request processed for: AutoClient5404
[18:13:56] Normal request processed for: AutoClient5403
[18:13:56] Normal request processed for: AutoClient5405
[18:13:56] Normal request processed for: AutoClient5409
[18:13:56] Normal request processed for: AutoClient5401
[18:13:56] Normal request processed for: AutoClient5402
[18:13:59] Priority request processed for: AutoPriority
[18:13:59] Normal request processed for: AutoClient5415
[18:13:59] Normal request processed for: AutoClient5416
[18:13:59] Normal request processed for: AutoClient5422
[18:13:59] Normal request processed for: AutoClient5417
[18:13:59] Normal request processed for: AutoClient5421
[18:13:59] Normal request processed for: AutoClient5420
[18:13:59] Normal request processed for: AutoClient5413
[18:13:59] Normal request processed for: AutoClient5412
[18:13:59] Normal request processed for: AutoClient5419
[18:13:59] Normal request processed for: AutoClient5414
[18:13:59] Normal request processed for: AutoClient5418
[18:13:59] Normal request processed for: AutoClient5429
[18:13:59] Normal request processed for: AutoClient5423
[18:13:59] Normal request processed for: AutoClient5433
[18:13:59] Normal request processed for: AutoClient5431
[18:13:59] Normal request processed for: AutoClient5427
[18:13:59] Normal request processed for: AutoClient5428
[18:13:59] Normal request processed for: AutoClient5425
[18:13:59] Normal request processed for: AutoClient5432
[18:13:59] Normal request processed for: AutoClient5430
[18:13:59] Normal request processed for: AutoClient5434
[18:13:59] Normal request processed for: AutoClient5435
[18:14:00] Normal request processed for: AutoClient5436
[18:14:00] Normal request processed for: AutoClient5424
[18:14:00] Normal request processed for: AutoClient5437
[18:14:00] Normal request processed for: AutoClient5438
[18:14:00] Normal request processed for: AutoClient5439
[18:14:00] Normal request processed for: AutoClient5440
[18:14:00] Normal request processed for: AutoClient5441
[18:14:00] Normal request processed for: AutoClient5442
[18:14:00] Normal request processed for: AutoClient5426
[18:14:00] Normal request processed for: AutoClient5444
[18:14:00] Normal request processed for: AutoClient5443
[18:14:00] Normal request processed for: AutoClient5445
[18:14:00] Normal request processed for: AutoClient5447
[18:14:00] Normal request processed for: AutoClient5450
[18:14:00] Normal request processed for: AutoClient5451
[18:14:00] Normal request processed for: AutoClient5446
[18:14:00] Normal request processed for: AutoClient5449
[18:14:00] Normal request processed for: AutoClient5453
[18:14:00] Normal request processed for: AutoClient5448
[18:14:00] Normal request processed for: AutoClient5454
[18:14:00] Normal request processed for: AutoClient5452
[18:14:00] Normal request processed for: AutoClient5455
[18:14:00] Normal request processed for: AutoClient5458
[18:14:00] Normal request processed for: AutoClient5456
[18:14:00] Normal request processed for: AutoClient5457
[18:14:00] Normal request processed for: AutoClient5462
[18:14:00] Normal request processed for: AutoClient5461
[18:14:00] Normal request processed for: AutoClient5459
[18:14:00] Normal request processed for: AutoClient5460
[18:14:00] Normal request processed for: AutoClient5463
[18:14:00] Normal request processed for: AutoClient5464
[18:14:00] Normal request processed for: AutoClient5466
[18:14:00] Normal request processed for: AutoClient5465
[18:14:00] Normal request processed for: AutoClient5467
[18:14:00] Normal request processed for: AutoClient5468
[18:14:00] Normal request processed for: AutoClient5472
[18:14:00] Normal request processed for: AutoClient5474
[18:14:00] Normal request processed for: AutoClient5473
[18:14:00] Normal request processed for: AutoClient5470
[18:14:00] Normal request processed for: AutoClient5469
[18:14:00] Normal request processed for: AutoClient5471
[18:14:00] Normal request processed for: AutoClient5475
[18:14:00] Normal request processed for: AutoClient5477
[18:14:00] Normal request processed for: AutoClient5476
[18:14:01] Normal request processed for: AutoClient5478
[18:14:01] Normal request processed for: AutoClient5479
[18:14:01] Normal request processed for: AutoClient5480
[18:14:01] Normal request processed for: AutoClient5482
[18:14:01] Normal request processed for: AutoClient5485
[18:14:01] Normal request processed for: AutoClient5484
[18:14:01] Normal request processed for: AutoClient5481
[18:14:01] Normal request processed for: AutoClient5486
[18:14:01] Normal request processed for: AutoClient5483
[18:14:01] Normal request processed for: AutoClient5488
[18:14:01] Normal request processed for: AutoClient5487
[18:14:01] Normal request processed for: AutoClient5491
[18:14:01] Normal request processed for: AutoClient5489
[18:14:01] Normal request processed for: AutoClient5490
[18:14:01] Normal request processed for: AutoClient5492
[18:14:01] Normal request processed for: AutoClient5495
[18:14:01] Normal request processed for: AutoClient5496
[18:14:01] Normal request processed for: AutoClient5497
[18:14:01] Normal request processed for: AutoClient5493
[18:14:01] Normal request processed for: AutoClient5499
[18:14:01] Normal request processed for: AutoClient5494
[18:14:01] Normal request processed for: AutoClient5498
[18:14:01] Normal request processed for: AutoClient5501
[18:14:01] Normal request processed for: AutoClient5503
[18:14:01] Normal request processed for: AutoClient5502
[18:14:01] Normal request processed for: AutoClient5505
[18:14:01] Normal request processed for: AutoClient5506
[18:14:01] Normal request processed for: AutoClient5504
[18:14:01] Normal request processed for: AutoClient5507
[18:14:01] Normal request processed for: AutoClient5508
[18:14:01] Normal request processed for: AutoClient5510
[18:14:01] Normal request processed for: AutoClient5509
[18:14:01] Normal request processed for: AutoClient5511
[18:14:01] Normal request processed for: AutoClient5513
[18:14:01] Normal request processed for: AutoClient5512
[18:14:01] Normal request processed for: AutoClient5514
[18:14:01] Normal request processed for: AutoClient5515
[18:14:01] Normal request processed for: AutoClient5517
[18:14:01] Normal request processed for: AutoClient5516
[18:14:01] Normal request processed for: AutoClient5520
[18:14:01] Normal request processed for: AutoClient5518
[18:14:01] Normal request processed for: AutoClient5519
[18:14:02] Normal request processed for: AutoClient5524
[18:14:02] Normal request processed for: AutoClient5530
[18:14:02] Normal request processed for: AutoClient5529
[18:14:02] Normal request processed for: AutoClient5523
[18:14:02] Normal request processed for: AutoClient5531
[18:14:02] Normal request processed for: AutoClient5521
[18:14:02] Normal request processed for: AutoClient5525
[18:14:02] Normal request processed for: AutoClient5528
[18:14:02] Normal request processed for: AutoClient5522
[18:14:02] Normal request processed for: AutoClient5526
[18:14:02] Normal request processed for: AutoClient5527
[18:14:05] Priority request processed for: AutoPriority
[18:14:05] Normal request processed for: AutoClient5533
[18:14:05] Normal request processed for: AutoClient5541
[18:14:05] Normal request processed for: AutoClient5537
[18:14:05] Normal request processed for: AutoClient5532
[18:14:05] Normal request processed for: AutoClient5538
[18:14:05] Normal request processed for: AutoClient5542
[18:14:05] Normal request processed for: AutoClient5540
[18:14:05] Normal request processed for: AutoClient5539
[18:14:05] Normal request processed for: AutoClient5535
[18:14:05] Normal request processed for: AutoClient5536
[18:14:05] Normal request processed for: AutoClient5534
[18:14:05] Normal request processed for: AutoClient5550
[18:14:05] Normal request processed for: AutoClient5552
[18:14:05] Normal request processed for: AutoClient5545
[18:14:05] Normal request processed for: AutoClient5553
[18:14:05] Normal request processed for: AutoClient5543
[18:14:05] Normal request processed for: AutoClient5544
[18:14:05] Normal request processed for: AutoClient5546
[18:14:05] Normal request processed for: AutoClient5548
[18:14:05] Normal request processed for: AutoClient5547
[18:14:05] Normal request processed for: AutoClient5551
[18:14:05] Normal request processed for: AutoClient5549
[18:14:05] Normal request processed for: AutoClient5555
[18:14:05] Normal request processed for: AutoClient5556
[18:14:05] Normal request processed for: AutoClient5563
[18:14:05] Normal request processed for: AutoClient5560
[18:14:05] Normal request processed for: AutoClient5559
[18:14:06] Normal request processed for: AutoClient5564
[18:14:06] Normal request processed for: AutoClient5557
[18:14:06] Normal request processed for: AutoClient5558
[18:14:06] Normal request processed for: AutoClient5562
[18:14:06] Normal request processed for: AutoClient5561
[18:14:06] Normal request processed for: AutoClient5554
[18:14:06] Normal request processed for: AutoClient5565
[18:14:06] Normal request processed for: AutoClient5566
[18:14:06] Normal request processed for: AutoClient5567
[18:14:06] Normal request processed for: AutoClient5569
[18:14:06] Normal request processed for: AutoClient5570
[18:14:06] Normal request processed for: AutoClient5568
[18:14:06] Normal request processed for: AutoClient5575
[18:14:06] Normal request processed for: AutoClient5573
[18:14:06] Normal request processed for: AutoClient5571
[18:14:06] Normal request processed for: AutoClient5572
[18:14:06] Normal request processed for: AutoClient5574
[18:14:06] Normal request processed for: AutoClient5577
[18:14:06] Normal request processed for: AutoClient5580
[18:14:06] Normal request processed for: AutoClient5578
[18:14:06] Normal request processed for: AutoClient5576
[18:14:06] Normal request processed for: AutoClient5582
[18:14:06] Normal request processed for: AutoClient5579
[18:14:06] Normal request processed for: AutoClient5581
[18:14:06] Normal request processed for: AutoClient5584
[18:14:06] Normal request processed for: AutoClient5585
[18:14:06] Normal request processed for: AutoClient5583
[18:14:06] Normal request processed for: AutoClient5586
[18:14:06] Normal request processed for: AutoClient5591
[18:14:06] Normal request processed for: AutoClient5588
[18:14:06] Normal request processed for: AutoClient5587
[18:14:06] Normal request processed for: AutoClient5593
[18:14:06] Normal request processed for: AutoClient5589
[18:14:06] Normal request processed for: AutoClient5590
[18:14:06] Normal request processed for: AutoClient5595
[18:14:06] Normal request processed for: AutoClient5592
[18:14:06] Normal request processed for: AutoClient5594
[18:14:06] Normal request processed for: AutoClient5597
[18:14:06] Normal request processed for: AutoClient5596
[18:14:07] Normal request processed for: AutoClient5598
[18:14:07] Normal request processed for: AutoClient5599
[18:14:07] Normal request processed for: AutoClient5601
[18:14:07] Normal request processed for: AutoClient5602
[18:14:07] Normal request processed for: AutoClient5607
[18:14:07] Normal request processed for: AutoClient5609
[18:14:07] Normal request processed for: AutoClient5604
[18:14:07] Normal request processed for: AutoClient5605
[18:14:07] Normal request processed for: AutoClient5606
[18:14:07] Normal request processed for: AutoClient5603
[18:14:07] Normal request processed for: AutoClient5608
[18:14:07] Normal request processed for: AutoClient5610
[18:14:07] Normal request processed for: AutoClient5611
[18:14:07] Normal request processed for: AutoClient5612
[18:14:07] Normal request processed for: AutoClient5614
[18:14:07] Normal request processed for: AutoClient5616
[18:14:07] Normal request processed for: AutoClient5618
[18:14:07] Normal request processed for: AutoClient5613
[18:14:07] Normal request processed for: AutoClient5620
[18:14:07] Normal request processed for: AutoClient5617
[18:14:07] Normal request processed for: AutoClient5615
[18:14:07] Normal request processed for: AutoClient5619
[18:14:07] Normal request processed for: AutoClient5622
[18:14:07] Normal request processed for: AutoClient5621
[18:14:07] Normal request processed for: AutoClient5623
[18:14:07] Normal request processed for: AutoClient5624
[18:14:07] Normal request processed for: AutoClient5628
[18:14:07] Normal request processed for: AutoClient5631
[18:14:07] Normal request processed for: AutoClient5625
[18:14:07] Normal request processed for: AutoClient5630
[18:14:07] Normal request processed for: AutoClient5626
[18:14:07] Normal request processed for: AutoClient5627
[18:14:07] Normal request processed for: AutoClient5629
[18:14:07] Normal request processed for: AutoClient5633
[18:14:07] Normal request processed for: AutoClient5632
[18:14:07] Normal request processed for: AutoClient5635
[18:14:07] Normal request processed for: AutoClient5634
[18:14:07] Normal request processed for: AutoClient5637
[18:14:07] Normal request processed for: AutoClient5639
[18:14:07] Normal request processed for: AutoClient5638
[18:14:07] Normal request processed for: AutoClient5640
[18:14:07] Normal request processed for: AutoClient5636
[18:14:08] Normal request processed for: AutoClient5648
[18:14:08] Normal request processed for: AutoClient5642
[18:14:08] Normal request processed for: AutoClient5643
[18:14:08] Normal request processed for: AutoClient5645
[18:14:08] Normal request processed for: AutoClient5647
[18:14:08] Normal request processed for: AutoClient5649
[18:14:08] Normal request processed for: AutoClient5641
[18:14:08] Normal request processed for: AutoClient5644
[18:14:08] Normal request processed for: AutoClient5646
[18:14:08] Normal request processed for: AutoClient5651
[18:14:08] Normal request processed for: AutoClient5650
[18:14:11] Priority request processed for: AutoPriority
[18:14:11] Normal request processed for: AutoClient5652
[18:14:11] Normal request processed for: AutoClient5659
[18:14:11] Normal request processed for: AutoClient5655
[18:14:11] Normal request processed for: AutoClient5653
[18:14:11] Normal request processed for: AutoClient5657
[18:14:11] Normal request processed for: AutoClient5656
[18:14:11] Normal request processed for: AutoClient5662
[18:14:11] Normal request processed for: AutoClient5661
[18:14:11] Normal request processed for: AutoClient5654
[18:14:11] Normal request processed for: AutoClient5658
[18:14:11] Normal request processed for: AutoClient5660
[18:14:11] Normal request processed for: AutoClient5663
[18:14:11] Normal request processed for: AutoClient5665
[18:14:11] Normal request processed for: AutoClient5667
[18:14:11] Normal request processed for: AutoClient5668
[18:14:11] Normal request processed for: AutoClient5669
[18:14:11] Normal request processed for: AutoClient5673
[18:14:11] Normal request processed for: AutoClient5664
[18:14:11] Normal request processed for: AutoClient5672
[18:14:11] Normal request processed for: AutoClient5666
[18:14:11] Normal request processed for: AutoClient5670
[18:14:11] Normal request processed for: AutoClient5671
[18:14:11] Normal request processed for: AutoClient5680
[18:14:11] Normal request processed for: AutoClient5684
[18:14:11] Normal request processed for: AutoClient5676
[18:14:11] Normal request processed for: AutoClient5674
[18:14:11] Normal request processed for: AutoClient5675
[18:14:11] Normal request processed for: AutoClient5683
[18:14:11] Normal request processed for: AutoClient5677
[18:14:11] Normal request processed for: AutoClient5681
[18:14:11] Normal request processed for: AutoClient5678
[18:14:11] Normal request processed for: AutoClient5679
[18:14:11] Normal request processed for: AutoClient5682
[18:14:12] Normal request processed for: AutoClient5686
[18:14:12] Normal request processed for: AutoClient5689
[18:14:12] Normal request processed for: AutoClient5685
[18:14:12] Normal request processed for: AutoClient5695
[18:14:12] Normal request processed for: AutoClient5692
[18:14:12] Normal request processed for: AutoClient5691
[18:14:12] Normal request processed for: AutoClient5694
[18:14:12] Normal request processed for: AutoClient5693
[18:14:12] Normal request processed for: AutoClient5687
[18:14:12] Normal request processed for: AutoClient5688
[18:14:12] Normal request processed for: AutoClient5690
[18:14:12] Normal request processed for: AutoClient5696
[18:14:12] Normal request processed for: AutoClient5701
[18:14:12] Normal request processed for: AutoClient5699
[18:14:12] Normal request processed for: AutoClient5702
[18:14:12] Normal request processed for: AutoClient5705
[18:14:12] Normal request processed for: AutoClient5697
[18:14:12] Normal request processed for: AutoClient5698
[18:14:12] Normal request processed for: AutoClient5707
[18:14:12] Normal request processed for: AutoClient5706
[18:14:12] Normal request processed for: AutoClient5703
[18:14:12] Normal request processed for: AutoClient5704
[18:14:12] Normal request processed for: AutoClient5708
[18:14:12] Normal request processed for: AutoClient5709
[18:14:12] Normal request processed for: AutoClient5715
[18:14:12] Normal request processed for: AutoClient5712
[18:14:12] Normal request processed for: AutoClient5718
[18:14:12] Normal request processed for: AutoClient5717
[18:14:12] Normal request processed for: AutoClient5710
[18:14:12] Normal request processed for: AutoClient5711
[18:14:12] Normal request processed for: AutoClient5714
[18:14:12] Normal request processed for: AutoClient5713
[18:14:12] Normal request processed for: AutoClient5716
[18:14:12] Normal request processed for: AutoClient5719
[18:14:12] Normal request processed for: AutoClient5720
[18:14:12] Normal request processed for: AutoClient5729
[18:14:12] Normal request processed for: AutoClient5724
[18:14:12] Normal request processed for: AutoClient5727
[18:14:12] Normal request processed for: AutoClient5726
[18:14:12] Normal request processed for: AutoClient5721
[18:14:12] Normal request processed for: AutoClient5725
[18:14:12] Normal request processed for: AutoClient5728
[18:14:12] Normal request processed for: AutoClient5722
[18:14:12] Normal request processed for: AutoClient5723
[18:14:13] Normal request processed for: AutoClient5730
[18:14:13] Normal request processed for: AutoClient5733
[18:14:13] Normal request processed for: AutoClient5731
[18:14:13] Normal request processed for: AutoClient5734
[18:14:13] Normal request processed for: AutoClient5735
[18:14:13] Normal request processed for: AutoClient5732
[18:14:13] Normal request processed for: AutoClient5737
[18:14:13] Normal request processed for: AutoClient5739
[18:14:13] Normal request processed for: AutoClient5738
[18:14:13] Normal request processed for: AutoClient5736
[18:14:13] Normal request processed for: AutoClient5740
[18:14:13] Normal request processed for: AutoClient5741
[18:14:13] Normal request processed for: AutoClient5742
[18:14:13] Normal request processed for: AutoClient5743
[18:14:13] Normal request processed for: AutoClient5744
[18:14:13] Normal request processed for: AutoClient5746
[18:14:13] Normal request processed for: AutoClient5745
[18:14:13] Normal request processed for: AutoClient5751
[18:14:13] Normal request processed for: AutoClient5749
[18:14:13] Normal request processed for: AutoClient5747
[18:14:13] Normal request processed for: AutoClient5748
[18:14:13] Normal request processed for: AutoClient5750
[18:14:13] Normal request processed for: AutoClient5755
[18:14:13] Normal request processed for: AutoClient5753
[18:14:13] Normal request processed for: AutoClient5752
[18:14:13] Normal request processed for: AutoClient5756
[18:14:13] Normal request processed for: AutoClient5754
[18:14:13] Normal request processed for: AutoClient5757
[18:14:13] Normal request processed for: AutoClient5758
[18:14:13] Normal request processed for: AutoClient5759
[18:14:13] Normal request processed for: AutoClient5760
[18:14:13] Normal request processed for: AutoClient5761
[18:14:13] Normal request processed for: AutoClient5770
[18:14:13] Normal request processed for: AutoClient5764
[18:14:13] Normal request processed for: AutoClient5771
[18:14:13] Normal request processed for: AutoClient5766
[18:14:13] Normal request processed for: AutoClient5769
[18:14:13] Normal request processed for: AutoClient5768
[18:14:13] Normal request processed for: AutoClient5762
[18:14:13] Normal request processed for: AutoClient5765
[18:14:13] Normal request processed for: AutoClient5767
[18:14:13] Normal request processed for: AutoClient5763
[18:14:16] Priority request processed for: AutoPriority
[18:14:17] Normal request processed for: AutoClient5781
[18:14:17] Normal request processed for: AutoClient5772
[18:14:17] Normal request processed for: AutoClient5776
[18:14:17] Normal request processed for: AutoClient5775
[18:14:17] Normal request processed for: AutoClient5779
[18:14:17] Normal request processed for: AutoClient5780
[18:14:17] Normal request processed for: AutoClient5777
[18:14:17] Normal request processed for: AutoClient5774
[18:14:17] Normal request processed for: AutoClient5773
[18:14:17] Normal request processed for: AutoClient5778
[18:14:17] Normal request processed for: AutoClient5782
[18:14:17] Normal request processed for: AutoClient5785
[18:14:17] Normal request processed for: AutoClient5783
[18:14:17] Normal request processed for: AutoClient5788
[18:14:17] Normal request processed for: AutoClient5790
[18:14:17] Normal request processed for: AutoClient5789
[18:14:17] Normal request processed for: AutoClient5787
[18:14:17] Normal request processed for: AutoClient5784
[18:14:17] Normal request processed for: AutoClient5786
[18:14:17] Normal request processed for: AutoClient5791
[18:14:17] Normal request processed for: AutoClient5792
[18:14:17] Normal request processed for: AutoClient5793
[18:14:17] Normal request processed for: AutoClient5794
[18:14:17] Normal request processed for: AutoClient5795
[18:14:17] Normal request processed for: AutoClient5799
[18:14:17] Normal request processed for: AutoClient5796
[18:14:17] Normal request processed for: AutoClient5798
[18:14:17] Normal request processed for: AutoClient5802
[18:14:17] Normal request processed for: AutoClient5797
[18:14:17] Normal request processed for: AutoClient5803
[18:14:17] Normal request processed for: AutoClient5801
[18:14:17] Normal request processed for: AutoClient5804
[18:14:17] Normal request processed for: AutoClient5807
[18:14:17] Normal request processed for: AutoClient5806
[18:14:17] Normal request processed for: AutoClient5809
[18:14:17] Normal request processed for: AutoClient5805
[18:14:17] Normal request processed for: AutoClient5810
[18:14:17] Normal request processed for: AutoClient5812
[18:14:17] Normal request processed for: AutoClient5808
[18:14:17] Normal request processed for: AutoClient5815
[18:14:17] Normal request processed for: AutoClient5814
[18:14:17] Normal request processed for: AutoClient5816
[18:14:17] Normal request processed for: AutoClient5811
[18:14:17] Normal request processed for: AutoClient5817
[18:14:18] Normal request processed for: AutoClient5813
[18:14:18] Normal request processed for: AutoClient5818
[18:14:18] Normal request processed for: AutoClient5820
[18:14:18] Normal request processed for: AutoClient5819
[18:14:18] Normal request processed for: AutoClient5822
[18:14:18] Normal request processed for: AutoClient5824
[18:14:18] Normal request processed for: AutoClient5821
[18:14:18] Normal request processed for: AutoClient5825
[18:14:18] Normal request processed for: AutoClient5823
[18:14:18] Normal request processed for: AutoClient5826
[18:14:18] Normal request processed for: AutoClient5827
[18:14:18] Normal request processed for: AutoClient5828
[18:14:18] Normal request processed for: AutoClient5829
[18:14:18] Normal request processed for: AutoClient5831
[18:14:18] Normal request processed for: AutoClient5830
[18:14:18] Normal request processed for: AutoClient5832
[18:14:18] Normal request processed for: AutoClient5833
[18:14:18] Normal request processed for: AutoClient5838
[18:14:18] Normal request processed for: AutoClient5834
[18:14:18] Normal request processed for: AutoClient5835
[18:14:18] Normal request processed for: AutoClient5839
[18:14:18] Normal request processed for: AutoClient5836
[18:14:18] Normal request processed for: AutoClient5841
[18:14:18] Normal request processed for: AutoClient5840
[18:14:18] Normal request processed for: AutoClient5842
[18:14:18] Normal request processed for: AutoClient5843
[18:14:18] Normal request processed for: AutoClient5844
[18:14:18] Normal request processed for: AutoClient5846
[18:14:18] Normal request processed for: AutoClient5837
[18:14:18] Normal request processed for: AutoClient5845
[18:14:18] Normal request processed for: AutoClient5848
[18:14:18] Normal request processed for: AutoClient5847
[18:14:18] Normal request processed for: AutoClient5849
[18:14:18] Normal request processed for: AutoClient5850
[18:14:18] Normal request processed for: AutoClient5854
[18:14:18] Normal request processed for: AutoClient5852
[18:14:18] Normal request processed for: AutoClient5851
[18:14:18] Normal request processed for: AutoClient5858
[18:14:18] Normal request processed for: AutoClient5855
[18:14:18] Normal request processed for: AutoClient5857
[18:14:18] Normal request processed for: AutoClient5856
[18:14:18] Normal request processed for: AutoClient5853
[18:14:18] Normal request processed for: AutoClient5859
[18:14:18] Normal request processed for: AutoClient5860
[18:14:19] Normal request processed for: AutoClient5862
[18:14:19] Normal request processed for: AutoClient5865
[18:14:19] Normal request processed for: AutoClient5866
[18:14:19] Normal request processed for: AutoClient5864
[18:14:19] Normal request processed for: AutoClient5867
[18:14:19] Normal request processed for: AutoClient5870
[18:14:19] Normal request processed for: AutoClient5869
[18:14:19] Normal request processed for: AutoClient5871
[18:14:19] Normal request processed for: AutoClient5868
[18:14:19] Normal request processed for: AutoClient5861
[18:14:19] Normal request processed for: AutoClient5863
[18:14:19] Normal request processed for: AutoClient5872
[18:14:19] Normal request processed for: AutoClient5874
[18:14:19] Normal request processed for: AutoClient5876
[18:14:19] Normal request processed for: AutoClient5877
[18:14:19] Normal request processed for: AutoClient5873
[18:14:19] Normal request processed for: AutoClient5875
[18:14:19] Normal request processed for: AutoClient5880
[18:14:19] Normal request processed for: AutoClient5879
[18:14:19] Normal request processed for: AutoClient5878
[18:14:19] Normal request processed for: AutoClient5883
[18:14:19] Normal request processed for: AutoClient5881
[18:14:19] Normal request processed for: AutoClient5892
[18:14:19] Normal request processed for: AutoClient5884
[18:14:19] Normal request processed for: AutoClient5893
[18:14:19] Normal request processed for: AutoClient5891
[18:14:19] Normal request processed for: AutoClient5890
[18:14:19] Normal request processed for: AutoClient5886
[18:14:19] Normal request processed for: AutoClient5882
[18:14:19] Normal request processed for: AutoClient5885
[18:14:19] Normal request processed for: AutoClient5887
[18:14:22] Priority request processed for: AutoPriority
[18:14:23] Normal request processed for: AutoClient5901
[18:14:23] Normal request processed for: AutoClient5888
[18:14:23] Normal request processed for: AutoClient5897
[18:14:23] Normal request processed for: AutoClient5896
[18:14:23] Normal request processed for: AutoClient5899
[18:14:23] Normal request processed for: AutoClient5898
[18:14:23] Normal request processed for: AutoClient5902
[18:14:23] Normal request processed for: AutoClient5889
[18:14:23] Normal request processed for: AutoClient5894
[18:14:23] Normal request processed for: AutoClient5895
[18:14:23] Normal request processed for: AutoClient5903
[18:14:26] Priority request processed for: AutoPriority
[18:14:26] Normal request processed for: AutoClient5914
[18:14:26] Normal request processed for: AutoClient5907
[18:14:26] Normal request processed for: AutoClient5909
[18:14:26] Normal request processed for: AutoClient5911
[18:14:26] Normal request processed for: AutoClient5910
[18:14:26] Normal request processed for: AutoClient5906
[18:14:26] Normal request processed for: AutoClient5904
[18:14:26] Normal request processed for: AutoClient5905
[18:14:26] Normal request processed for: AutoClient5908
[18:14:26] Normal request processed for: AutoClient5912
[18:14:26] Normal request processed for: AutoClient5913
[18:14:26] Normal request processed for: AutoClient5915
[18:14:26] Normal request processed for: AutoClient5916
[18:14:26] Normal request processed for: AutoClient5922
[18:14:26] Normal request processed for: AutoClient5925
[18:14:26] Normal request processed for: AutoClient5921
[18:14:26] Normal request processed for: AutoClient5920
[18:14:26] Normal request processed for: AutoClient5918
[18:14:26] Normal request processed for: AutoClient5924
[18:14:26] Normal request processed for: AutoClient5919
[18:14:26] Normal request processed for: AutoClient5917
[18:14:26] Normal request processed for: AutoClient5923
[18:14:26] Normal request processed for: AutoClient5926
[18:14:26] Normal request processed for: AutoClient5927
[18:14:26] Normal request processed for: AutoClient5928
[18:14:26] Normal request processed for: AutoClient5930
[18:14:26] Normal request processed for: AutoClient5933
[18:14:26] Normal request processed for: AutoClient5936
[18:14:26] Normal request processed for: AutoClient5935
[18:14:26] Normal request processed for: AutoClient5929
[18:14:26] Normal request processed for: AutoClient5932
[18:14:26] Normal request processed for: AutoClient5931
[18:14:26] Normal request processed for: AutoClient5934
[18:14:27] Normal request processed for: AutoClient5938
[18:14:27] Normal request processed for: AutoClient5937
[18:14:27] Normal request processed for: AutoClient5940
[18:14:27] Normal request processed for: AutoClient5941
[18:14:27] Normal request processed for: AutoClient5945
[18:14:27] Normal request processed for: AutoClient5939
[18:14:27] Normal request processed for: AutoClient5943
[18:14:27] Normal request processed for: AutoClient5944
[18:14:27] Normal request processed for: AutoClient5947
[18:14:27] Normal request processed for: AutoClient5942
[18:14:27] Normal request processed for: AutoClient5946
[18:14:27] Normal request processed for: AutoClient5949
[18:14:27] Normal request processed for: AutoClient5950
[18:14:27] Normal request processed for: AutoClient5948
[18:14:27] Normal request processed for: AutoClient5951
[18:14:27] Normal request processed for: AutoClient5954
[18:14:27] Normal request processed for: AutoClient5953
[18:14:27] Normal request processed for: AutoClient5956
[18:14:27] Normal request processed for: AutoClient5952
[18:14:27] Normal request processed for: AutoClient5955
[18:14:27] Normal request processed for: AutoClient5957
[18:14:27] Normal request processed for: AutoClient5958
[18:14:27] Normal request processed for: AutoClient5961
[18:14:27] Normal request processed for: AutoClient5960
[18:14:27] Normal request processed for: AutoClient5959
[18:14:27] Normal request processed for: AutoClient5962
[18:14:27] Normal request processed for: AutoClient5967
[18:14:27] Normal request processed for: AutoClient5964
[18:14:27] Normal request processed for: AutoClient5965
[18:14:27] Normal request processed for: AutoClient5968
[18:14:27] Normal request processed for: AutoClient5969
[18:14:27] Normal request processed for: AutoClient5966
[18:14:27] Normal request processed for: AutoClient5963
[18:14:27] Normal request processed for: AutoClient5971
[18:14:27] Normal request processed for: AutoClient5970
[18:14:27] Normal request processed for: AutoClient5972
[18:14:27] Normal request processed for: AutoClient5974
[18:14:27] Normal request processed for: AutoClient5973
[18:14:27] Normal request processed for: AutoClient5975
[18:14:27] Normal request processed for: AutoClient5977
[18:14:27] Normal request processed for: AutoClient5976
[18:14:27] Normal request processed for: AutoClient5980
[18:14:27] Normal request processed for: AutoClient5979
[18:14:27] Normal request processed for: AutoClient5978
[18:14:28] Normal request processed for: AutoClient5981
[18:14:28] Normal request processed for: AutoClient5982
[18:14:28] Normal request processed for: AutoClient5983
[18:14:28] Normal request processed for: AutoClient5985
[18:14:28] Normal request processed for: AutoClient5986
[18:14:28] Normal request processed for: AutoClient5984
[18:14:28] Normal request processed for: AutoClient5991
[18:14:28] Normal request processed for: AutoClient5987
[18:14:28] Normal request processed for: AutoClient5989
[18:14:28] Normal request processed for: AutoClient5990
[18:14:28] Normal request processed for: AutoClient5988
[18:14:28] Normal request processed for: AutoClient5993
[18:14:28] Normal request processed for: AutoClient5992
[18:14:28] Normal request processed for: AutoClient5994
[18:14:28] Normal request processed for: AutoClient5996
[18:14:28] Normal request processed for: AutoClient5995
[18:14:28] Normal request processed for: AutoClient5997
[18:14:28] Normal request processed for: AutoClient5998
[18:14:28] Normal request processed for: AutoClient5999
[18:14:28] Normal request processed for: AutoClient6002
[18:14:28] Normal request processed for: AutoClient6007
[18:14:28] Normal request processed for: AutoClient6001
[18:14:28] Normal request processed for: AutoClient6004
[18:14:28] Normal request processed for: AutoClient6006
[18:14:28] Normal request processed for: AutoClient6009
[18:14:28] Normal request processed for: AutoClient6008
[18:14:28] Normal request processed for: AutoClient6005
[18:14:28] Normal request processed for: AutoClient6003
[18:14:28] Normal request processed for: AutoClient6011
[18:14:28] Normal request processed for: AutoClient6012
[18:14:31] Priority request processed for: AutoPriority
[18:14:31] Normal request processed for: AutoClient6017
[18:14:31] Normal request processed for: AutoClient6015
[18:14:31] Normal request processed for: AutoClient6010
[18:14:31] Normal request processed for: AutoClient6019
[18:14:31] Normal request processed for: AutoClient6021
[18:14:31] Normal request processed for: AutoClient6013
[18:14:31] Normal request processed for: AutoClient6016
[18:14:31] Normal request processed for: AutoClient6022
[18:14:31] Normal request processed for: AutoClient6020
[18:14:31] Normal request processed for: AutoClient6014
[18:14:31] Normal request processed for: AutoClient6018
[18:14:32] Normal request processed for: AutoClient6033
[18:14:32] Normal request processed for: AutoClient6030
[18:14:32] Normal request processed for: AutoClient6024
[18:14:32] Normal request processed for: AutoClient6025
[18:14:32] Normal request processed for: AutoClient6027
[18:14:32] Normal request processed for: AutoClient6023
[18:14:32] Normal request processed for: AutoClient6032
[18:14:32] Normal request processed for: AutoClient6029
[18:14:32] Normal request processed for: AutoClient6026
[18:14:32] Normal request processed for: AutoClient6028
[18:14:32] Normal request processed for: AutoClient6031
[18:14:32] Normal request processed for: AutoClient6037
[18:14:32] Normal request processed for: AutoClient6038
[18:14:32] Normal request processed for: AutoClient6036
[18:14:32] Normal request processed for: AutoClient6044
[18:14:32] Normal request processed for: AutoClient6040
[18:14:32] Normal request processed for: AutoClient6034
[18:14:32] Normal request processed for: AutoClient6043
[18:14:32] Normal request processed for: AutoClient6041
[18:14:32] Normal request processed for: AutoClient6035
[18:14:32] Normal request processed for: AutoClient6039
[18:14:32] Normal request processed for: AutoClient6042
[18:14:32] Normal request processed for: AutoClient6045
[18:14:32] Normal request processed for: AutoClient6050
[18:14:32] Normal request processed for: AutoClient6048
[18:14:32] Normal request processed for: AutoClient6046
[18:14:32] Normal request processed for: AutoClient6053
[18:14:32] Normal request processed for: AutoClient6054
[18:14:32] Normal request processed for: AutoClient6055
[18:14:32] Normal request processed for: AutoClient6047
[18:14:32] Normal request processed for: AutoClient6049
[18:14:32] Normal request processed for: AutoClient6051
[18:14:32] Normal request processed for: AutoClient6052
[18:14:32] Normal request processed for: AutoClient6056
[18:14:32] Normal request processed for: AutoClient6058
[18:14:32] Normal request processed for: AutoClient6059
[18:14:32] Normal request processed for: AutoClient6057
[18:14:32] Normal request processed for: AutoClient6061
[18:14:32] Normal request processed for: AutoClient6060
[18:14:32] Normal request processed for: AutoClient6064
[18:14:32] Normal request processed for: AutoClient6062
[18:14:32] Normal request processed for: AutoClient6066
[18:14:32] Normal request processed for: AutoClient6063
[18:14:32] Normal request processed for: AutoClient6065
[18:14:33] Normal request processed for: AutoClient6068
[18:14:33] Normal request processed for: AutoClient6067
[18:14:33] Normal request processed for: AutoClient6071
[18:14:33] Normal request processed for: AutoClient6070
[18:14:33] Normal request processed for: AutoClient6074
[18:14:33] Normal request processed for: AutoClient6069
[18:14:33] Normal request processed for: AutoClient6073
[18:14:33] Normal request processed for: AutoClient6075
[18:14:33] Normal request processed for: AutoClient6076
[18:14:33] Normal request processed for: AutoClient6072
[18:14:33] Normal request processed for: AutoClient6077
[18:14:33] Normal request processed for: AutoClient6078
[18:14:33] Normal request processed for: AutoClient6080
[18:14:33] Normal request processed for: AutoClient6079
[18:14:33] Normal request processed for: AutoClient6081
[18:14:33] Normal request processed for: AutoClient6086
[18:14:33] Normal request processed for: AutoClient6083
[18:14:33] Normal request processed for: AutoClient6082
[18:14:33] Normal request processed for: AutoClient6087
[18:14:33] Normal request processed for: AutoClient6084
[18:14:33] Normal request processed for: AutoClient6088
[18:14:33] Normal request processed for: AutoClient6085
[18:14:33] Normal request processed for: AutoClient6091
[18:14:33] Normal request processed for: AutoClient6089
[18:14:33] Normal request processed for: AutoClient6093
[18:14:33] Normal request processed for: AutoClient6090
[18:14:33] Normal request processed for: AutoClient6094
[18:14:33] Normal request processed for: AutoClient6095
[18:14:33] Normal request processed for: AutoClient6097
[18:14:33] Normal request processed for: AutoClient6092
[18:14:33] Normal request processed for: AutoClient6099
[18:14:33] Normal request processed for: AutoClient6096
[18:14:33] Normal request processed for: AutoClient6098
[18:14:33] Normal request processed for: AutoClient6104
[18:14:33] Normal request processed for: AutoClient6101
[18:14:33] Normal request processed for: AutoClient6103
[18:14:33] Normal request processed for: AutoClient6102
[18:14:33] Normal request processed for: AutoClient6106
[18:14:33] Normal request processed for: AutoClient6105
[18:14:33] Normal request processed for: AutoClient6108
[18:14:33] Normal request processed for: AutoClient6107
[18:14:33] Normal request processed for: AutoClient6109
[18:14:33] Normal request processed for: AutoClient6110
[18:14:33] Normal request processed for: AutoClient6111
[18:14:34] Normal request processed for: AutoClient6114
[18:14:34] Normal request processed for: AutoClient6112
[18:14:34] Normal request processed for: AutoClient6113
[18:14:34] Normal request processed for: AutoClient6115
[18:14:34] Normal request processed for: AutoClient6116
[18:14:34] Normal request processed for: AutoClient6119
[18:14:34] Normal request processed for: AutoClient6120
[18:14:34] Normal request processed for: AutoClient6117
[18:14:34] Normal request processed for: AutoClient6118
[18:14:34] Normal request processed for: AutoClient6129
[18:14:34] Normal request processed for: AutoClient6123
[18:14:34] Normal request processed for: AutoClient6127
[18:14:34] Normal request processed for: AutoClient6121
[18:14:34] Normal request processed for: AutoClient6122
[18:14:34] Normal request processed for: AutoClient6125
[18:14:34] Normal request processed for: AutoClient6130
[18:14:34] Normal request processed for: AutoClient6124
[18:14:34] Normal request processed for: AutoClient6131
[18:14:34] Normal request processed for: AutoClient6128
[18:14:34] Normal request processed for: AutoClient6126
[18:14:37] Priority request processed for: AutoPriority
[18:14:37] Normal request processed for: AutoClient6142
[18:14:37] Normal request processed for: AutoClient6133
[18:14:37] Normal request processed for: AutoClient6135
[18:14:37] Normal request processed for: AutoClient6137
[18:14:37] Normal request processed for: AutoClient6138
[18:14:37] Normal request processed for: AutoClient6136
[18:14:37] Normal request processed for: AutoClient6143
[18:14:37] Normal request processed for: AutoClient6134
[18:14:37] Normal request processed for: AutoClient6139
[18:14:37] Normal request processed for: AutoClient6132
[18:14:37] Normal request processed for: AutoClient6147
[18:14:37] Normal request processed for: AutoClient6141
[18:14:37] Normal request processed for: AutoClient6150
[18:14:37] Normal request processed for: AutoClient6146
[18:14:37] Normal request processed for: AutoClient6151
[18:14:37] Normal request processed for: AutoClient6140
[18:14:37] Normal request processed for: AutoClient6152
[18:14:37] Normal request processed for: AutoClient6155
[18:14:37] Normal request processed for: AutoClient6149
[18:14:37] Normal request processed for: AutoClient6153
[18:14:37] Normal request processed for: AutoClient6145
[18:14:37] Normal request processed for: AutoClient6148
[18:14:38] Normal request processed for: AutoClient6154
[18:14:38] Normal request processed for: AutoClient6144
[18:14:38] Normal request processed for: AutoClient6163
[18:14:38] Normal request processed for: AutoClient6158
[18:14:38] Normal request processed for: AutoClient6161
[18:14:38] Normal request processed for: AutoClient6156
[18:14:38] Normal request processed for: AutoClient6165
[18:14:38] Normal request processed for: AutoClient6157
[18:14:38] Normal request processed for: AutoClient6167
[18:14:38] Normal request processed for: AutoClient6171
[18:14:38] Normal request processed for: AutoClient6159
[18:14:38] Normal request processed for: AutoClient6175
[18:14:38] Normal request processed for: AutoClient6160
[18:14:38] Normal request processed for: AutoClient6172
[18:14:38] Normal request processed for: AutoClient6176
[18:14:38] Normal request processed for: AutoClient6164
[18:14:38] Normal request processed for: AutoClient6168
[18:14:38] Normal request processed for: AutoClient6166
[18:14:38] Normal request processed for: AutoClient6170
[18:14:38] Normal request processed for: AutoClient6169
[18:14:38] Normal request processed for: AutoClient6181
[18:14:38] Normal request processed for: AutoClient6180
[18:14:38] Normal request processed for: AutoClient6173
[18:14:38] Normal request processed for: AutoClient6177
[18:14:38] Normal request processed for: AutoClient6178
[18:14:38] Normal request processed for: AutoClient6174
[18:14:38] Normal request processed for: AutoClient6184
[18:14:38] Normal request processed for: AutoClient6193
[18:14:38] Normal request processed for: AutoClient6179
[18:14:38] Normal request processed for: AutoClient6189
[18:14:38] Normal request processed for: AutoClient6182
[18:14:38] Normal request processed for: AutoClient6162
[18:14:38] Normal request processed for: AutoClient6183
[18:14:39] Normal request processed for: AutoClient6186
[18:14:39] Normal request processed for: AutoClient6185
[18:14:39] Normal request processed for: AutoClient6187
[18:14:39] Normal request processed for: AutoClient6195
[18:14:39] Normal request processed for: AutoClient6197
[18:14:39] Normal request processed for: AutoClient6194
[18:14:39] Normal request processed for: AutoClient6199
[18:14:39] Normal request processed for: AutoClient6192
[18:14:39] Normal request processed for: AutoClient6188
[18:14:39] Normal request processed for: AutoClient6191
[18:14:39] Normal request processed for: AutoClient6190
[18:14:39] Normal request processed for: AutoClient6203
[18:14:39] Normal request processed for: AutoClient6202
[18:14:39] Normal request processed for: AutoClient6198
[18:14:39] Normal request processed for: AutoClient6196
[18:14:39] Normal request processed for: AutoClient6201
[18:14:39] Normal request processed for: AutoClient6204
[18:14:39] Normal request processed for: AutoClient6206
[18:14:39] Normal request processed for: AutoClient6205
[18:14:39] Normal request processed for: AutoClient6207
[18:14:39] Normal request processed for: AutoClient6208
[18:14:39] Normal request processed for: AutoClient6209
[18:14:39] Normal request processed for: AutoClient6210
[18:14:39] Normal request processed for: AutoClient6212
[18:14:39] Normal request processed for: AutoClient6214
[18:14:39] Normal request processed for: AutoClient6211
[18:14:39] Normal request processed for: AutoClient6213
[18:14:39] Normal request processed for: AutoClient6215
[18:14:39] Normal request processed for: AutoClient6217
[18:14:39] Normal request processed for: AutoClient6216
[18:14:39] Normal request processed for: AutoClient6219
[18:14:39] Normal request processed for: AutoClient6220
[18:14:39] Normal request processed for: AutoClient6218
[18:14:39] Normal request processed for: AutoClient6223
[18:14:39] Normal request processed for: AutoClient6221
[18:14:39] Normal request processed for: AutoClient6222
[18:14:39] Normal request processed for: AutoClient6224
[18:14:39] Normal request processed for: AutoClient6225
[18:14:39] Normal request processed for: AutoClient6226
[18:14:39] Normal request processed for: AutoClient6231
[18:14:39] Normal request processed for: AutoClient6227
[18:14:39] Normal request processed for: AutoClient6228
[18:14:39] Normal request processed for: AutoClient6229
[18:14:39] Normal request processed for: AutoClient6230
[18:14:40] Normal request processed for: AutoClient6232
[18:14:40] Normal request processed for: AutoClient6233
[18:14:40] Normal request processed for: AutoClient6234
[18:14:40] Normal request processed for: AutoClient6235
[18:14:40] Normal request processed for: AutoClient6236
[18:14:40] Normal request processed for: AutoClient6237
[18:14:40] Normal request processed for: AutoClient6238
[18:14:40] Normal request processed for: AutoClient6240
[18:14:40] Normal request processed for: AutoClient6239
[18:14:40] Normal request processed for: AutoClient6241
[18:14:40] Normal request processed for: AutoClient6243
[18:14:40] Normal request processed for: AutoClient6245
[18:14:40] Normal request processed for: AutoClient6250
[18:14:40] Normal request processed for: AutoClient6247
[18:14:40] Normal request processed for: AutoClient6246
[18:14:40] Normal request processed for: AutoClient6248
[18:14:40] Normal request processed for: AutoClient6244
[18:14:40] Normal request processed for: AutoClient6242
[18:14:40] Normal request processed for: AutoClient6251
[18:14:40] Normal request processed for: AutoClient6249
[18:14:43] Priority request processed for: AutoPriority
[18:14:43] Normal request processed for: AutoClient6257
[18:14:43] Normal request processed for: AutoClient6258
[18:14:43] Normal request processed for: AutoClient6252
[18:14:43] Normal request processed for: AutoClient6259
[18:14:43] Normal request processed for: AutoClient6262
[18:14:43] Normal request processed for: AutoClient6254
[18:14:43] Normal request processed for: AutoClient6255
[18:14:43] Normal request processed for: AutoClient6261
[18:14:43] Normal request processed for: AutoClient6260
[18:14:43] Normal request processed for: AutoClient6256
[18:14:43] Normal request processed for: AutoClient6253
[18:14:43] Normal request processed for: AutoClient6263
[18:14:43] Normal request processed for: AutoClient6265
[18:14:43] Normal request processed for: AutoClient6267
[18:14:43] Normal request processed for: AutoClient6268
[18:14:43] Normal request processed for: AutoClient6264
[18:14:43] Normal request processed for: AutoClient6270
[18:14:43] Normal request processed for: AutoClient6266
[18:14:43] Normal request processed for: AutoClient6269
[18:14:43] Normal request processed for: AutoClient6272
[18:14:43] Normal request processed for: AutoClient6274
[18:14:43] Normal request processed for: AutoClient6273
[18:14:44] Normal request processed for: AutoClient6275
[18:14:44] Normal request processed for: AutoClient6276
[18:14:44] Normal request processed for: AutoClient6271
[18:14:44] Normal request processed for: AutoClient6277
[18:14:44] Normal request processed for: AutoClient6279
[18:14:44] Normal request processed for: AutoClient6280
[18:14:44] Normal request processed for: AutoClient6282
[18:14:44] Normal request processed for: AutoClient6283
[18:14:44] Normal request processed for: AutoClient6278
[18:14:44] Normal request processed for: AutoClient6281
[18:14:44] Normal request processed for: AutoClient6284
[18:14:44] Normal request processed for: AutoClient6285
[18:14:44] Normal request processed for: AutoClient6286
[18:14:44] Normal request processed for: AutoClient6287
[18:14:44] Normal request processed for: AutoClient6289
[18:14:44] Normal request processed for: AutoClient6288
[18:14:44] Normal request processed for: AutoClient6290
[18:14:44] Normal request processed for: AutoClient6291
[18:14:44] Normal request processed for: AutoClient6293
[18:14:44] Normal request processed for: AutoClient6292
[18:14:44] Normal request processed for: AutoClient6294
[18:14:44] Normal request processed for: AutoClient6295
[18:14:44] Normal request processed for: AutoClient6297
[18:14:44] Normal request processed for: AutoClient6296
[18:14:44] Normal request processed for: AutoClient6298
[18:14:44] Normal request processed for: AutoClient6302
[18:14:44] Normal request processed for: AutoClient6303
[18:14:44] Normal request processed for: AutoClient6301
[18:14:44] Normal request processed for: AutoClient6299
[18:14:44] Normal request processed for: AutoClient6305
[18:14:44] Normal request processed for: AutoClient6304
[18:14:44] Normal request processed for: AutoClient6308
[18:14:44] Normal request processed for: AutoClient6306
[18:14:44] Normal request processed for: AutoClient6310
[18:14:44] Normal request processed for: AutoClient6309
[18:14:44] Normal request processed for: AutoClient6312
[18:14:44] Normal request processed for: AutoClient6311
[18:14:44] Normal request processed for: AutoClient6307
[18:14:44] Normal request processed for: AutoClient6314
[18:14:44] Normal request processed for: AutoClient6313
[18:14:44] Normal request processed for: AutoClient6315
[18:14:44] Normal request processed for: AutoClient6316
[18:14:44] Normal request processed for: AutoClient6317
[18:14:44] Normal request processed for: AutoClient6318
[18:14:45] Normal request processed for: AutoClient6320
[18:14:45] Normal request processed for: AutoClient6321
[18:14:45] Normal request processed for: AutoClient6322
[18:14:45] Normal request processed for: AutoClient6319
[18:14:45] Normal request processed for: AutoClient6324
[18:14:45] Normal request processed for: AutoClient6325
[18:14:45] Normal request processed for: AutoClient6323
[18:14:45] Normal request processed for: AutoClient6327
[18:14:45] Normal request processed for: AutoClient6326
[18:14:45] Normal request processed for: AutoClient6328
[18:14:45] Normal request processed for: AutoClient6329
[18:14:45] Normal request processed for: AutoClient6330
[18:14:45] Normal request processed for: AutoClient6331
[18:14:45] Normal request processed for: AutoClient6332
[18:14:45] Normal request processed for: AutoClient6335
[18:14:45] Normal request processed for: AutoClient6334
[18:14:45] Normal request processed for: AutoClient6336
[18:14:45] Normal request processed for: AutoClient6333
[18:14:45] Normal request processed for: AutoClient6337
[18:14:45] Normal request processed for: AutoClient6339
[18:14:45] Normal request processed for: AutoClient6338
[18:14:45] Normal request processed for: AutoClient6340
[18:14:45] Normal request processed for: AutoClient6341
[18:14:45] Normal request processed for: AutoClient6342
[18:14:45] Normal request processed for: AutoClient6344
[18:14:45] Normal request processed for: AutoClient6343
[18:14:45] Normal request processed for: AutoClient6345
[18:14:45] Normal request processed for: AutoClient6346
[18:14:45] Normal request processed for: AutoClient6347
[18:14:45] Normal request processed for: AutoClient6348
[18:14:45] Normal request processed for: AutoClient6350
[18:14:45] Normal request processed for: AutoClient6349
[18:14:45] Normal request processed for: AutoClient6351
[18:14:45] Normal request processed for: AutoClient6352
[18:14:45] Normal request processed for: AutoClient6353
[18:14:45] Normal request processed for: AutoClient6357
[18:14:45] Normal request processed for: AutoClient6355
[18:14:45] Normal request processed for: AutoClient6356
[18:14:45] Normal request processed for: AutoClient6354
[18:14:45] Normal request processed for: AutoClient6358
[18:14:45] Normal request processed for: AutoClient6359
[18:14:45] Normal request processed for: AutoClient6360
[18:14:46] Normal request processed for: AutoClient6363
[18:14:46] Normal request processed for: AutoClient6365
[18:14:46] Normal request processed for: AutoClient6362
[18:14:46] Normal request processed for: AutoClient6361
[18:14:46] Normal request processed for: AutoClient6366
[18:14:46] Normal request processed for: AutoClient6367
[18:14:46] Normal request processed for: AutoClient6371
[18:14:46] Normal request processed for: AutoClient6370
[18:14:46] Normal request processed for: AutoClient6364
[18:14:46] Normal request processed for: AutoClient6372
[18:14:46] Normal request processed for: AutoClient6368
[18:14:49] Priority request processed for: AutoPriority
[18:14:49] Normal request processed for: AutoClient6376
[18:14:49] Normal request processed for: AutoClient6377
[18:14:49] Normal request processed for: AutoClient6378
[18:14:49] Normal request processed for: AutoClient6369
[18:14:49] Normal request processed for: AutoClient6379
[18:14:49] Normal request processed for: AutoClient6374
[18:14:49] Normal request processed for: AutoClient6375
[18:14:49] Normal request processed for: AutoClient6382
[18:14:49] Normal request processed for: AutoClient6380
[18:14:49] Normal request processed for: AutoClient6373
[18:14:49] Normal request processed for: AutoClient6381
[18:14:49] Normal request processed for: AutoClient6383
[18:14:49] Normal request processed for: AutoClient6390
[18:14:49] Normal request processed for: AutoClient6386
[18:14:49] Normal request processed for: AutoClient6388
[18:14:49] Normal request processed for: AutoClient6389
[18:14:49] Normal request processed for: AutoClient6385
[18:14:49] Normal request processed for: AutoClient6387
[18:14:49] Normal request processed for: AutoClient6391
[18:14:49] Normal request processed for: AutoClient6384
[18:14:49] Normal request processed for: AutoClient6393
[18:14:49] Normal request processed for: AutoClient6392
[18:14:49] Normal request processed for: AutoClient6394
[18:14:49] Normal request processed for: AutoClient6396
[18:14:49] Normal request processed for: AutoClient6398
[18:14:49] Normal request processed for: AutoClient6399
[18:14:49] Normal request processed for: AutoClient6395
[18:14:49] Normal request processed for: AutoClient6397
[18:14:49] Normal request processed for: AutoClient6402
[18:14:49] Normal request processed for: AutoClient6401
[18:14:49] Normal request processed for: AutoClient6405
[18:14:49] Normal request processed for: AutoClient6406
[18:14:49] Normal request processed for: AutoClient6407
[18:14:50] Normal request processed for: AutoClient6410
[18:14:50] Normal request processed for: AutoClient6403
[18:14:50] Normal request processed for: AutoClient6408
[18:14:50] Normal request processed for: AutoClient6404
[18:14:50] Normal request processed for: AutoClient6409
[18:14:50] Normal request processed for: AutoClient6411
[18:14:50] Normal request processed for: AutoClient6412
[18:14:50] Normal request processed for: AutoClient6417
[18:14:50] Normal request processed for: AutoClient6414
[18:14:50] Normal request processed for: AutoClient6413
[18:14:50] Normal request processed for: AutoClient6415
[18:14:50] Normal request processed for: AutoClient6416
[18:14:50] Normal request processed for: AutoClient6418
[18:14:50] Normal request processed for: AutoClient6419
[18:14:50] Normal request processed for: AutoClient6420
[18:14:50] Normal request processed for: AutoClient6424
[18:14:50] Normal request processed for: AutoClient6421
[18:14:50] Normal request processed for: AutoClient6422
[18:14:50] Normal request processed for: AutoClient6426
[18:14:50] Normal request processed for: AutoClient6423
[18:14:50] Normal request processed for: AutoClient6425
[18:14:50] Normal request processed for: AutoClient6427
[18:14:50] Normal request processed for: AutoClient6428
[18:14:50] Normal request processed for: AutoClient6432
[18:14:50] Normal request processed for: AutoClient6429
[18:14:50] Normal request processed for: AutoClient6430
[18:14:50] Normal request processed for: AutoClient6433
[18:14:50] Normal request processed for: AutoClient6431
[18:14:50] Normal request processed for: AutoClient6434
[18:14:50] Normal request processed for: AutoClient6436
[18:14:50] Normal request processed for: AutoClient6437
[18:14:50] Normal request processed for: AutoClient6439
[18:14:50] Normal request processed for: AutoClient6435
[18:14:50] Normal request processed for: AutoClient6438
[18:14:50] Normal request processed for: AutoClient6442
[18:14:50] Normal request processed for: AutoClient6444
[18:14:50] Normal request processed for: AutoClient6441
[18:14:50] Normal request processed for: AutoClient6440
[18:14:50] Normal request processed for: AutoClient6443
[18:14:50] Normal request processed for: AutoClient6445
[18:14:50] Normal request processed for: AutoClient6446
[18:14:50] Normal request processed for: AutoClient6448
[18:14:50] Normal request processed for: AutoClient6447
[18:14:50] Normal request processed for: AutoClient6450
[18:14:51] Normal request processed for: AutoClient6449
[18:14:51] Normal request processed for: AutoClient6454
[18:14:51] Normal request processed for: AutoClient6456
[18:14:51] Normal request processed for: AutoClient6453
[18:14:51] Normal request processed for: AutoClient6451
[18:14:51] Normal request processed for: AutoClient6452
[18:14:51] Normal request processed for: AutoClient6455
[18:14:51] Normal request processed for: AutoClient6458
[18:14:51] Normal request processed for: AutoClient6459
[18:14:51] Normal request processed for: AutoClient6457
[18:14:51] Normal request processed for: AutoClient6460
[18:14:51] Normal request processed for: AutoClient6461
[18:14:51] Normal request processed for: AutoClient6462
[18:14:51] Normal request processed for: AutoClient6464
[18:14:51] Normal request processed for: AutoClient6463
[18:14:51] Normal request processed for: AutoClient6465
[18:14:51] Normal request processed for: AutoClient6468
[18:14:51] Normal request processed for: AutoClient6466
[18:14:51] Normal request processed for: AutoClient6469
[18:14:51] Normal request processed for: AutoClient6467
[18:14:51] Normal request processed for: AutoClient6472
[18:14:51] Normal request processed for: AutoClient6470
[18:14:51] Normal request processed for: AutoClient6473
[18:14:51] Normal request processed for: AutoClient6476
[18:14:51] Normal request processed for: AutoClient6475
[18:14:51] Normal request processed for: AutoClient6477
[18:14:51] Normal request processed for: AutoClient6478
[18:14:51] Normal request processed for: AutoClient6480
[18:14:51] Normal request processed for: AutoClient6471
[18:14:51] Normal request processed for: AutoClient6474
[18:14:51] Normal request processed for: AutoClient6479
[18:14:52] Normal request processed for: AutoClient6481
[18:14:52] Normal request processed for: AutoClient6489
[18:14:52] Normal request processed for: AutoClient6491
[18:14:52] Normal request processed for: AutoClient6490
[18:14:52] Normal request processed for: AutoClient6483
[18:14:52] Normal request processed for: AutoClient6488
[18:14:52] Normal request processed for: AutoClient6482
[18:14:52] Normal request processed for: AutoClient6484
[18:14:52] Normal request processed for: AutoClient6486
[18:14:52] Normal request processed for: AutoClient6487
[18:14:52] Normal request processed for: AutoClient6485
[18:14:55] Priority request processed for: AutoPriority
[18:14:55] Normal request processed for: AutoClient6502
[18:14:55] Normal request processed for: AutoClient6496
[18:14:55] Normal request processed for: AutoClient6492
[18:14:55] Normal request processed for: AutoClient6494
[18:14:55] Normal request processed for: AutoClient6501
[18:14:55] Normal request processed for: AutoClient6498
[18:14:55] Normal request processed for: AutoClient6499
[18:14:55] Normal request processed for: AutoClient6495
[18:14:55] Normal request processed for: AutoClient6504
[18:14:55] Normal request processed for: AutoClient6497
[18:14:55] Normal request processed for: AutoClient6493
[18:14:58] Priority request processed for: AutoPriority
[18:14:58] Normal request processed for: AutoClient6512
[18:14:58] Normal request processed for: AutoClient6514
[18:14:58] Normal request processed for: AutoClient6509
[18:14:58] Normal request processed for: AutoClient6510
[18:14:58] Normal request processed for: AutoClient6503
[18:14:58] Normal request processed for: AutoClient6508
[18:14:58] Normal request processed for: AutoClient6513
[18:14:58] Normal request processed for: AutoClient6511
[18:14:58] Normal request processed for: AutoClient6516
[18:14:58] Normal request processed for: AutoClient6505
[18:14:58] Normal request processed for: AutoClient6506
[18:14:58] Normal request processed for: AutoClient6507
[18:14:58] Normal request processed for: AutoClient6515
[18:14:58] Normal request processed for: AutoClient6519
[18:14:58] Normal request processed for: AutoClient6517
[18:14:58] Normal request processed for: AutoClient6521
[18:14:58] Normal request processed for: AutoClient6518
[18:14:58] Normal request processed for: AutoClient6524
[18:14:58] Normal request processed for: AutoClient6520
[18:14:58] Normal request processed for: AutoClient6525
[18:14:58] Normal request processed for: AutoClient6523
[18:14:58] Normal request processed for: AutoClient6522
[18:14:59] Normal request processed for: AutoClient6531
[18:14:59] Normal request processed for: AutoClient6530
[18:14:59] Normal request processed for: AutoClient6526
[18:14:59] Normal request processed for: AutoClient6528
[18:14:59] Normal request processed for: AutoClient6529
[18:14:59] Normal request processed for: AutoClient6533
[18:14:59] Normal request processed for: AutoClient6535
[18:14:59] Normal request processed for: AutoClient6532
[18:14:59] Normal request processed for: AutoClient6527
[18:14:59] Normal request processed for: AutoClient6534
[18:14:59] Normal request processed for: AutoClient6536
[18:14:59] Normal request processed for: AutoClient6539
[18:14:59] Normal request processed for: AutoClient6537
[18:14:59] Normal request processed for: AutoClient6544
[18:14:59] Normal request processed for: AutoClient6538
[18:14:59] Normal request processed for: AutoClient6543
[18:14:59] Normal request processed for: AutoClient6540
[18:14:59] Normal request processed for: AutoClient6542
[18:14:59] Normal request processed for: AutoClient6545
[18:14:59] Normal request processed for: AutoClient6547
[18:14:59] Normal request processed for: AutoClient6541
[18:14:59] Normal request processed for: AutoClient6546
[18:14:59] Normal request processed for: AutoClient6552
[18:14:59] Normal request processed for: AutoClient6549
[18:14:59] Normal request processed for: AutoClient6548
[18:14:59] Normal request processed for: AutoClient6551
[18:14:59] Normal request processed for: AutoClient6554
[18:14:59] Normal request processed for: AutoClient6553
[18:14:59] Normal request processed for: AutoClient6550
[18:14:59] Normal request processed for: AutoClient6557
[18:14:59] Normal request processed for: AutoClient6559
[18:14:59] Normal request processed for: AutoClient6556
[18:14:59] Normal request processed for: AutoClient6555
[18:14:59] Normal request processed for: AutoClient6560
[18:14:59] Normal request processed for: AutoClient6562
[18:14:59] Normal request processed for: AutoClient6568
[18:14:59] Normal request processed for: AutoClient6563
[18:14:59] Normal request processed for: AutoClient6567
[18:14:59] Normal request processed for: AutoClient6569
[18:14:59] Normal request processed for: AutoClient6565
[18:14:59] Normal request processed for: AutoClient6558
[18:14:59] Normal request processed for: AutoClient6561
[18:14:59] Normal request processed for: AutoClient6564
[18:14:59] Normal request processed for: AutoClient6566
[18:15:00] Normal request processed for: AutoClient6570
[18:15:00] Normal request processed for: AutoClient6571
[18:15:00] Normal request processed for: AutoClient6573
[18:15:00] Normal request processed for: AutoClient6580
[18:15:00] Normal request processed for: AutoClient6572
[18:15:00] Normal request processed for: AutoClient6578
[18:15:00] Normal request processed for: AutoClient6577
[18:15:00] Normal request processed for: AutoClient6574
[18:15:00] Normal request processed for: AutoClient6576
[18:15:00] Normal request processed for: AutoClient6579
[18:15:00] Normal request processed for: AutoClient6575
[18:15:00] Normal request processed for: AutoClient6582
[18:15:00] Normal request processed for: AutoClient6581
[18:15:00] Normal request processed for: AutoClient6583
[18:15:00] Normal request processed for: AutoClient6585
[18:15:00] Normal request processed for: AutoClient6584
[18:15:00] Normal request processed for: AutoClient6591
[18:15:00] Normal request processed for: AutoClient6587
[18:15:00] Normal request processed for: AutoClient6588
[18:15:00] Normal request processed for: AutoClient6586
[18:15:00] Normal request processed for: AutoClient6589
[18:15:00] Normal request processed for: AutoClient6590
[18:15:00] Normal request processed for: AutoClient6594
[18:15:00] Normal request processed for: AutoClient6595
[18:15:00] Normal request processed for: AutoClient6592
[18:15:00] Normal request processed for: AutoClient6598
[18:15:00] Normal request processed for: AutoClient6593
[18:15:00] Normal request processed for: AutoClient6599
[18:15:00] Normal request processed for: AutoClient6597
[18:15:00] Normal request processed for: AutoClient6596
[18:15:00] Normal request processed for: AutoClient6603
[18:15:00] Normal request processed for: AutoClient6606
[18:15:00] Normal request processed for: AutoClient6601
[18:15:00] Normal request processed for: AutoClient6608
[18:15:00] Normal request processed for: AutoClient6602
[18:15:00] Normal request processed for: AutoClient6605
[18:15:00] Normal request processed for: AutoClient6607
[18:15:00] Normal request processed for: AutoClient6609
[18:15:00] Normal request processed for: AutoClient6612
[18:15:00] Normal request processed for: AutoClient6604
[18:15:00] Normal request processed for: AutoClient6610
[18:15:03] Priority request processed for: AutoPriority
[18:15:04] Normal request processed for: AutoClient6621
[18:15:04] Normal request processed for: AutoClient6616
[18:15:04] Normal request processed for: AutoClient6620
[18:15:04] Normal request processed for: AutoClient6614
[18:15:04] Normal request processed for: AutoClient6619
[18:15:04] Normal request processed for: AutoClient6617
[18:15:04] Normal request processed for: AutoClient6615
[18:15:04] Normal request processed for: AutoClient6618
[18:15:04] Normal request processed for: AutoClient6613
[18:15:04] Normal request processed for: AutoClient6611
[18:15:04] Normal request processed for: AutoClient6622
[18:15:04] Normal request processed for: AutoClient6626
[18:15:04] Normal request processed for: AutoClient6628
[18:15:04] Normal request processed for: AutoClient6624
[18:15:04] Normal request processed for: AutoClient6623
[18:15:04] Normal request processed for: AutoClient6627
[18:15:04] Normal request processed for: AutoClient6631
[18:15:04] Normal request processed for: AutoClient6629
[18:15:04] Normal request processed for: AutoClient6640
[18:15:04] Normal request processed for: AutoClient6625
[18:15:04] Normal request processed for: AutoClient6630
[18:15:04] Normal request processed for: AutoClient6635
[18:15:04] Normal request processed for: AutoClient6632
[18:15:04] Normal request processed for: AutoClient6633
[18:15:04] Normal request processed for: AutoClient6634
[18:15:04] Normal request processed for: AutoClient6636
[18:15:04] Normal request processed for: AutoClient6647
[18:15:04] Normal request processed for: AutoClient6644
[18:15:04] Normal request processed for: AutoClient6638
[18:15:04] Normal request processed for: AutoClient6642
[18:15:04] Normal request processed for: AutoClient6649
[18:15:04] Normal request processed for: AutoClient6637
[18:15:04] Normal request processed for: AutoClient6648
[18:15:04] Normal request processed for: AutoClient6639
[18:15:04] Normal request processed for: AutoClient6652
[18:15:04] Normal request processed for: AutoClient6643
[18:15:04] Normal request processed for: AutoClient6656
[18:15:04] Normal request processed for: AutoClient6650
[18:15:04] Normal request processed for: AutoClient6646
[18:15:04] Normal request processed for: AutoClient6655
[18:15:04] Normal request processed for: AutoClient6645
[18:15:04] Normal request processed for: AutoClient6658
[18:15:04] Normal request processed for: AutoClient6641
[18:15:04] Normal request processed for: AutoClient6651
[18:15:05] Normal request processed for: AutoClient6664
[18:15:05] Normal request processed for: AutoClient6654
[18:15:05] Normal request processed for: AutoClient6670
[18:15:05] Normal request processed for: AutoClient6662
[18:15:05] Normal request processed for: AutoClient6665
[18:15:05] Normal request processed for: AutoClient6653
[18:15:05] Normal request processed for: AutoClient6657
[18:15:05] Normal request processed for: AutoClient6667
[18:15:05] Normal request processed for: AutoClient6659
[18:15:05] Normal request processed for: AutoClient6660
[18:15:05] Normal request processed for: AutoClient6673
[18:15:05] Normal request processed for: AutoClient6663
[18:15:05] Normal request processed for: AutoClient6661
[18:15:05] Normal request processed for: AutoClient6682
[18:15:05] Normal request processed for: AutoClient6666
[18:15:05] Normal request processed for: AutoClient6669
[18:15:05] Normal request processed for: AutoClient6677
[18:15:05] Normal request processed for: AutoClient6679
[18:15:05] Normal request processed for: AutoClient6668
[18:15:05] Normal request processed for: AutoClient6671
[18:15:05] Normal request processed for: AutoClient6672
[18:15:05] Normal request processed for: AutoClient6674
[18:15:05] Normal request processed for: AutoClient6675
[18:15:05] Normal request processed for: AutoClient6680
[18:15:05] Normal request processed for: AutoClient6686
[18:15:05] Normal request processed for: AutoClient6676
[18:15:05] Normal request processed for: AutoClient6681
[18:15:05] Normal request processed for: AutoClient6683
[18:15:05] Normal request processed for: AutoClient6685
[18:15:05] Normal request processed for: AutoClient6689
[18:15:05] Normal request processed for: AutoClient6687
[18:15:05] Normal request processed for: AutoClient6678
[18:15:05] Normal request processed for: AutoClient6694
[18:15:05] Normal request processed for: AutoClient6684
[18:15:05] Normal request processed for: AutoClient6690
[18:15:05] Normal request processed for: AutoClient6691
[18:15:05] Normal request processed for: AutoClient6692
[18:15:05] Normal request processed for: AutoClient6688
[18:15:05] Normal request processed for: AutoClient6697
[18:15:05] Normal request processed for: AutoClient6693
[18:15:05] Normal request processed for: AutoClient6699
[18:15:05] Normal request processed for: AutoClient6695
[18:15:05] Normal request processed for: AutoClient6698
[18:15:05] Normal request processed for: AutoClient6696
[18:15:06] Normal request processed for: AutoClient6702
[18:15:06] Normal request processed for: AutoClient6707
[18:15:06] Normal request processed for: AutoClient6703
[18:15:06] Normal request processed for: AutoClient6704
[18:15:06] Normal request processed for: AutoClient6708
[18:15:06] Normal request processed for: AutoClient6701
[18:15:06] Normal request processed for: AutoClient6709
[18:15:06] Normal request processed for: AutoClient6710
[18:15:06] Normal request processed for: AutoClient6706
[18:15:06] Normal request processed for: AutoClient6711
[18:15:06] Normal request processed for: AutoClient6705
[18:15:06] Normal request processed for: AutoClient6713
[18:15:06] Normal request processed for: AutoClient6712
[18:15:06] Normal request processed for: AutoClient6715
[18:15:06] Normal request processed for: AutoClient6714
[18:15:06] Normal request processed for: AutoClient6717
[18:15:06] Normal request processed for: AutoClient6718
[18:15:06] Normal request processed for: AutoClient6716
[18:15:06] Normal request processed for: AutoClient6720
[18:15:06] Normal request processed for: AutoClient6719
[18:15:06] Normal request processed for: AutoClient6723
[18:15:06] Normal request processed for: AutoClient6722
[18:15:06] Normal request processed for: AutoClient6724
[18:15:06] Normal request processed for: AutoClient6725
[18:15:06] Normal request processed for: AutoClient6729
[18:15:06] Normal request processed for: AutoClient6726
[18:15:06] Normal request processed for: AutoClient6727
[18:15:06] Normal request processed for: AutoClient6728
[18:15:06] Normal request processed for: AutoClient6721
[18:15:06] Normal request processed for: AutoClient6730
[18:15:06] Normal request processed for: AutoClient6731
[18:15:09] Priority request processed for: AutoPriority
[18:15:09] Normal request processed for: AutoClient6735
[18:15:09] Normal request processed for: AutoClient6738
[18:15:09] Normal request processed for: AutoClient6739
[18:15:09] Normal request processed for: AutoClient6736
[18:15:09] Normal request processed for: AutoClient6734
[18:15:09] Normal request processed for: AutoClient6741
[18:15:09] Normal request processed for: AutoClient6733
[18:15:09] Normal request processed for: AutoClient6742
[18:15:09] Normal request processed for: AutoClient6737
[18:15:09] Normal request processed for: AutoClient6740
[18:15:09] Normal request processed for: AutoClient6732
[18:15:10] Normal request processed for: AutoClient6746
[18:15:10] Normal request processed for: AutoClient6753
[18:15:10] Normal request processed for: AutoClient6747
[18:15:10] Normal request processed for: AutoClient6743
[18:15:10] Normal request processed for: AutoClient6749
[18:15:10] Normal request processed for: AutoClient6745
[18:15:10] Normal request processed for: AutoClient6744
[18:15:10] Normal request processed for: AutoClient6751
[18:15:10] Normal request processed for: AutoClient6750
[18:15:10] Normal request processed for: AutoClient6752
[18:15:10] Normal request processed for: AutoClient6748
[18:15:10] Normal request processed for: AutoClient6757
[18:15:10] Normal request processed for: AutoClient6754
[18:15:10] Normal request processed for: AutoClient6755
[18:15:10] Normal request processed for: AutoClient6756
[18:15:10] Normal request processed for: AutoClient6758
[18:15:10] Normal request processed for: AutoClient6759
[18:15:10] Normal request processed for: AutoClient6760
[18:15:10] Normal request processed for: AutoClient6761
[18:15:10] Normal request processed for: AutoClient6764
[18:15:10] Normal request processed for: AutoClient6762
[18:15:10] Normal request processed for: AutoClient6763
[18:15:10] Normal request processed for: AutoClient6765
[18:15:10] Normal request processed for: AutoClient6766
[18:15:10] Normal request processed for: AutoClient6767
[18:15:10] Normal request processed for: AutoClient6772
[18:15:10] Normal request processed for: AutoClient6768
[18:15:10] Normal request processed for: AutoClient6770
[18:15:10] Normal request processed for: AutoClient6769
[18:15:10] Normal request processed for: AutoClient6771
[18:15:10] Normal request processed for: AutoClient6774
[18:15:10] Normal request processed for: AutoClient6775
[18:15:10] Normal request processed for: AutoClient6773
[18:15:11] Normal request processed for: AutoClient6776
[18:15:11] Normal request processed for: AutoClient6778
[18:15:11] Normal request processed for: AutoClient6779
[18:15:11] Normal request processed for: AutoClient6780
[18:15:11] Normal request processed for: AutoClient6777
[18:15:11] Normal request processed for: AutoClient6781
[18:15:11] Normal request processed for: AutoClient6785
[18:15:11] Normal request processed for: AutoClient6784
[18:15:11] Normal request processed for: AutoClient6782
[18:15:11] Normal request processed for: AutoClient6786
[18:15:11] Normal request processed for: AutoClient6783
[18:15:11] Normal request processed for: AutoClient6787
[18:15:11] Normal request processed for: AutoClient6788
[18:15:11] Normal request processed for: AutoClient6789
[18:15:11] Normal request processed for: AutoClient6791
[18:15:11] Normal request processed for: AutoClient6792
[18:15:11] Normal request processed for: AutoClient6790
[18:15:11] Normal request processed for: AutoClient6797
[18:15:11] Normal request processed for: AutoClient6796
[18:15:11] Normal request processed for: AutoClient6793
[18:15:11] Normal request processed for: AutoClient6794
[18:15:11] Normal request processed for: AutoClient6795
[18:15:11] Normal request processed for: AutoClient6803
[18:15:11] Normal request processed for: AutoClient6798
[18:15:11] Normal request processed for: AutoClient6802
[18:15:11] Normal request processed for: AutoClient6799
[18:15:11] Normal request processed for: AutoClient6801
[18:15:11] Normal request processed for: AutoClient6808
[18:15:11] Normal request processed for: AutoClient6805
[18:15:11] Normal request processed for: AutoClient6804
[18:15:11] Normal request processed for: AutoClient6806
[18:15:11] Normal request processed for: AutoClient6809
[18:15:11] Normal request processed for: AutoClient6807
[18:15:11] Normal request processed for: AutoClient6810
[18:15:11] Normal request processed for: AutoClient6813
[18:15:11] Normal request processed for: AutoClient6811
[18:15:11] Normal request processed for: AutoClient6815
[18:15:11] Normal request processed for: AutoClient6812
[18:15:11] Normal request processed for: AutoClient6818
[18:15:11] Normal request processed for: AutoClient6814
[18:15:11] Normal request processed for: AutoClient6819
[18:15:11] Normal request processed for: AutoClient6816
[18:15:11] Normal request processed for: AutoClient6817
[18:15:11] Normal request processed for: AutoClient6820
[18:15:12] Normal request processed for: AutoClient6822
[18:15:12] Normal request processed for: AutoClient6821
[18:15:12] Normal request processed for: AutoClient6823
[18:15:12] Normal request processed for: AutoClient6824
[18:15:12] Normal request processed for: AutoClient6825
[18:15:12] Normal request processed for: AutoClient6826
[18:15:12] Normal request processed for: AutoClient6828
[18:15:12] Normal request processed for: AutoClient6827
[18:15:12] Normal request processed for: AutoClient6829
[18:15:12] Normal request processed for: AutoClient6831
[18:15:12] Normal request processed for: AutoClient6832
[18:15:12] Normal request processed for: AutoClient6833
[18:15:12] Normal request processed for: AutoClient6834
[18:15:12] Normal request processed for: AutoClient6830
[18:15:12] Normal request processed for: AutoClient6835
[18:15:12] Normal request processed for: AutoClient6837
[18:15:12] Normal request processed for: AutoClient6839
[18:15:12] Normal request processed for: AutoClient6838
[18:15:12] Normal request processed for: AutoClient6836
[18:15:12] Normal request processed for: AutoClient6840
[18:15:12] Normal request processed for: AutoClient6845
[18:15:12] Normal request processed for: AutoClient6848
[18:15:12] Normal request processed for: AutoClient6851
[18:15:12] Normal request processed for: AutoClient6842
[18:15:12] Normal request processed for: AutoClient6841
[18:15:12] Normal request processed for: AutoClient6846
[18:15:12] Normal request processed for: AutoClient6844
[18:15:12] Normal request processed for: AutoClient6850
[18:15:12] Normal request processed for: AutoClient6847
[18:15:12] Normal request processed for: AutoClient6843
[18:15:12] Normal request processed for: AutoClient6849
[18:15:15] Priority request processed for: AutoPriority
[18:15:15] Normal request processed for: AutoClient6856
[18:15:15] Normal request processed for: AutoClient6858
[18:15:15] Normal request processed for: AutoClient6860
[18:15:15] Normal request processed for: AutoClient6855
[18:15:15] Normal request processed for: AutoClient6861
[18:15:15] Normal request processed for: AutoClient6854
[18:15:15] Normal request processed for: AutoClient6852
[18:15:15] Normal request processed for: AutoClient6853
[18:15:15] Normal request processed for: AutoClient6859
[18:15:15] Normal request processed for: AutoClient6857
[18:15:15] Normal request processed for: AutoClient6862
[18:15:16] Normal request processed for: AutoClient6863
[18:15:16] Normal request processed for: AutoClient6864
[18:15:16] Normal request processed for: AutoClient6866
[18:15:16] Normal request processed for: AutoClient6867
[18:15:16] Normal request processed for: AutoClient6871
[18:15:16] Normal request processed for: AutoClient6865
[18:15:16] Normal request processed for: AutoClient6869
[18:15:16] Normal request processed for: AutoClient6868
[18:15:16] Normal request processed for: AutoClient6870
[18:15:16] Normal request processed for: AutoClient6872
[18:15:16] Normal request processed for: AutoClient6873
[18:15:16] Normal request processed for: AutoClient6874
[18:15:16] Normal request processed for: AutoClient6876
[18:15:16] Normal request processed for: AutoClient6875
[18:15:16] Normal request processed for: AutoClient6882
[18:15:16] Normal request processed for: AutoClient6879
[18:15:16] Normal request processed for: AutoClient6877
[18:15:16] Normal request processed for: AutoClient6878
[18:15:16] Normal request processed for: AutoClient6880
[18:15:16] Normal request processed for: AutoClient6881
[18:15:16] Normal request processed for: AutoClient6883
[18:15:16] Normal request processed for: AutoClient6884
[18:15:16] Normal request processed for: AutoClient6885
[18:15:16] Normal request processed for: AutoClient6890
[18:15:16] Normal request processed for: AutoClient6888
[18:15:16] Normal request processed for: AutoClient6886
[18:15:16] Normal request processed for: AutoClient6891
[18:15:16] Normal request processed for: AutoClient6887
[18:15:16] Normal request processed for: AutoClient6889
[18:15:16] Normal request processed for: AutoClient6895
[18:15:16] Normal request processed for: AutoClient6893
[18:15:16] Normal request processed for: AutoClient6892
[18:15:16] Normal request processed for: AutoClient6894
[18:15:16] Normal request processed for: AutoClient6896
[18:15:16] Normal request processed for: AutoClient6897
[18:15:16] Normal request processed for: AutoClient6898
[18:15:16] Normal request processed for: AutoClient6902
[18:15:16] Normal request processed for: AutoClient6899
[18:15:16] Normal request processed for: AutoClient6901
[18:15:16] Normal request processed for: AutoClient6904
[18:15:16] Normal request processed for: AutoClient6903
[18:15:16] Normal request processed for: AutoClient6906
[18:15:16] Normal request processed for: AutoClient6905
[18:15:16] Normal request processed for: AutoClient6907
[18:15:17] Normal request processed for: AutoClient6914
[18:15:17] Normal request processed for: AutoClient6909
[18:15:17] Normal request processed for: AutoClient6911
[18:15:17] Normal request processed for: AutoClient6908
[18:15:17] Normal request processed for: AutoClient6910
[18:15:17] Normal request processed for: AutoClient6915
[18:15:17] Normal request processed for: AutoClient6912
[18:15:17] Normal request processed for: AutoClient6913
[18:15:17] Normal request processed for: AutoClient6917
[18:15:17] Normal request processed for: AutoClient6916
[18:15:17] Normal request processed for: AutoClient6918
[18:15:17] Normal request processed for: AutoClient6919
[18:15:17] Normal request processed for: AutoClient6920
[18:15:17] Normal request processed for: AutoClient6922
[18:15:17] Normal request processed for: AutoClient6923
[18:15:17] Normal request processed for: AutoClient6925
[18:15:17] Normal request processed for: AutoClient6926
[18:15:17] Normal request processed for: AutoClient6921
[18:15:17] Normal request processed for: AutoClient6924
[18:15:17] Normal request processed for: AutoClient6927
[18:15:17] Normal request processed for: AutoClient6928
[18:15:17] Normal request processed for: AutoClient6929
[18:15:17] Normal request processed for: AutoClient6934
[18:15:17] Normal request processed for: AutoClient6933
[18:15:17] Normal request processed for: AutoClient6930
[18:15:17] Normal request processed for: AutoClient6936
[18:15:17] Normal request processed for: AutoClient6931
[18:15:17] Normal request processed for: AutoClient6932
[18:15:17] Normal request processed for: AutoClient6937
[18:15:17] Normal request processed for: AutoClient6935
[18:15:17] Normal request processed for: AutoClient6938
[18:15:17] Normal request processed for: AutoClient6939
[18:15:17] Normal request processed for: AutoClient6940
[18:15:17] Normal request processed for: AutoClient6942
[18:15:17] Normal request processed for: AutoClient6941
[18:15:17] Normal request processed for: AutoClient6945
[18:15:17] Normal request processed for: AutoClient6943
[18:15:17] Normal request processed for: AutoClient6944
[18:15:17] Normal request processed for: AutoClient6946
[18:15:17] Normal request processed for: AutoClient6948
[18:15:17] Normal request processed for: AutoClient6949
[18:15:17] Normal request processed for: AutoClient6947
[18:15:17] Normal request processed for: AutoClient6950
[18:15:17] Normal request processed for: AutoClient6951
[18:15:18] Normal request processed for: AutoClient6955
[18:15:18] Normal request processed for: AutoClient6957
[18:15:18] Normal request processed for: AutoClient6952
[18:15:18] Normal request processed for: AutoClient6953
[18:15:18] Normal request processed for: AutoClient6956
[18:15:18] Normal request processed for: AutoClient6954
[18:15:18] Normal request processed for: AutoClient6960
[18:15:18] Normal request processed for: AutoClient6958
[18:15:18] Normal request processed for: AutoClient6959
[18:15:18] Normal request processed for: AutoClient6965
[18:15:18] Normal request processed for: AutoClient6974
[18:15:18] Normal request processed for: AutoClient6962
[18:15:18] Normal request processed for: AutoClient6961
[18:15:18] Normal request processed for: AutoClient6963
[18:15:18] Normal request processed for: AutoClient6972
[18:15:18] Normal request processed for: AutoClient6973
[18:15:18] Normal request processed for: AutoClient6966
[18:15:18] Normal request processed for: AutoClient6968
[18:15:18] Normal request processed for: AutoClient6967
[18:15:18] Normal request processed for: AutoClient6970
[18:15:21] Priority request processed for: AutoPriority
[18:15:21] Normal request processed for: AutoClient6980
[18:15:21] Normal request processed for: AutoClient6971
[18:15:21] Normal request processed for: AutoClient6975
[18:15:21] Normal request processed for: AutoClient6982
[18:15:21] Normal request processed for: AutoClient6979
[18:15:21] Normal request processed for: AutoClient6978
[18:15:21] Normal request processed for: AutoClient6977
[18:15:21] Normal request processed for: AutoClient6964
[18:15:21] Normal request processed for: AutoClient6969
[18:15:21] Normal request processed for: AutoClient6976
[18:15:21] Normal request processed for: AutoClient6981
[18:15:21] Normal request processed for: AutoClient6989
