Server log starts here.
[2026-06-07 11:06:07] Thread pool started with 4 worker threads.
[2026-06-07 11:06:07] Server started on port 8080
[2026-06-07 11:06:07] Normal clients: /, /data.html
[2026-06-07 11:06:07] Priority client: /pause or /priority
[2026-06-07 11:06:24] Accepted normal client request.
[2026-06-07 11:06:24] Worker 1 handling normal request: /index.html
[2026-06-07 11:06:27] Accepted normal client request.
[2026-06-07 11:06:27] Worker 2 handling normal request: /index.html
[2026-06-07 11:06:30] Accepted normal client request.
[2026-06-07 11:06:30] Worker 3 handling normal request: /index.html
[2026-06-07 11:06:31] Accepted normal client request.
[2026-06-07 11:06:31] Worker 4 handling normal request: /data.html
[2026-06-07 11:06:33] Accepted normal client request.
[2026-06-07 11:06:33] Worker 1 handling normal request: /index.html
[2026-06-07 11:06:34] Accepted normal client request.
[2026-06-07 11:06:34] Worker 2 handling normal request: /data.html
[2026-06-07 11:06:36] Accepted normal client request.
[2026-06-07 11:06:36] Worker 3 handling normal request: /index.html
[2026-06-07 11:06:37] Accepted normal client request.
[2026-06-07 11:06:37] Worker 4 handling normal request: /data.html
[2026-06-07 11:06:38] Accepted normal client request.
[2026-06-07 11:06:38] Worker 1 handling normal request: /index.html
[2026-06-07 11:06:40] Accepted normal client request.
[2026-06-07 11:06:40] Worker 2 handling normal request: /data.html
[2026-06-07 11:06:41] Accepted normal client request.
[2026-06-07 11:06:41] Worker 3 handling normal request: /index.html
[2026-06-07 11:06:43] Accepted normal client request.
[2026-06-07 11:06:43] Worker 4 handling normal request: /data.html
[2026-06-07 11:06:44] Accepted normal client request.
[2026-06-07 11:06:44] Worker 1 handling normal request: /index.html
[2026-06-07 11:06:47] Accepted normal client request.
[2026-06-07 11:06:47] Worker 2 handling normal request: /index.html
[2026-06-07 11:06:50] Accepted PRIORITY client request.
[2026-06-07 11:06:50] Worker 3 received PRIORITY client request. Normal clients paused.
[2026-06-07 11:06:50] Accepted normal client request.
[2026-06-07 11:06:53] Priority client completed. Normal clients resumed.
[2026-06-07 11:06:53] Worker 4 handling normal request: /index.html
[2026-06-07 11:09:03] Accepted normal client request.
[2026-06-07 11:09:03] Worker 1 handling normal request: /index.html
[2026-06-07 11:09:04] Accepted normal client request.
[2026-06-07 11:09:04] Worker 2 handling normal request: /favicon.ico
[2026-06-07 11:09:07] Accepted normal client request.
[2026-06-07 11:09:07] Worker 3 handling normal request: /index.html
[2026-06-07 11:09:08] Accepted normal client request.
[2026-06-07 11:09:08] Worker 4 handling normal request: /favicon.ico
[2026-06-07 11:20:39] Thread pool started with 4 worker threads.
[2026-06-07 11:20:39] Server started on port 8080
[2026-06-07 11:20:39] Normal clients: /, /data.html
[2026-06-07 11:20:39] Priority client: /pause or /priority
[2026-06-07 11:20:41] Accepted normal client request.
[2026-06-07 11:20:41] Worker 1 handling normal request: /index.html
[2026-06-07 11:20:42] Accepted normal client request.
[2026-06-07 11:20:42] Worker 2 handling normal request: /favicon.ico
[2026-06-07 11:21:11] Accepted normal client request.
[2026-06-07 11:21:11] Worker 3 handling normal request: /index.html
[2026-06-07 11:21:14] Accepted normal client request.
[2026-06-07 11:21:14] Worker 4 handling normal request: /index.html
[2026-06-07 11:21:17] Accepted normal client request.
[2026-06-07 11:21:17] Worker 1 handling normal request: /index.html
[2026-06-07 11:21:21] Accepted normal client request.
[2026-06-07 11:21:21] Worker 2 handling normal request: /index.html
[2026-06-07 11:21:24] Accepted normal client request.
[2026-06-07 11:21:24] Worker 3 handling normal request: /index.html
[2026-06-07 11:21:25] Accepted normal client request.
[2026-06-07 11:21:25] Worker 4 handling normal request: /data.html
[2026-06-07 11:21:28] Accepted normal client request.
[2026-06-07 11:21:28] Worker 1 handling normal request: /data.html
[2026-06-07 11:21:30] Accepted normal client request.
[2026-06-07 11:21:30] Worker 2 handling normal request: /index.html
[2026-06-07 11:21:31] Accepted normal client request.
[2026-06-07 11:21:31] Worker 3 handling normal request: /data.html
[2026-06-07 11:21:33] Accepted normal client request.
[2026-06-07 11:21:33] Worker 4 handling normal request: /index.html
[2026-06-07 11:21:34] Accepted normal client request.
[2026-06-07 11:21:34] Worker 1 handling normal request: /data.html
[2026-06-07 11:21:36] Accepted normal client request.
[2026-06-07 11:21:36] Worker 2 handling normal request: /index.html
[2026-06-07 11:21:37] Accepted normal client request.
[2026-06-07 11:21:37] Worker 3 handling normal request: /data.html
[2026-06-07 11:21:39] Accepted normal client request.
[2026-06-07 11:21:39] Worker 4 handling normal request: /index.html
[2026-06-07 11:21:42] Accepted normal client request.
[2026-06-07 11:21:42] Worker 1 handling normal request: /index.html
[2026-06-07 11:21:49] Accepted PRIORITY client request.
[2026-06-07 11:21:49] Worker 2 received PRIORITY client request. Normal clients paused.
[2026-06-07 11:21:52] Priority client completed. Normal clients resumed.
[2026-06-07 11:21:55] Accepted normal client request.
[2026-06-07 11:21:55] Worker 3 handling normal request: /index.html
[2026-06-07 11:31:43] Thread pool started with 4 worker threads.
[2026-06-07 11:31:43] Server started on port 8080
[2026-06-07 11:31:43] Normal clients: /, /data.html
[2026-06-07 11:31:43] Priority client: /pause or /priority
[2026-06-07 11:31:45] Accepted normal client request.
[2026-06-07 11:31:45] Worker 1 handling normal request: /index.html
[2026-06-07 11:32:01] Accepted normal client request.
[2026-06-07 11:32:01] Worker 2 handling normal request: /index.html
[2026-06-07 11:32:04] Accepted normal client request.
[2026-06-07 11:32:04] Worker 3 handling normal request: /index.html
[2026-06-07 11:32:07] Accepted normal client request.
[2026-06-07 11:32:07] Worker 4 handling normal request: /index.html
[2026-06-07 11:32:08] Accepted normal client request.
[2026-06-07 11:32:08] Worker 1 handling normal request: /index.html
[2026-06-07 11:32:10] Accepted normal client request.
[2026-06-07 11:32:10] Worker 2 handling normal request: /index.html
[2026-06-07 11:32:13] Accepted normal client request.
[2026-06-07 11:32:13] Worker 3 handling normal request: /index.html
[2026-06-07 11:32:16] Accepted normal client request.
[2026-06-07 11:32:16] Worker 4 handling normal request: /status
[2026-06-07 11:32:17] Accepted normal client request.
[2026-06-07 11:32:17] Worker 1 handling normal request: /file
[2026-06-07 11:32:18] Accepted PRIORITY client request.
[2026-06-07 11:32:18] Worker 2 received PRIORITY client request. Normal clients paused.
[2026-06-07 11:32:21] Priority client completed. Normal clients resumed.
[2026-06-07 11:39:45] Thread pool started with 4 worker threads.
[2026-06-07 11:39:45] Server started on port 8080
[2026-06-07 11:39:45] Normal clients: /, /data.html
[2026-06-07 11:39:45] Priority client: /pause or /priority
[2026-06-07 11:39:47] Accepted normal client request.
[2026-06-07 11:39:49] Normal request processed for: Unknown
[2026-06-07 11:41:19] Thread pool started with 4 worker threads.
[2026-06-07 11:41:19] Server started on port 8080
[2026-06-07 11:41:19] Normal clients: /, /data.html
[2026-06-07 11:41:19] Priority client: /pause or /priority
[2026-06-07 11:41:21] Accepted normal client request.
[2026-06-07 11:41:23] Normal request processed for: Unknown
[2026-06-07 11:41:35] Accepted normal client request.
[2026-06-07 11:41:37] Normal request processed for: Unknown
[2026-06-07 11:41:39] Accepted normal client request.
[2026-06-07 11:41:40] Normal request processed for: Unknown
[2026-06-07 11:41:42] Accepted normal client request.
[2026-06-07 11:41:44] Normal request processed for: Unknown
[2026-06-07 11:41:46] Accepted normal client request.
[2026-06-07 11:41:47] Normal request processed for: Unknown
[2026-06-07 11:41:49] Accepted normal client request.
[2026-06-07 11:41:49] Accepted normal client request.
[2026-06-07 11:41:51] Normal request processed for: Avi
[2026-06-07 11:41:51] Normal request processed for: Unknown
[2026-06-07 11:41:56] Accepted normal client request.
[2026-06-07 11:41:58] Normal request processed for: Abhi
[2026-06-07 11:42:07] Accepted PRIORITY client request.
[2026-06-07 11:42:14] Priority request processed for: Inder
[2026-06-07 11:42:17] Accepted normal client request.
[2026-06-07 11:42:18] Normal request processed for: Unknown
[2026-06-07 11:46:43] Thread pool started with 4 worker threads.
[2026-06-07 11:46:43] Server started on port 8080
[2026-06-07 11:46:43] Normal clients: /, /data.html
[2026-06-07 11:46:43] Priority client: /pause or /priority
[2026-06-07 11:46:45] Accepted normal client request.
[2026-06-07 11:46:46] Normal request processed for: Unknown
[2026-06-07 11:47:12] Accepted normal client request.
[2026-06-07 11:47:13] Normal request processed for: Unknown
[2026-06-07 11:47:15] Accepted normal client request.
[2026-06-07 11:47:16] Normal request processed for: Unknown
[2026-06-07 11:47:18] Accepted normal client request.
[2026-06-07 11:47:19] Normal request processed for: Unknown
[2026-06-07 11:47:21] Accepted normal client request.
[2026-06-07 11:47:22] Normal request processed for: Unknown
[2026-06-07 11:47:24] Accepted normal client request.
[2026-06-07 11:47:25] Normal request processed for: Unknown
[2026-06-07 11:47:27] Accepted PRIORITY client request.
[2026-06-07 11:47:32] Priority request processed for: Inder
[2026-06-07 11:47:37] Accepted normal client request.
[2026-06-07 11:47:38] Normal request processed for: Unknown
[2026-06-07 11:47:59] Accepted PRIORITY client request.
[2026-06-07 11:48:02] Accepted normal client request.
[2026-06-07 11:48:04] Priority request processed for: Inder
[2026-06-07 11:48:05] Normal request processed for: Unknown
[2026-06-07 11:48:22] Accepted normal client request.
[2026-06-07 11:48:23] Normal request processed for: Abhi
[2026-06-07 11:48:25] Accepted normal client request.
[2026-06-07 11:48:26] Normal request processed for: Unknown
[2026-06-07 11:51:07] Thread pool started with 4 worker threads.
[2026-06-07 11:51:07] Server started on port 8080
[2026-06-07 11:51:07] Normal clients: /, /data.html
[2026-06-07 11:51:07] Priority client: /pause or /priority
[2026-06-07 11:51:10] Accepted normal client request.
[2026-06-07 11:51:10] Accepted normal client request.
[2026-06-07 11:51:11] Accepted normal client request.
[2026-06-07 11:51:12] Accepted normal client request.
[2026-06-07 11:51:13] Accepted normal client request.
[2026-06-07 11:51:14] Accepted normal client request.
[2026-06-07 11:51:15] Accepted normal client request.
[2026-06-07 11:51:16] Accepted normal client request.
[2026-06-07 11:51:17] Accepted normal client request.
[2026-06-07 11:51:18] Accepted normal client request.
[2026-06-07 11:51:19] Accepted normal client request.
[2026-06-07 11:51:20] Accepted normal client request.
[2026-06-07 11:51:21] Accepted normal client request.
[2026-06-07 11:51:22] Accepted normal client request.
[2026-06-07 11:51:22] Accepted normal client request.
[2026-06-07 11:51:23] Accepted normal client request.
[2026-06-07 11:51:24] Accepted normal client request.
[2026-06-07 11:51:25] Normal request processed for: Rishabh
[2026-06-07 11:51:25] Accepted normal client request.
[2026-06-07 11:51:26] Accepted normal client request.
[2026-06-07 11:51:27] Accepted normal client request.
[2026-06-07 11:51:28] Accepted normal client request.
[2026-06-07 11:51:29] Accepted normal client request.
[2026-06-07 11:51:30] Accepted normal client request.
[2026-06-07 11:51:30] Accepted normal client request.
[2026-06-07 11:51:31] Accepted normal client request.
[2026-06-07 11:51:32] Accepted normal client request.
[2026-06-07 11:51:33] Accepted normal client request.
[2026-06-07 11:51:34] Accepted normal client request.
[2026-06-07 11:51:35] Accepted normal client request.
[2026-06-07 11:51:36] Accepted normal client request.
[2026-06-07 11:51:37] Accepted normal client request.
[2026-06-07 11:51:38] Accepted normal client request.
[2026-06-07 11:51:38] Accepted normal client request.
[2026-06-07 11:51:39] Accepted normal client request.
[2026-06-07 11:51:40] Accepted normal client request.
[2026-06-07 11:51:41] Normal request processed for: Abhi
[2026-06-07 11:51:41] Accepted normal client request.
[2026-06-07 11:51:42] Accepted normal client request.
[2026-06-07 11:51:43] Accepted normal client request.
[2026-06-07 11:51:44] Accepted normal client request.
[2026-06-07 11:51:45] Accepted normal client request.
[2026-06-07 11:51:46] Accepted normal client request.
[2026-06-07 11:51:47] Accepted normal client request.
[2026-06-07 11:51:48] Accepted normal client request.
[2026-06-07 11:51:49] Accepted normal client request.
[2026-06-07 11:51:50] Accepted PRIORITY client request.
[2026-06-07 11:51:50] Accepted normal client request.
[2026-06-07 11:51:51] Accepted normal client request.
[2026-06-07 11:51:52] Accepted normal client request.
[2026-06-07 11:51:53] Accepted normal client request.
[2026-06-07 11:51:54] Priority request processed for: Inder
[2026-06-07 11:51:54] Accepted normal client request.
[2026-06-07 11:51:55] Accepted normal client request.
[2026-06-07 11:51:56] Accepted normal client request.
[2026-06-07 11:51:57] Accepted normal client request.
[2026-06-07 11:51:58] Accepted normal client request.
[2026-06-07 11:51:59] Accepted normal client request.
[2026-06-07 11:52:00] Accepted normal client request.
[2026-06-07 11:52:01] Accepted normal client request.
[2026-06-07 11:52:02] Accepted normal client request.
[2026-06-07 11:52:03] Accepted normal client request.
[2026-06-07 11:52:04] Accepted normal client request.
[2026-06-07 11:52:05] Accepted normal client request.
[2026-06-07 11:52:06] Accepted normal client request.
[2026-06-07 11:52:07] Accepted normal client request.
[2026-06-07 11:52:08] Accepted normal client request.
[2026-06-07 11:52:09] Accepted normal client request.
[2026-06-07 11:52:10] Accepted normal client request.
[2026-06-07 11:52:11] Accepted normal client request.
[2026-06-07 11:52:12] Accepted normal client request.
[2026-06-07 11:52:12] Accepted normal client request.
[2026-06-07 11:52:13] Accepted normal client request.
[2026-06-07 11:52:14] Accepted normal client request.
[2026-06-07 11:52:15] Normal request processed for: Abhi
[2026-06-07 11:52:15] Accepted normal client request.
[2026-06-07 11:52:16] Accepted normal client request.
[2026-06-07 11:52:17] Accepted normal client request.
[2026-06-07 11:52:18] Accepted normal client request.
[2026-06-07 11:52:19] Accepted normal client request.
[2026-06-07 11:52:20] Accepted normal client request.
[2026-06-07 11:52:21] Accepted normal client request.
[2026-06-07 11:52:22] Accepted normal client request.
[2026-06-07 11:52:23] Accepted normal client request.
[2026-06-07 11:52:24] Accepted normal client request.
[2026-06-07 11:52:25] Accepted normal client request.
[2026-06-07 11:52:26] Accepted normal client request.
[2026-06-07 11:52:27] Accepted normal client request.
[2026-06-07 11:52:28] Accepted PRIORITY client request.
[2026-06-07 11:52:28] Accepted normal client request.
[2026-06-07 11:52:29] Accepted normal client request.
[2026-06-07 11:52:30] Accepted normal client request.
[2026-06-07 11:52:31] Accepted normal client request.
[2026-06-07 11:52:32] Priority request processed for: Inder
[2026-06-07 11:52:32] Accepted normal client request.
[2026-06-07 11:52:33] Accepted normal client request.
[2026-06-07 11:52:34] Accepted normal client request.
[2026-06-07 11:52:35] Accepted normal client request.
[2026-06-07 11:52:36] Accepted normal client request.
[2026-06-07 11:52:37] Accepted normal client request.
[2026-06-07 11:52:38] Accepted normal client request.
[2026-06-07 11:52:39] Accepted normal client request.
[2026-06-07 11:52:40] Accepted normal client request.
[2026-06-07 11:52:41] Accepted normal client request.
[2026-06-07 11:52:42] Accepted normal client request.
[2026-06-07 11:52:43] Accepted normal client request.
[2026-06-07 11:52:44] Accepted normal client request.
[2026-06-07 11:52:45] Accepted normal client request.
[2026-06-07 11:52:46] Accepted normal client request.
[2026-06-07 11:52:47] Accepted normal client request.
[2026-06-07 11:52:48] Accepted normal client request.
[2026-06-07 11:52:49] Accepted normal client request.
[2026-06-07 11:52:50] Accepted normal client request.
[2026-06-07 11:52:51] Accepted normal client request.
[2026-06-07 11:52:52] Accepted normal client request.
[2026-06-07 11:52:53] Accepted normal client request.
[2026-06-07 11:52:54] Accepted normal client request.
[2026-06-07 11:52:55] Accepted normal client request.
[2026-06-07 11:52:56] Accepted normal client request.
[2026-06-07 11:52:57] Accepted normal client request.
[2026-06-07 11:52:58] Accepted normal client request.
[2026-06-07 11:52:59] Accepted normal client request.
[2026-06-07 11:53:00] Accepted normal client request.
[2026-06-07 11:53:01] Accepted normal client request.
[2026-06-07 11:53:02] Accepted normal client request.
[2026-06-07 11:53:03] Accepted normal client request.
[2026-06-07 11:53:04] Accepted normal client request.
[2026-06-07 11:53:05] Accepted normal client request.
[2026-06-07 11:53:06] Accepted normal client request.
[2026-06-07 11:53:07] Accepted normal client request.
[2026-06-07 11:53:08] Accepted normal client request.
[2026-06-07 11:53:09] Accepted normal client request.
[2026-06-07 11:53:10] Accepted normal client request.
[2026-06-07 11:53:11] Accepted normal client request.
[2026-06-07 11:53:12] Accepted normal client request.
[2026-06-07 11:53:13] Accepted normal client request.
[2026-06-07 11:53:14] Accepted normal client request.
[2026-06-07 11:53:15] Accepted normal client request.
[2026-06-07 11:53:16] Accepted normal client request.
[2026-06-07 11:53:17] Accepted normal client request.
[2026-06-07 11:53:18] Accepted normal client request.
[2026-06-07 11:53:19] Accepted normal client request.
[2026-06-07 11:53:20] Accepted normal client request.
[2026-06-07 11:53:21] Accepted normal client request.
[2026-06-07 11:53:22] Accepted normal client request.
[2026-06-07 11:53:23] Accepted normal client request.
[2026-06-07 11:53:24] Accepted normal client request.
[2026-06-07 11:53:25] Accepted normal client request.
[2026-06-07 11:53:26] Accepted normal client request.
[2026-06-07 11:53:27] Accepted normal client request.
[2026-06-07 11:53:29] Accepted normal client request.
[2026-06-07 11:53:30] Accepted normal client request.
[2026-06-07 11:53:31] Accepted normal client request.
[2026-06-07 11:53:32] Accepted normal client request.
[2026-06-07 11:53:33] Accepted normal client request.
[2026-06-07 11:53:34] Accepted normal client request.
[2026-06-07 11:53:35] Accepted normal client request.
[2026-06-07 11:53:36] Accepted normal client request.
[2026-06-07 11:53:37] Accepted normal client request.
[2026-06-07 11:53:38] Accepted normal client request.
[2026-06-07 11:53:39] Accepted normal client request.
[2026-06-07 11:53:40] Accepted normal client request.
[2026-06-07 11:53:41] Accepted normal client request.
[2026-06-07 11:53:42] Accepted normal client request.
[2026-06-07 11:53:43] Accepted normal client request.
[2026-06-07 11:53:44] Accepted normal client request.
[2026-06-07 11:53:45] Accepted normal client request.
[2026-06-07 11:53:46] Accepted normal client request.
[2026-06-07 11:53:47] Accepted normal client request.
[2026-06-07 11:53:48] Accepted normal client request.
[2026-06-07 11:53:49] Accepted normal client request.
[2026-06-07 11:53:50] Accepted normal client request.
[2026-06-07 11:53:51] Accepted normal client request.
[2026-06-07 11:53:52] Accepted normal client request.
[2026-06-07 11:53:53] Accepted normal client request.
[2026-06-07 11:53:54] Accepted normal client request.
[2026-06-07 11:53:55] Accepted normal client request.
[2026-06-07 11:53:56] Accepted normal client request.
[2026-06-07 11:53:57] Accepted normal client request.
[2026-06-07 11:53:58] Accepted normal client request.
[2026-06-07 11:53:59] Accepted normal client request.
[2026-06-07 11:54:00] Accepted normal client request.
[2026-06-07 11:54:01] Accepted normal client request.
[2026-06-07 11:54:02] Accepted normal client request.
[2026-06-07 11:54:03] Accepted normal client request.
[2026-06-07 11:54:04] Accepted normal client request.
[2026-06-07 11:54:05] Accepted normal client request.
[2026-06-07 11:54:06] Accepted normal client request.
[2026-06-07 11:54:07] Accepted normal client request.
[2026-06-07 11:54:08] Accepted normal client request.
[2026-06-07 11:54:09] Accepted normal client request.
[2026-06-07 11:54:10] Accepted normal client request.
[2026-06-07 11:54:11] Accepted normal client request.
[2026-06-07 11:54:12] Accepted normal client request.
[2026-06-07 11:54:13] Accepted normal client request.
[2026-06-07 11:54:14] Accepted normal client request.
[2026-06-07 11:54:15] Accepted normal client request.
[2026-06-07 11:54:16] Accepted normal client request.
[2026-06-07 11:54:17] Accepted normal client request.
[2026-06-07 11:54:18] Accepted normal client request.
[2026-06-07 11:54:19] Accepted normal client request.
[2026-06-07 11:54:20] Accepted normal client request.
[2026-06-07 11:54:21] Accepted normal client request.
[2026-06-07 11:54:22] Accepted normal client request.
[2026-06-07 11:54:23] Accepted normal client request.
[2026-06-07 11:54:24] Accepted normal client request.
[2026-06-07 11:54:25] Accepted normal client request.
[2026-06-07 11:54:26] Accepted normal client request.
[2026-06-07 11:54:27] Accepted normal client request.
[2026-06-07 11:54:28] Accepted normal client request.
[2026-06-07 11:54:29] Accepted normal client request.
[2026-06-07 11:54:30] Accepted normal client request.
[2026-06-07 11:54:31] Accepted normal client request.
[2026-06-07 11:54:32] Accepted normal client request.
[2026-06-07 11:54:33] Accepted normal client request.
[2026-06-07 11:54:34] Accepted normal client request.
[2026-06-07 11:54:35] Accepted normal client request.
[2026-06-07 11:54:36] Accepted normal client request.
[2026-06-07 11:54:37] Accepted normal client request.
[2026-06-07 11:54:38] Accepted normal client request.
[2026-06-07 11:54:39] Accepted normal client request.
[2026-06-07 11:54:40] Accepted normal client request.
[2026-06-07 11:54:41] Accepted normal client request.
[2026-06-07 11:54:42] Accepted normal client request.
[2026-06-07 11:54:43] Accepted normal client request.
[2026-06-07 11:54:44] Accepted normal client request.
[2026-06-07 11:54:45] Accepted normal client request.
[2026-06-07 11:54:46] Accepted normal client request.
[2026-06-07 11:54:47] Accepted normal client request.
[2026-06-07 11:54:48] Accepted normal client request.
[2026-06-07 11:54:49] Accepted normal client request.
[2026-06-07 11:54:50] Accepted normal client request.
[2026-06-07 11:54:51] Accepted normal client request.
[2026-06-07 11:54:52] Accepted normal client request.
[2026-06-07 11:54:53] Accepted normal client request.
[2026-06-07 11:54:54] Accepted normal client request.
[2026-06-07 11:54:55] Accepted normal client request.
[2026-06-07 11:54:56] Accepted normal client request.
[2026-06-07 11:54:57] Accepted normal client request.
[2026-06-07 11:54:58] Accepted normal client request.
[2026-06-07 11:54:59] Accepted normal client request.
[2026-06-07 11:55:00] Accepted normal client request.
[2026-06-07 11:55:01] Accepted normal client request.
[2026-06-07 11:55:02] Accepted normal client request.
[2026-06-07 11:55:03] Accepted normal client request.
[2026-06-07 11:55:04] Accepted normal client request.
[2026-06-07 11:55:05] Accepted normal client request.
[2026-06-07 11:55:06] Accepted normal client request.
[2026-06-07 11:55:07] Accepted normal client request.
[2026-06-07 11:55:08] Accepted normal client request.
[2026-06-07 11:55:09] Accepted normal client request.
[2026-06-07 11:55:10] Accepted normal client request.
[2026-06-07 11:55:11] Accepted normal client request.
[2026-06-07 11:55:12] Accepted normal client request.
[2026-06-07 11:55:13] Accepted normal client request.
[2026-06-07 11:55:14] Accepted normal client request.
[2026-06-07 11:55:15] Accepted normal client request.
[2026-06-07 11:55:16] Accepted normal client request.
[2026-06-07 11:55:17] Accepted normal client request.
[2026-06-07 11:55:18] Accepted normal client request.
[2026-06-07 11:55:19] Accepted normal client request.
[2026-06-07 11:55:20] Accepted normal client request.
[2026-06-07 11:55:21] Accepted normal client request.
[2026-06-07 11:55:22] Accepted normal client request.
[2026-06-07 11:55:23] Accepted normal client request.
[2026-06-07 11:55:24] Accepted normal client request.
[2026-06-07 11:55:25] Accepted normal client request.
[2026-06-07 11:55:26] Accepted normal client request.
[2026-06-07 11:55:27] Accepted normal client request.
[2026-06-07 11:55:28] Accepted normal client request.
[2026-06-07 11:55:29] Accepted normal client request.
[2026-06-07 11:55:30] Accepted normal client request.
[2026-06-07 11:55:31] Accepted normal client request.
[2026-06-07 11:55:32] Accepted normal client request.
[2026-06-07 11:55:33] Accepted normal client request.
[2026-06-07 11:55:34] Accepted normal client request.
[2026-06-07 11:55:35] Accepted normal client request.
[2026-06-07 11:55:36] Accepted normal client request.
[2026-06-07 11:55:37] Accepted normal client request.
[2026-06-07 11:55:38] Accepted normal client request.
[2026-06-07 11:55:39] Accepted normal client request.
[2026-06-07 11:55:40] Accepted normal client request.
[2026-06-07 11:55:41] Accepted normal client request.
[2026-06-07 11:55:42] Accepted normal client request.
[2026-06-07 11:55:43] Accepted normal client request.
[2026-06-07 11:55:44] Accepted normal client request.
[2026-06-07 11:55:45] Accepted normal client request.
[2026-06-07 11:55:46] Accepted normal client request.
[2026-06-07 11:55:47] Accepted normal client request.
[2026-06-07 11:55:48] Accepted normal client request.
[2026-06-07 11:55:49] Accepted normal client request.
[2026-06-07 11:55:50] Accepted normal client request.
[2026-06-07 11:55:51] Accepted normal client request.
[2026-06-07 11:55:52] Accepted normal client request.
[2026-06-07 11:55:53] Accepted normal client request.
[2026-06-07 11:55:54] Accepted normal client request.
[2026-06-07 11:55:55] Accepted normal client request.
[2026-06-07 11:55:56] Accepted normal client request.
[2026-06-07 11:55:57] Accepted normal client request.
[2026-06-07 11:55:58] Accepted normal client request.
[2026-06-07 11:55:59] Accepted normal client request.
[2026-06-07 11:56:00] Accepted normal client request.
[2026-06-07 11:56:01] Accepted normal client request.
[2026-06-07 11:56:02] Accepted normal client request.
[2026-06-07 11:56:03] Accepted normal client request.
[2026-06-07 11:56:04] Accepted normal client request.
[2026-06-07 11:56:05] Accepted normal client request.
[2026-06-07 11:56:06] Accepted normal client request.
[2026-06-07 11:56:07] Accepted normal client request.
[2026-06-07 11:56:08] Accepted normal client request.
[2026-06-07 11:56:09] Accepted normal client request.
[2026-06-07 11:56:10] Accepted normal client request.
[2026-06-07 11:56:11] Accepted normal client request.
[2026-06-07 11:56:12] Accepted normal client request.
[2026-06-07 11:56:13] Accepted normal client request.
[2026-06-07 11:56:14] Accepted normal client request.
[2026-06-07 11:56:15] Accepted normal client request.
[2026-06-07 11:56:16] Accepted normal client request.
[2026-06-07 11:56:17] Accepted normal client request.
[2026-06-07 11:56:18] Accepted normal client request.
[2026-06-07 11:56:19] Accepted normal client request.
[2026-06-07 11:56:20] Accepted normal client request.
[2026-06-07 11:56:21] Accepted normal client request.
[2026-06-07 11:56:22] Accepted normal client request.
[2026-06-07 11:56:23] Accepted normal client request.
[2026-06-07 11:56:24] Accepted normal client request.
[2026-06-07 11:56:25] Accepted normal client request.
[2026-06-07 11:56:26] Accepted normal client request.
[2026-06-07 11:56:27] Accepted normal client request.
[2026-06-07 11:56:28] Accepted normal client request.
[2026-06-07 11:56:29] Accepted normal client request.
[2026-06-07 11:56:30] Accepted normal client request.
[2026-06-07 11:56:31] Accepted normal client request.
[2026-06-07 11:56:32] Accepted normal client request.
[2026-06-07 11:56:33] Accepted normal client request.
[2026-06-07 11:56:34] Accepted normal client request.
[2026-06-07 11:56:35] Accepted normal client request.
[2026-06-07 11:56:36] Accepted normal client request.
[2026-06-07 11:56:37] Accepted normal client request.
[2026-06-07 11:56:38] Accepted normal client request.
[2026-06-07 11:56:39] Accepted normal client request.
[2026-06-07 11:56:40] Accepted normal client request.
[2026-06-07 11:56:41] Accepted normal client request.
[2026-06-07 11:56:42] Accepted normal client request.
[2026-06-07 11:56:43] Accepted normal client request.
[2026-06-07 11:56:44] Accepted normal client request.
[2026-06-07 11:56:45] Accepted normal client request.
[2026-06-07 11:56:46] Accepted normal client request.
[2026-06-07 11:56:47] Accepted normal client request.
[2026-06-07 11:56:49] Accepted normal client request.
[2026-06-07 11:56:50] Accepted normal client request.
[2026-06-07 11:56:53] Accepted normal client request.
[2026-06-07 11:56:54] Accepted normal client request.
[2026-06-07 11:56:55] Accepted normal client request.
[2026-06-07 11:56:56] Accepted normal client request.
[2026-06-07 11:56:57] Accepted normal client request.
[2026-06-07 11:56:58] Accepted normal client request.
[2026-06-07 11:56:59] Accepted normal client request.
[2026-06-07 11:57:00] Accepted normal client request.
[2026-06-07 11:57:01] Accepted normal client request.
[2026-06-07 11:57:02] Accepted normal client request.
[2026-06-07 11:57:03] Accepted normal client request.
[2026-06-07 11:57:04] Accepted normal client request.
[2026-06-07 11:57:05] Accepted normal client request.
[2026-06-07 11:57:06] Accepted normal client request.
[2026-06-07 11:57:07] Accepted normal client request.
[2026-06-07 11:57:08] Accepted normal client request.
[2026-06-07 11:57:09] Accepted normal client request.
[2026-06-07 11:57:10] Accepted normal client request.
[2026-06-07 11:57:11] Accepted normal client request.
[2026-06-07 11:57:12] Accepted normal client request.
[2026-06-07 11:57:13] Accepted normal client request.
[2026-06-07 11:57:14] Accepted normal client request.
[2026-06-07 11:57:15] Accepted normal client request.
[2026-06-07 11:57:16] Accepted normal client request.
[2026-06-07 11:57:17] Accepted normal client request.
[2026-06-07 11:57:18] Accepted normal client request.
[2026-06-07 11:57:19] Accepted normal client request.
[2026-06-07 11:57:20] Accepted normal client request.
[2026-06-07 11:57:21] Accepted normal client request.
[2026-06-07 11:57:22] Accepted normal client request.
[2026-06-07 11:57:23] Accepted normal client request.
[2026-06-07 11:57:24] Accepted normal client request.
[2026-06-07 11:57:25] Accepted normal client request.
[2026-06-07 11:57:26] Accepted normal client request.
[2026-06-07 11:57:27] Accepted normal client request.
[2026-06-07 11:57:28] Accepted normal client request.
[2026-06-07 11:57:29] Accepted normal client request.
[2026-06-07 11:57:30] Accepted normal client request.
[2026-06-07 11:57:31] Accepted normal client request.
[2026-06-07 11:57:32] Accepted normal client request.
[2026-06-07 11:57:33] Accepted normal client request.
[2026-06-07 11:57:34] Accepted normal client request.
[2026-06-07 11:57:35] Accepted normal client request.
[2026-06-07 11:57:36] Accepted normal client request.
[2026-06-07 11:57:37] Accepted normal client request.
[2026-06-07 11:57:38] Accepted normal client request.
[2026-06-07 11:57:39] Accepted normal client request.
[2026-06-07 11:57:40] Accepted normal client request.
[2026-06-07 11:57:41] Accepted normal client request.
[2026-06-07 11:57:42] Accepted normal client request.
[2026-06-07 11:57:44] Accepted normal client request.
[2026-06-07 11:57:45] Accepted normal client request.
[2026-06-07 11:57:46] Accepted normal client request.
[2026-06-07 11:57:47] Accepted normal client request.
[2026-06-07 11:57:48] Accepted normal client request.
[2026-06-07 11:57:49] Accepted normal client request.
[2026-06-07 11:57:50] Accepted normal client request.
[2026-06-07 11:57:51] Accepted normal client request.
[2026-06-07 11:57:52] Accepted normal client request.
[2026-06-07 11:57:53] Accepted normal client request.
[2026-06-07 11:57:54] Accepted normal client request.
[2026-06-07 11:57:55] Accepted normal client request.
[2026-06-07 11:57:56] Accepted normal client request.
[2026-06-07 11:57:57] Accepted normal client request.
[2026-06-07 11:57:58] Accepted normal client request.
[2026-06-07 11:57:59] Accepted normal client request.
[2026-06-07 11:58:00] Accepted normal client request.
[2026-06-07 11:58:01] Accepted normal client request.
[2026-06-07 11:58:02] Accepted normal client request.
[2026-06-07 11:58:03] Accepted normal client request.
[2026-06-07 11:58:04] Accepted normal client request.
[2026-06-07 11:58:05] Accepted normal client request.
[2026-06-07 11:58:06] Accepted normal client request.
[2026-06-07 11:58:07] Accepted normal client request.
[2026-06-07 11:58:08] Accepted normal client request.
[2026-06-07 11:58:09] Accepted normal client request.
[2026-06-07 11:58:10] Accepted normal client request.
[2026-06-07 11:58:11] Accepted normal client request.
[2026-06-07 11:58:12] Accepted normal client request.
[2026-06-07 11:58:13] Accepted normal client request.
[2026-06-07 11:58:14] Accepted normal client request.
[2026-06-07 11:58:15] Accepted normal client request.
[2026-06-07 11:58:16] Accepted normal client request.
[2026-06-07 11:58:17] Accepted normal client request.
[2026-06-07 11:58:18] Accepted normal client request.
[2026-06-07 11:58:19] Accepted normal client request.
[2026-06-07 11:58:20] Accepted normal client request.
[2026-06-07 11:58:21] Accepted normal client request.
[2026-06-07 11:58:22] Accepted normal client request.
[2026-06-07 11:58:23] Accepted normal client request.
[2026-06-07 11:58:24] Accepted normal client request.
[2026-06-07 11:58:25] Accepted normal client request.
[2026-06-07 11:58:26] Accepted normal client request.
[2026-06-07 11:58:27] Accepted normal client request.
[2026-06-07 11:58:28] Accepted normal client request.
[2026-06-07 11:58:29] Accepted normal client request.
[2026-06-07 11:58:30] Accepted normal client request.
[2026-06-07 11:58:31] Accepted normal client request.
[2026-06-07 11:58:32] Accepted normal client request.
[2026-06-07 11:58:33] Accepted normal client request.
[2026-06-07 11:58:34] Accepted normal client request.
[2026-06-07 11:58:35] Accepted normal client request.
[2026-06-07 11:58:36] Accepted normal client request.
[2026-06-07 11:58:37] Accepted normal client request.
[2026-06-07 11:58:38] Accepted normal client request.
[2026-06-07 11:58:39] Accepted normal client request.
[2026-06-07 11:58:40] Accepted normal client request.
[2026-06-07 11:58:41] Accepted normal client request.
[2026-06-07 11:58:42] Accepted normal client request.
[2026-06-07 11:58:43] Accepted normal client request.
[2026-06-07 11:58:44] Accepted normal client request.
[2026-06-07 11:58:45] Accepted normal client request.
[2026-06-07 11:58:46] Accepted normal client request.
[2026-06-07 11:58:47] Accepted normal client request.
[2026-06-07 11:58:48] Accepted normal client request.
[2026-06-07 11:58:49] Accepted normal client request.
[2026-06-07 11:58:50] Accepted normal client request.
[2026-06-07 11:58:51] Accepted normal client request.
[2026-06-07 11:58:52] Accepted normal client request.
[2026-06-07 11:58:53] Accepted normal client request.
[2026-06-07 11:58:54] Accepted normal client request.
[2026-06-07 11:58:55] Accepted normal client request.
[2026-06-07 11:58:56] Accepted normal client request.
[2026-06-07 11:58:57] Accepted normal client request.
[2026-06-07 11:58:58] Accepted normal client request.
[2026-06-07 11:58:59] Accepted normal client request.
[2026-06-07 11:59:00] Accepted normal client request.
[2026-06-07 11:59:01] Accepted normal client request.
[2026-06-07 11:59:02] Accepted normal client request.
[2026-06-07 11:59:03] Accepted normal client request.
[2026-06-07 11:59:04] Accepted normal client request.
[2026-06-07 11:59:05] Accepted normal client request.
[2026-06-07 11:59:06] Accepted normal client request.
[2026-06-07 11:59:07] Accepted normal client request.
[2026-06-07 11:59:08] Accepted normal client request.
[2026-06-07 11:59:09] Accepted normal client request.
[2026-06-07 11:59:10] Accepted normal client request.
[2026-06-07 11:59:11] Accepted normal client request.
[2026-06-07 11:59:12] Accepted normal client request.
[2026-06-07 11:59:13] Accepted normal client request.
[2026-06-07 11:59:14] Accepted normal client request.
[2026-06-07 11:59:15] Accepted normal client request.
[2026-06-07 11:59:16] Accepted normal client request.
[2026-06-07 11:59:17] Accepted normal client request.
[2026-06-07 11:59:18] Accepted normal client request.
[2026-06-07 11:59:19] Accepted normal client request.
[2026-06-07 11:59:20] Accepted normal client request.
[2026-06-07 11:59:21] Accepted normal client request.
[2026-06-07 11:59:22] Accepted normal client request.
[2026-06-07 11:59:23] Accepted normal client request.
[2026-06-07 11:59:24] Accepted normal client request.
[2026-06-07 11:59:25] Accepted normal client request.
[2026-06-07 11:59:26] Accepted normal client request.
[2026-06-07 11:59:27] Accepted normal client request.
[2026-06-07 11:59:28] Accepted normal client request.
[2026-06-07 11:59:29] Accepted normal client request.
[2026-06-07 11:59:30] Accepted normal client request.
[2026-06-07 11:59:31] Accepted normal client request.
[2026-06-07 11:59:32] Accepted normal client request.
[2026-06-07 11:59:33] Accepted normal client request.
[2026-06-07 11:59:34] Accepted normal client request.
[2026-06-07 11:59:35] Accepted normal client request.
[2026-06-07 11:59:36] Accepted normal client request.
[2026-06-07 11:59:37] Accepted normal client request.
[2026-06-07 11:59:38] Accepted normal client request.
[2026-06-07 11:59:39] Accepted normal client request.
[2026-06-07 11:59:40] Accepted normal client request.
[2026-06-07 11:59:41] Accepted normal client request.
[2026-06-07 11:59:42] Accepted normal client request.
[2026-06-07 11:59:43] Accepted normal client request.
[2026-06-07 11:59:44] Accepted normal client request.
[2026-06-07 11:59:45] Accepted normal client request.
[2026-06-07 11:59:46] Accepted normal client request.
[2026-06-07 11:59:47] Accepted normal client request.
[2026-06-07 11:59:48] Accepted normal client request.
[2026-06-07 11:59:49] Accepted normal client request.
[2026-06-07 11:59:50] Accepted normal client request.
[2026-06-07 11:59:51] Accepted normal client request.
[2026-06-07 11:59:52] Accepted normal client request.
[2026-06-07 11:59:53] Accepted normal client request.
[2026-06-07 11:59:54] Accepted normal client request.
[2026-06-07 11:59:55] Accepted normal client request.
[2026-06-07 11:59:56] Accepted normal client request.
[2026-06-07 11:59:57] Accepted normal client request.
[2026-06-07 11:59:58] Accepted normal client request.
[2026-06-07 11:59:59] Accepted normal client request.
[2026-06-07 12:00:00] Accepted normal client request.
[2026-06-07 12:00:01] Accepted normal client request.
[2026-06-07 12:00:02] Accepted normal client request.
[2026-06-07 12:00:03] Accepted normal client request.
[2026-06-07 12:00:04] Accepted normal client request.
[2026-06-07 12:00:05] Accepted normal client request.
[2026-06-07 12:00:06] Accepted normal client request.
[2026-06-07 12:00:07] Accepted normal client request.
[2026-06-07 12:00:08] Accepted normal client request.
[2026-06-07 12:00:09] Accepted normal client request.
[2026-06-07 12:00:10] Accepted normal client request.
[2026-06-07 12:00:11] Accepted normal client request.
[2026-06-07 12:00:12] Accepted normal client request.
[2026-06-07 12:00:13] Accepted normal client request.
[2026-06-07 12:00:14] Accepted normal client request.
[2026-06-07 12:00:15] Accepted normal client request.
[2026-06-07 12:00:16] Accepted normal client request.
[2026-06-07 12:00:17] Accepted normal client request.
[2026-06-07 12:00:18] Accepted normal client request.
[2026-06-07 12:00:19] Accepted normal client request.
[2026-06-07 12:00:20] Accepted normal client request.
[2026-06-07 12:00:21] Accepted normal client request.
[2026-06-07 12:00:22] Accepted normal client request.
[2026-06-07 12:00:23] Accepted normal client request.
[2026-06-07 12:00:24] Accepted normal client request.
[2026-06-07 12:00:25] Accepted normal client request.
[2026-06-07 12:00:26] Accepted normal client request.
[2026-06-07 12:00:27] Accepted normal client request.
[2026-06-07 12:00:28] Accepted normal client request.
[2026-06-07 12:00:29] Accepted normal client request.
[2026-06-07 12:00:30] Accepted normal client request.
[2026-06-07 12:00:31] Accepted normal client request.
[2026-06-07 12:00:32] Accepted normal client request.
[2026-06-07 12:00:33] Accepted normal client request.
[2026-06-07 12:00:34] Accepted normal client request.
[2026-06-07 12:00:35] Accepted normal client request.
[2026-06-07 12:00:36] Accepted normal client request.
[2026-06-07 12:00:37] Accepted normal client request.
[2026-06-07 12:00:38] Accepted normal client request.
[2026-06-07 12:00:39] Accepted normal client request.
[2026-06-07 12:00:40] Accepted normal client request.
[2026-06-07 12:00:41] Accepted normal client request.
[2026-06-07 12:00:42] Accepted normal client request.
[2026-06-07 12:00:43] Accepted normal client request.
[2026-06-07 12:00:44] Accepted normal client request.
[2026-06-07 12:00:45] Accepted normal client request.
[2026-06-07 12:00:46] Accepted normal client request.
[2026-06-07 12:00:47] Accepted normal client request.
[2026-06-07 12:00:48] Accepted normal client request.
[2026-06-07 12:00:49] Accepted normal client request.
[2026-06-07 12:00:50] Accepted normal client request.
[2026-06-07 12:00:51] Accepted normal client request.
[2026-06-07 12:00:52] Accepted normal client request.
[2026-06-07 12:00:53] Accepted normal client request.
[2026-06-07 12:00:54] Accepted normal client request.
[2026-06-07 12:00:55] Accepted normal client request.
[2026-06-07 12:00:56] Accepted normal client request.
[2026-06-07 12:00:57] Accepted normal client request.
[2026-06-07 12:00:58] Accepted normal client request.
[2026-06-07 12:00:59] Accepted normal client request.
[2026-06-07 12:01:00] Accepted normal client request.
[2026-06-07 12:01:01] Accepted normal client request.
[2026-06-07 12:01:02] Accepted normal client request.
[2026-06-07 12:01:03] Accepted normal client request.
[2026-06-07 12:01:04] Accepted normal client request.
[2026-06-07 12:01:05] Accepted normal client request.
[2026-06-07 12:01:06] Accepted normal client request.
[2026-06-07 12:01:07] Accepted normal client request.
[2026-06-07 12:01:08] Accepted normal client request.
[2026-06-07 12:01:09] Accepted normal client request.
[2026-06-07 12:01:10] Accepted normal client request.
[2026-06-07 12:01:11] Accepted normal client request.
[2026-06-07 12:01:12] Accepted normal client request.
[2026-06-07 12:01:13] Accepted normal client request.
[2026-06-07 12:01:14] Accepted normal client request.
[2026-06-07 12:01:15] Accepted normal client request.
[2026-06-07 12:01:16] Accepted normal client request.
[2026-06-07 12:01:17] Accepted normal client request.
[2026-06-07 12:01:18] Accepted normal client request.
[2026-06-07 12:01:19] Accepted normal client request.
[2026-06-07 12:01:20] Accepted normal client request.
[2026-06-07 12:01:21] Accepted normal client request.
[2026-06-07 12:01:22] Accepted normal client request.
[2026-06-07 12:01:23] Accepted normal client request.
[2026-06-07 12:01:24] Accepted normal client request.
[2026-06-07 12:01:25] Accepted normal client request.
[2026-06-07 12:01:26] Accepted normal client request.
[2026-06-07 12:01:27] Accepted normal client request.
[2026-06-07 12:01:28] Accepted normal client request.
[2026-06-07 12:01:29] Accepted normal client request.
[2026-06-07 12:01:30] Accepted normal client request.
[2026-06-07 12:01:31] Accepted normal client request.
[2026-06-07 12:01:32] Accepted normal client request.
[2026-06-07 12:01:33] Accepted normal client request.
[2026-06-07 12:01:34] Accepted normal client request.
[2026-06-07 12:01:35] Accepted normal client request.
[2026-06-07 12:01:36] Accepted normal client request.
[2026-06-07 12:01:37] Accepted normal client request.
[2026-06-07 12:01:38] Accepted normal client request.
[2026-06-07 12:01:39] Accepted normal client request.
[2026-06-07 12:01:40] Accepted normal client request.
[2026-06-07 12:01:41] Accepted normal client request.
[2026-06-07 12:01:42] Accepted normal client request.
[2026-06-07 12:01:43] Accepted normal client request.
[2026-06-07 12:01:44] Accepted normal client request.
[2026-06-07 12:01:45] Accepted normal client request.
[2026-06-07 12:01:46] Accepted normal client request.
[2026-06-07 12:01:47] Accepted normal client request.
[2026-06-07 12:01:48] Accepted normal client request.
[2026-06-07 12:01:49] Accepted normal client request.
[2026-06-07 12:01:50] Accepted normal client request.
[2026-06-07 12:01:51] Accepted normal client request.
[2026-06-07 12:01:52] Accepted normal client request.
[2026-06-07 12:01:53] Accepted normal client request.
[2026-06-07 12:01:55] Accepted normal client request.
[2026-06-07 12:01:56] Accepted normal client request.
[2026-06-07 12:01:57] Accepted normal client request.
[2026-06-07 12:01:58] Accepted normal client request.
[2026-06-07 12:01:59] Accepted normal client request.
[2026-06-07 12:02:00] Accepted normal client request.
[2026-06-07 12:02:01] Accepted normal client request.
[2026-06-07 12:02:02] Accepted normal client request.
[2026-06-07 12:02:03] Accepted normal client request.
[2026-06-07 12:02:04] Accepted normal client request.
[2026-06-07 12:02:05] Accepted normal client request.
[2026-06-07 12:02:06] Accepted normal client request.
[2026-06-07 12:02:07] Accepted normal client request.
[2026-06-07 12:02:08] Accepted normal client request.
[2026-06-07 12:02:09] Accepted normal client request.
[2026-06-07 12:02:10] Accepted normal client request.
[2026-06-07 12:02:11] Accepted normal client request.
[2026-06-07 12:02:12] Accepted normal client request.
[2026-06-07 12:02:13] Accepted normal client request.
[2026-06-07 12:02:14] Accepted normal client request.
[2026-06-07 12:02:15] Accepted normal client request.
[2026-06-07 12:02:16] Accepted normal client request.
[2026-06-07 12:02:17] Accepted normal client request.
[2026-06-07 12:02:18] Accepted normal client request.
[2026-06-07 12:02:19] Accepted normal client request.
[2026-06-07 12:02:20] Accepted normal client request.
[2026-06-07 12:02:21] Accepted normal client request.
[2026-06-07 12:02:22] Accepted normal client request.
[2026-06-07 12:02:23] Accepted normal client request.
[2026-06-07 12:02:24] Accepted normal client request.
[2026-06-07 12:02:25] Accepted normal client request.
[2026-06-07 12:02:26] Accepted normal client request.
[2026-06-07 12:02:27] Accepted normal client request.
[2026-06-07 12:02:28] Accepted normal client request.
[2026-06-07 12:02:29] Accepted normal client request.
[2026-06-07 12:02:30] Accepted normal client request.
[2026-06-07 12:02:31] Accepted normal client request.
[2026-06-07 12:02:32] Accepted normal client request.
[2026-06-07 12:02:33] Accepted normal client request.
[2026-06-07 12:02:34] Accepted normal client request.
[2026-06-07 12:02:35] Accepted normal client request.
[2026-06-07 12:02:36] Accepted normal client request.
[2026-06-07 12:02:37] Accepted normal client request.
[2026-06-07 12:02:38] Accepted normal client request.
[2026-06-07 12:02:39] Accepted normal client request.
[2026-06-07 12:02:40] Accepted normal client request.
[2026-06-07 12:02:41] Accepted normal client request.
[2026-06-07 12:02:42] Accepted normal client request.
[2026-06-07 12:02:43] Accepted normal client request.
[2026-06-07 12:02:44] Accepted normal client request.
[2026-06-07 12:02:45] Accepted normal client request.
[2026-06-07 12:02:46] Accepted normal client request.
[2026-06-07 12:02:47] Accepted normal client request.
[2026-06-07 12:02:48] Accepted normal client request.
[2026-06-07 12:02:49] Accepted normal client request.
[2026-06-07 12:02:50] Accepted normal client request.
[2026-06-07 12:02:51] Accepted normal client request.
[2026-06-07 12:02:52] Accepted normal client request.
[2026-06-07 12:02:53] Accepted normal client request.
[2026-06-07 12:02:54] Accepted normal client request.
[2026-06-07 12:02:55] Accepted normal client request.
[2026-06-07 12:02:56] Accepted normal client request.
[2026-06-07 12:02:57] Accepted normal client request.
[2026-06-07 12:02:58] Accepted normal client request.
[2026-06-07 12:02:59] Accepted normal client request.
[2026-06-07 12:03:00] Accepted normal client request.
[2026-06-07 12:03:01] Accepted normal client request.
[2026-06-07 12:03:02] Accepted normal client request.
[2026-06-07 12:03:03] Accepted normal client request.
[2026-06-07 12:03:04] Accepted normal client request.
[2026-06-07 12:03:05] Accepted normal client request.
[2026-06-07 12:03:06] Accepted normal client request.
[2026-06-07 12:03:07] Accepted normal client request.
[2026-06-07 12:03:08] Accepted normal client request.
[2026-06-07 12:03:09] Accepted normal client request.
[2026-06-07 12:03:10] Accepted normal client request.
[2026-06-07 12:03:11] Accepted normal client request.
[2026-06-07 12:03:12] Accepted normal client request.
[2026-06-07 12:03:13] Accepted normal client request.
[2026-06-07 12:03:14] Accepted normal client request.
[2026-06-07 12:03:15] Accepted normal client request.
[2026-06-07 12:03:16] Accepted normal client request.
[2026-06-07 12:03:17] Accepted normal client request.
[2026-06-07 12:03:18] Accepted normal client request.
[2026-06-07 12:03:19] Accepted normal client request.
[2026-06-07 12:03:20] Accepted normal client request.
[2026-06-07 12:03:21] Accepted normal client request.
[2026-06-07 12:03:22] Accepted normal client request.
[2026-06-07 12:03:23] Accepted normal client request.
[2026-06-07 12:03:24] Accepted normal client request.
[2026-06-07 12:03:25] Accepted normal client request.
[2026-06-07 12:03:26] Accepted normal client request.
[2026-06-07 12:03:27] Accepted normal client request.
[2026-06-07 12:03:28] Accepted normal client request.
[2026-06-07 12:03:29] Accepted normal client request.
[2026-06-07 12:03:30] Accepted normal client request.
[2026-06-07 12:03:31] Accepted normal client request.
[2026-06-07 12:03:32] Accepted normal client request.
[2026-06-07 12:03:33] Accepted normal client request.
[2026-06-07 12:03:34] Accepted normal client request.
[2026-06-07 12:03:35] Accepted normal client request.
[2026-06-07 12:03:36] Accepted normal client request.
[2026-06-07 12:03:37] Accepted normal client request.
[2026-06-07 12:03:38] Accepted normal client request.
[2026-06-07 12:03:39] Accepted normal client request.
[2026-06-07 12:03:40] Accepted normal client request.
[2026-06-07 12:03:41] Accepted normal client request.
[2026-06-07 12:03:42] Accepted normal client request.
[2026-06-07 12:03:43] Accepted normal client request.
[2026-06-07 12:03:44] Accepted normal client request.
[2026-06-07 12:03:45] Accepted normal client request.
[2026-06-07 12:03:46] Accepted normal client request.
[2026-06-07 12:03:47] Accepted normal client request.
[2026-06-07 12:03:48] Accepted normal client request.
[2026-06-07 12:03:49] Accepted normal client request.
[2026-06-07 12:03:50] Accepted normal client request.
[2026-06-07 12:03:51] Accepted normal client request.
[2026-06-07 12:03:52] Accepted normal client request.
[2026-06-07 12:03:53] Accepted normal client request.
[2026-06-07 12:03:54] Accepted normal client request.
[2026-06-07 12:03:55] Accepted normal client request.
[2026-06-07 12:03:56] Accepted normal client request.
[2026-06-07 12:03:57] Accepted normal client request.
[2026-06-07 12:03:58] Accepted normal client request.
[2026-06-07 12:03:59] Accepted normal client request.
[2026-06-07 12:04:00] Accepted normal client request.
[2026-06-07 12:04:01] Accepted normal client request.
[2026-06-07 12:04:02] Accepted normal client request.
[2026-06-07 12:04:03] Accepted normal client request.
[2026-06-07 12:04:04] Accepted normal client request.
[2026-06-07 12:04:05] Accepted normal client request.
[2026-06-07 12:04:06] Accepted normal client request.
[2026-06-07 12:04:07] Accepted normal client request.
[2026-06-07 12:04:08] Accepted normal client request.
[2026-06-07 12:04:09] Accepted normal client request.
[2026-06-07 12:04:10] Accepted normal client request.
[2026-06-07 12:04:11] Accepted normal client request.
[2026-06-07 12:04:12] Accepted normal client request.
[2026-06-07 12:04:13] Accepted normal client request.
[2026-06-07 12:04:14] Accepted normal client request.
[2026-06-07 12:04:15] Accepted normal client request.
[2026-06-07 12:04:16] Accepted normal client request.
[2026-06-07 12:04:17] Accepted normal client request.
[2026-06-07 12:04:18] Accepted normal client request.
[2026-06-07 12:04:19] Accepted normal client request.
[2026-06-07 12:04:20] Accepted normal client request.
[2026-06-07 12:04:21] Accepted normal client request.
[2026-06-07 12:04:22] Accepted normal client request.
[2026-06-07 12:04:23] Accepted normal client request.
[2026-06-07 12:04:24] Accepted normal client request.
[2026-06-07 12:04:25] Accepted normal client request.
[2026-06-07 12:04:26] Accepted normal client request.
[2026-06-07 12:04:27] Accepted normal client request.
[2026-06-07 12:04:28] Accepted normal client request.
[2026-06-07 12:04:29] Accepted normal client request.
[2026-06-07 12:04:30] Accepted normal client request.
[2026-06-07 12:04:31] Accepted normal client request.
[2026-06-07 12:04:32] Accepted normal client request.
[2026-06-07 12:04:33] Accepted normal client request.
[2026-06-07 12:04:34] Accepted normal client request.
[2026-06-07 12:04:35] Accepted normal client request.
[2026-06-07 12:04:36] Accepted normal client request.
[2026-06-07 12:04:37] Accepted normal client request.
[2026-06-07 12:04:38] Accepted normal client request.
[2026-06-07 12:04:39] Accepted normal client request.
[2026-06-07 12:04:40] Accepted normal client request.
[2026-06-07 12:04:41] Accepted normal client request.
[2026-06-07 12:04:42] Accepted normal client request.
[2026-06-07 12:04:43] Accepted normal client request.
[2026-06-07 12:04:44] Accepted normal client request.
[2026-06-07 12:04:45] Accepted normal client request.
[2026-06-07 12:04:46] Accepted normal client request.
[2026-06-07 12:04:47] Accepted normal client request.
[2026-06-07 12:04:48] Accepted normal client request.
[2026-06-07 12:04:49] Accepted normal client request.
[2026-06-07 12:04:50] Accepted normal client request.
[2026-06-07 12:04:51] Accepted normal client request.
[2026-06-07 12:04:52] Accepted normal client request.
[2026-06-07 12:04:53] Accepted normal client request.
[2026-06-07 12:04:54] Accepted normal client request.
[2026-06-07 12:04:55] Accepted normal client request.
[2026-06-07 12:04:56] Accepted normal client request.
[2026-06-07 12:04:57] Accepted normal client request.
[2026-06-07 12:04:58] Accepted normal client request.
[2026-06-07 12:04:59] Accepted normal client request.
[2026-06-07 12:05:00] Accepted normal client request.
[2026-06-07 12:05:01] Accepted normal client request.
[2026-06-07 12:05:02] Accepted normal client request.
[2026-06-07 12:05:03] Accepted normal client request.
[2026-06-07 12:05:04] Accepted normal client request.
[2026-06-07 12:05:05] Accepted normal client request.
[2026-06-07 12:05:06] Accepted normal client request.
[2026-06-07 12:05:07] Accepted normal client request.
[2026-06-07 12:05:08] Accepted normal client request.
[2026-06-07 12:05:09] Accepted normal client request.
[2026-06-07 12:05:10] Accepted normal client request.
[2026-06-07 12:05:11] Accepted normal client request.
[2026-06-07 12:05:12] Accepted normal client request.
[2026-06-07 12:05:13] Accepted normal client request.
[2026-06-07 12:05:14] Accepted normal client request.
[2026-06-07 12:05:15] Accepted normal client request.
[2026-06-07 12:05:16] Accepted normal client request.
[2026-06-07 12:05:17] Accepted normal client request.
[2026-06-07 12:05:18] Accepted normal client request.
[2026-06-07 12:05:19] Accepted normal client request.
[2026-06-07 12:05:20] Accepted normal client request.
[2026-06-07 12:05:21] Accepted normal client request.
[2026-06-07 12:05:22] Accepted normal client request.
[2026-06-07 12:05:23] Accepted normal client request.
[2026-06-07 12:05:24] Accepted normal client request.
[2026-06-07 12:05:25] Accepted normal client request.
[2026-06-07 12:05:26] Accepted normal client request.
[2026-06-07 12:05:27] Accepted normal client request.
[2026-06-07 12:05:29] Accepted normal client request.
[2026-06-07 12:05:30] Accepted normal client request.
[2026-06-07 12:05:31] Accepted normal client request.
[2026-06-07 12:05:32] Accepted normal client request.
[2026-06-07 12:05:33] Accepted normal client request.
[2026-06-07 12:05:34] Accepted normal client request.
[2026-06-07 12:05:35] Accepted normal client request.
[2026-06-07 12:05:36] Accepted normal client request.
[2026-06-07 12:05:37] Accepted normal client request.
[2026-06-07 12:05:38] Accepted normal client request.
[2026-06-07 12:05:39] Accepted normal client request.
[2026-06-07 12:05:40] Accepted normal client request.
[2026-06-07 12:05:41] Accepted normal client request.
[2026-06-07 12:05:42] Accepted normal client request.
[2026-06-07 12:05:43] Accepted normal client request.
[2026-06-07 12:05:44] Accepted normal client request.
[2026-06-07 12:05:45] Accepted normal client request.
[2026-06-07 12:05:46] Accepted normal client request.
[2026-06-07 12:05:47] Accepted normal client request.
[2026-06-07 12:05:48] Accepted normal client request.
[2026-06-07 12:05:49] Accepted normal client request.
[2026-06-07 12:05:50] Accepted normal client request.
[2026-06-07 12:05:51] Accepted normal client request.
[2026-06-07 12:05:52] Accepted normal client request.
[2026-06-07 12:05:53] Accepted normal client request.
[2026-06-07 12:05:54] Accepted normal client request.
[2026-06-07 12:05:55] Accepted normal client request.
[2026-06-07 12:05:56] Accepted normal client request.
[2026-06-07 12:05:57] Accepted normal client request.
[2026-06-07 12:05:58] Accepted normal client request.
[2026-06-07 12:05:59] Accepted normal client request.
[2026-06-07 12:06:00] Accepted normal client request.
[2026-06-07 12:06:01] Accepted normal client request.
[2026-06-07 12:06:02] Accepted normal client request.
[2026-06-07 12:06:03] Accepted normal client request.
[2026-06-07 12:06:04] Accepted normal client request.
[2026-06-07 12:06:05] Accepted normal client request.
[2026-06-07 12:06:06] Accepted normal client request.
[2026-06-07 12:06:07] Accepted normal client request.
[2026-06-07 12:06:08] Accepted normal client request.
[2026-06-07 12:06:09] Accepted normal client request.
[2026-06-07 12:06:10] Accepted normal client request.
[2026-06-07 12:06:11] Accepted normal client request.
[2026-06-07 12:06:12] Accepted normal client request.
[2026-06-07 12:06:13] Accepted normal client request.
[2026-06-07 12:06:14] Accepted normal client request.
[2026-06-07 12:06:15] Accepted normal client request.
[2026-06-07 12:06:16] Accepted normal client request.
[2026-06-07 12:06:17] Accepted normal client request.
[2026-06-07 12:06:18] Accepted normal client request.
[2026-06-07 12:06:19] Accepted normal client request.
[2026-06-07 12:06:20] Accepted normal client request.
[2026-06-07 12:06:21] Accepted normal client request.
[2026-06-07 12:06:22] Accepted normal client request.
[2026-06-07 12:06:23] Accepted normal client request.
[2026-06-07 12:06:24] Accepted normal client request.
[2026-06-07 12:06:25] Accepted normal client request.
[2026-06-07 12:06:26] Accepted normal client request.
[2026-06-07 12:06:27] Accepted normal client request.
[2026-06-07 12:06:28] Accepted normal client request.
[2026-06-07 12:06:30] Accepted normal client request.
[2026-06-07 12:06:31] Accepted normal client request.
[2026-06-07 12:06:32] Accepted normal client request.
[2026-06-07 12:06:33] Accepted normal client request.
[2026-06-07 12:06:34] Accepted normal client request.
[2026-06-07 12:06:35] Accepted normal client request.
[2026-06-07 12:06:36] Accepted normal client request.
[2026-06-07 12:06:37] Accepted normal client request.
[2026-06-07 12:06:38] Accepted normal client request.
[2026-06-07 12:06:39] Accepted normal client request.
[2026-06-07 12:06:40] Accepted normal client request.
[2026-06-07 12:06:41] Accepted normal client request.
[2026-06-07 12:06:42] Accepted normal client request.
[2026-06-07 12:06:43] Accepted normal client request.
[2026-06-07 12:06:44] Accepted normal client request.
[2026-06-07 12:06:45] Accepted normal client request.
[2026-06-07 12:06:46] Accepted normal client request.
[2026-06-07 12:06:47] Accepted normal client request.
[2026-06-07 12:06:48] Accepted normal client request.
[2026-06-07 12:06:49] Accepted normal client request.
[2026-06-07 12:06:50] Accepted normal client request.
[2026-06-07 12:06:51] Accepted normal client request.
[2026-06-07 12:06:52] Accepted normal client request.
[2026-06-07 12:06:53] Accepted normal client request.
[2026-06-07 12:06:54] Accepted normal client request.
[2026-06-07 12:06:55] Accepted normal client request.
[2026-06-07 12:06:56] Accepted normal client request.
[2026-06-07 12:06:57] Accepted normal client request.
[2026-06-07 12:06:58] Accepted normal client request.
[2026-06-07 12:06:59] Accepted normal client request.
[2026-06-07 12:07:00] Accepted normal client request.
[2026-06-07 12:07:01] Accepted normal client request.
[2026-06-07 12:07:02] Accepted normal client request.
[2026-06-07 12:07:03] Accepted normal client request.
[2026-06-07 12:07:04] Accepted normal client request.
[2026-06-07 12:07:05] Accepted normal client request.
[2026-06-07 12:07:06] Accepted normal client request.
[2026-06-07 12:07:07] Accepted normal client request.
[2026-06-07 12:07:08] Accepted normal client request.
[2026-06-07 12:07:09] Accepted normal client request.
[2026-06-07 12:07:10] Accepted normal client request.
[2026-06-07 12:07:11] Accepted normal client request.
[2026-06-07 12:07:12] Accepted normal client request.
[2026-06-07 12:07:13] Accepted normal client request.
[2026-06-07 12:07:14] Accepted normal client request.
[2026-06-07 12:07:15] Accepted normal client request.
[2026-06-07 12:07:16] Accepted normal client request.
[2026-06-07 12:07:17] Accepted normal client request.
[2026-06-07 12:07:18] Accepted normal client request.
[2026-06-07 12:07:19] Accepted normal client request.
[2026-06-07 12:07:20] Accepted normal client request.
[2026-06-07 12:07:21] Accepted normal client request.
[2026-06-07 12:07:22] Accepted normal client request.
[2026-06-07 12:07:23] Accepted normal client request.
[2026-06-07 12:07:24] Accepted normal client request.
[2026-06-07 12:07:25] Accepted normal client request.
[2026-06-07 12:07:26] Accepted normal client request.
[2026-06-07 12:07:27] Accepted normal client request.
[2026-06-07 12:07:28] Accepted normal client request.
[2026-06-07 12:07:29] Accepted normal client request.
[2026-06-07 12:07:30] Accepted normal client request.
[2026-06-07 12:07:31] Accepted normal client request.
[2026-06-07 12:07:32] Accepted normal client request.
[2026-06-07 12:07:33] Accepted normal client request.
[2026-06-07 12:07:34] Accepted normal client request.
[2026-06-07 12:07:35] Accepted normal client request.
[2026-06-07 12:07:36] Accepted normal client request.
[2026-06-07 12:07:37] Accepted normal client request.
[2026-06-07 12:07:38] Accepted normal client request.
[2026-06-07 12:07:39] Accepted normal client request.
[2026-06-07 12:07:40] Accepted normal client request.
[2026-06-07 12:07:41] Accepted normal client request.
[2026-06-07 12:07:42] Accepted normal client request.
[2026-06-07 12:07:43] Accepted normal client request.
[2026-06-07 12:07:44] Accepted normal client request.
[2026-06-07 12:07:45] Accepted normal client request.
[2026-06-07 12:07:46] Accepted normal client request.
[2026-06-07 12:07:47] Accepted normal client request.
[2026-06-07 12:07:48] Accepted normal client request.
[2026-06-07 12:07:49] Accepted normal client request.
[2026-06-07 12:07:50] Accepted normal client request.
[2026-06-07 12:07:51] Accepted normal client request.
[2026-06-07 12:07:52] Accepted normal client request.
[2026-06-07 12:07:53] Accepted normal client request.
[2026-06-07 12:07:54] Accepted normal client request.
[2026-06-07 12:07:55] Accepted normal client request.
[2026-06-07 12:07:56] Accepted normal client request.
[2026-06-07 12:07:57] Accepted normal client request.
[2026-06-07 12:07:58] Accepted normal client request.
[2026-06-07 12:07:59] Accepted normal client request.
[2026-06-07 12:08:00] Accepted normal client request.
[2026-06-07 12:08:01] Accepted normal client request.
[2026-06-07 12:08:02] Accepted normal client request.
[2026-06-07 12:08:03] Accepted normal client request.
[2026-06-07 12:08:04] Accepted normal client request.
[2026-06-07 12:08:05] Accepted normal client request.
[2026-06-07 12:08:06] Accepted normal client request.
[2026-06-07 12:08:07] Accepted normal client request.
[2026-06-07 12:08:08] Accepted normal client request.
[2026-06-07 12:08:09] Accepted normal client request.
[2026-06-07 12:08:10] Accepted normal client request.
[2026-06-07 12:08:11] Accepted normal client request.
[2026-06-07 12:08:12] Accepted normal client request.
[2026-06-07 12:08:13] Accepted normal client request.
[2026-06-07 12:08:14] Accepted normal client request.
[2026-06-07 12:08:15] Accepted normal client request.
[2026-06-07 12:08:16] Accepted normal client request.
[2026-06-07 12:08:17] Accepted normal client request.
[2026-06-07 12:08:18] Accepted normal client request.
[2026-06-07 12:08:19] Accepted normal client request.
[2026-06-07 12:08:20] Accepted normal client request.
[2026-06-07 12:08:21] Accepted normal client request.
[2026-06-07 12:08:22] Accepted normal client request.
[2026-06-07 12:08:23] Accepted normal client request.
[2026-06-07 12:08:24] Accepted normal client request.
[2026-06-07 12:08:25] Accepted normal client request.
[2026-06-07 12:08:26] Accepted normal client request.
[2026-06-07 12:08:27] Accepted normal client request.
[2026-06-07 12:08:28] Accepted normal client request.
[2026-06-07 12:08:29] Accepted normal client request.
[2026-06-07 12:08:30] Accepted normal client request.
[2026-06-07 12:08:31] Accepted normal client request.
[2026-06-07 12:08:32] Accepted normal client request.
[2026-06-07 12:08:33] Accepted normal client request.
[2026-06-07 12:08:34] Accepted normal client request.
[2026-06-07 12:08:35] Accepted normal client request.
[2026-06-07 12:08:36] Accepted normal client request.
[2026-06-07 12:08:37] Accepted normal client request.
[2026-06-07 12:08:38] Accepted normal client request.
[2026-06-07 12:08:39] Accepted normal client request.
[2026-06-07 12:08:40] Accepted normal client request.
[2026-06-07 12:08:41] Accepted normal client request.
[2026-06-07 12:08:42] Accepted normal client request.
[2026-06-07 12:08:43] Accepted normal client request.
[2026-06-07 12:08:44] Accepted normal client request.
[2026-06-07 12:08:45] Accepted normal client request.
[2026-06-07 12:08:46] Accepted normal client request.
[2026-06-07 12:08:47] Accepted normal client request.
[2026-06-07 12:08:48] Accepted normal client request.
[2026-06-07 12:08:49] Accepted normal client request.
[2026-06-07 12:08:50] Accepted normal client request.
[2026-06-07 12:08:51] Accepted normal client request.
[2026-06-07 12:08:52] Accepted normal client request.
[2026-06-07 12:08:53] Accepted normal client request.
[2026-06-07 12:08:54] Accepted normal client request.
[2026-06-07 12:08:55] Accepted normal client request.
[2026-06-07 12:08:56] Accepted normal client request.
[2026-06-07 12:08:57] Accepted normal client request.
[2026-06-07 12:08:58] Accepted normal client request.
[2026-06-07 12:08:59] Accepted normal client request.
[2026-06-07 12:09:00] Accepted normal client request.
[2026-06-07 12:09:01] Accepted normal client request.
[2026-06-07 12:09:02] Accepted normal client request.
[2026-06-07 12:09:03] Accepted normal client request.
[2026-06-07 12:09:04] Accepted normal client request.
[2026-06-07 12:09:05] Accepted normal client request.
[2026-06-07 12:09:06] Accepted normal client request.
[2026-06-07 12:09:07] Accepted normal client request.
[2026-06-07 12:09:08] Accepted normal client request.
[2026-06-07 12:09:09] Accepted normal client request.
[2026-06-07 12:09:10] Accepted normal client request.
[2026-06-07 12:09:11] Accepted normal client request.
[2026-06-07 12:09:12] Accepted normal client request.
[2026-06-07 12:09:13] Accepted normal client request.
[2026-06-07 12:09:14] Accepted normal client request.
[2026-06-07 12:09:15] Accepted normal client request.
[2026-06-07 12:09:16] Accepted normal client request.
[2026-06-07 12:09:17] Accepted normal client request.
[2026-06-07 12:09:18] Accepted normal client request.
[2026-06-07 12:09:19] Accepted normal client request.
[2026-06-07 12:09:20] Accepted normal client request.
[2026-06-07 12:09:21] Accepted normal client request.
[2026-06-07 12:09:22] Accepted normal client request.
[2026-06-07 12:09:23] Accepted normal client request.
[2026-06-07 12:09:24] Accepted normal client request.
[2026-06-07 12:09:25] Accepted normal client request.
[2026-06-07 12:09:26] Accepted normal client request.
[2026-06-07 12:09:27] Accepted normal client request.
[2026-06-07 12:09:28] Accepted normal client request.
[2026-06-07 12:09:29] Accepted normal client request.
[2026-06-07 12:09:30] Accepted normal client request.
[2026-06-07 12:09:31] Accepted normal client request.
[2026-06-07 12:09:32] Accepted normal client request.
[2026-06-07 12:09:33] Accepted normal client request.
[2026-06-07 12:09:34] Accepted normal client request.
[2026-06-07 12:09:35] Accepted normal client request.
[2026-06-07 12:09:36] Accepted normal client request.
[2026-06-07 12:09:37] Accepted normal client request.
[2026-06-07 12:09:38] Accepted normal client request.
[2026-06-07 12:09:39] Accepted normal client request.
[2026-06-07 12:09:40] Accepted normal client request.
[2026-06-07 12:09:41] Accepted normal client request.
[2026-06-07 12:09:42] Accepted normal client request.
[2026-06-07 12:09:43] Accepted normal client request.
[2026-06-07 12:09:44] Accepted normal client request.
[2026-06-07 12:09:45] Accepted normal client request.
[2026-06-07 12:09:46] Accepted normal client request.
[2026-06-07 12:09:47] Accepted normal client request.
[2026-06-07 12:09:48] Accepted normal client request.
[2026-06-07 12:09:49] Accepted normal client request.
[2026-06-07 12:09:50] Accepted normal client request.
[2026-06-07 12:09:51] Accepted normal client request.
[2026-06-07 12:09:52] Accepted normal client request.
[2026-06-07 12:09:53] Accepted normal client request.
[2026-06-07 12:09:54] Accepted normal client request.
[2026-06-07 12:09:55] Accepted normal client request.
[2026-06-07 12:09:56] Accepted normal client request.
[2026-06-07 12:09:57] Accepted normal client request.
[2026-06-07 12:09:59] Accepted normal client request.
[2026-06-07 12:10:00] Accepted normal client request.
[2026-06-07 12:10:01] Accepted normal client request.
[2026-06-07 12:10:02] Accepted normal client request.
[2026-06-07 12:10:03] Accepted normal client request.
[2026-06-07 12:10:04] Accepted normal client request.
[2026-06-07 12:10:05] Accepted normal client request.
[2026-06-07 12:10:06] Accepted normal client request.
[2026-06-07 12:10:07] Accepted normal client request.
[2026-06-07 12:10:08] Accepted normal client request.
[2026-06-07 12:10:09] Accepted normal client request.
[2026-06-07 12:10:10] Accepted normal client request.
[2026-06-07 12:10:11] Accepted normal client request.
[2026-06-07 12:10:12] Accepted normal client request.
[2026-06-07 12:10:13] Accepted normal client request.
[2026-06-07 12:10:14] Accepted normal client request.
[2026-06-07 12:10:15] Accepted normal client request.
[2026-06-07 12:10:16] Accepted normal client request.
[2026-06-07 12:10:17] Accepted normal client request.
[2026-06-07 12:10:18] Accepted normal client request.
[2026-06-07 12:10:19] Accepted normal client request.
[2026-06-07 12:10:20] Accepted normal client request.
[2026-06-07 12:10:21] Accepted normal client request.
[2026-06-07 12:10:22] Accepted normal client request.
[2026-06-07 12:10:23] Accepted normal client request.
[2026-06-07 12:10:24] Accepted normal client request.
[2026-06-07 12:10:25] Accepted normal client request.
[2026-06-07 12:10:26] Accepted normal client request.
[2026-06-07 12:10:27] Accepted normal client request.
[2026-06-07 12:10:28] Accepted normal client request.
[2026-06-07 12:10:29] Accepted normal client request.
[2026-06-07 12:10:30] Accepted normal client request.
[2026-06-07 12:10:31] Accepted normal client request.
[2026-06-07 12:10:32] Accepted normal client request.
[2026-06-07 12:10:33] Accepted normal client request.
[2026-06-07 12:10:34] Accepted normal client request.
[2026-06-07 12:10:35] Accepted normal client request.
[2026-06-07 12:10:36] Accepted normal client request.
[2026-06-07 12:10:37] Accepted normal client request.
[2026-06-07 12:10:38] Accepted normal client request.
[2026-06-07 12:10:39] Accepted normal client request.
[2026-06-07 12:10:40] Accepted normal client request.
[2026-06-07 12:10:41] Accepted normal client request.
[2026-06-07 12:10:42] Accepted normal client request.
[2026-06-07 12:10:43] Accepted normal client request.
[2026-06-07 12:10:44] Accepted normal client request.
[2026-06-07 12:10:45] Accepted normal client request.
[2026-06-07 12:10:46] Accepted normal client request.
[2026-06-07 12:10:47] Accepted normal client request.
[2026-06-07 12:10:48] Accepted normal client request.
[2026-06-07 12:10:49] Accepted normal client request.
[2026-06-07 12:10:50] Accepted normal client request.
[2026-06-07 12:10:51] Accepted normal client request.
[2026-06-07 12:10:52] Accepted normal client request.
[2026-06-07 12:10:53] Accepted normal client request.
[2026-06-07 12:10:54] Accepted normal client request.
[2026-06-07 12:10:55] Accepted normal client request.
[2026-06-07 12:10:56] Accepted normal client request.
[2026-06-07 12:10:57] Accepted normal client request.
[2026-06-07 12:10:58] Accepted normal client request.
[2026-06-07 12:11:00] Accepted normal client request.
[2026-06-07 12:11:01] Accepted normal client request.
[2026-06-07 12:11:02] Accepted normal client request.
[2026-06-07 12:11:03] Accepted normal client request.
[2026-06-07 12:11:04] Accepted normal client request.
[2026-06-07 12:11:05] Accepted normal client request.
[2026-06-07 12:11:06] Accepted normal client request.
[2026-06-07 12:11:07] Accepted normal client request.
[2026-06-07 12:11:08] Accepted normal client request.
[2026-06-07 12:11:09] Accepted normal client request.
[2026-06-07 12:11:10] Accepted normal client request.
[2026-06-07 12:11:11] Accepted normal client request.
[2026-06-07 12:11:12] Accepted normal client request.
[2026-06-07 12:11:13] Accepted normal client request.
[2026-06-07 12:11:14] Accepted normal client request.
[2026-06-07 12:11:15] Accepted normal client request.
[2026-06-07 12:11:16] Accepted normal client request.
[2026-06-07 12:11:17] Accepted normal client request.
[2026-06-07 12:11:18] Accepted normal client request.
[2026-06-07 12:11:19] Accepted normal client request.
[2026-06-07 12:11:20] Accepted normal client request.
[2026-06-07 12:11:21] Accepted normal client request.
[2026-06-07 12:11:22] Accepted normal client request.
[2026-06-07 12:11:23] Accepted normal client request.
[2026-06-07 12:11:24] Accepted normal client request.
[2026-06-07 12:11:25] Accepted normal client request.
[2026-06-07 12:11:26] Accepted normal client request.
[2026-06-07 12:11:27] Accepted normal client request.
[2026-06-07 12:11:28] Accepted normal client request.
[2026-06-07 12:11:29] Accepted normal client request.
[2026-06-07 12:11:30] Accepted normal client request.
[2026-06-07 12:11:31] Accepted normal client request.
[2026-06-07 12:11:32] Accepted normal client request.
[2026-06-07 12:11:33] Accepted normal client request.
[2026-06-07 12:11:34] Accepted normal client request.
[2026-06-07 12:11:35] Accepted normal client request.
[2026-06-07 12:11:36] Accepted normal client request.
[2026-06-07 12:11:37] Accepted normal client request.
[2026-06-07 12:11:38] Accepted normal client request.
[2026-06-07 12:11:39] Accepted normal client request.
[2026-06-07 12:11:40] Accepted normal client request.
[2026-06-07 12:11:41] Accepted normal client request.
[2026-06-07 12:11:42] Accepted normal client request.
[2026-06-07 12:11:43] Accepted normal client request.
[2026-06-07 12:11:44] Accepted normal client request.
[2026-06-07 12:11:45] Accepted normal client request.
[2026-06-07 12:11:46] Accepted normal client request.
[2026-06-07 12:11:47] Accepted normal client request.
[2026-06-07 12:11:48] Accepted normal client request.
[2026-06-07 12:11:49] Accepted normal client request.
[2026-06-07 12:11:50] Accepted normal client request.
[2026-06-07 12:11:51] Accepted normal client request.
[2026-06-07 12:11:52] Accepted normal client request.
[2026-06-07 12:11:53] Accepted normal client request.
[2026-06-07 12:11:54] Accepted normal client request.
[2026-06-07 12:11:55] Accepted normal client request.
[2026-06-07 12:11:56] Accepted normal client request.
[2026-06-07 12:11:57] Accepted normal client request.
[2026-06-07 12:11:58] Accepted normal client request.
[2026-06-07 12:12:00] Accepted normal client request.
[2026-06-07 12:12:01] Accepted normal client request.
[2026-06-07 12:12:02] Accepted normal client request.
[2026-06-07 12:12:03] Accepted normal client request.
[2026-06-07 12:12:04] Accepted normal client request.
[2026-06-07 12:12:05] Accepted normal client request.
[2026-06-07 12:12:06] Accepted normal client request.
[2026-06-07 12:12:07] Accepted normal client request.
[2026-06-07 12:12:08] Accepted normal client request.
[2026-06-07 12:12:09] Accepted normal client request.
[2026-06-07 12:12:10] Accepted normal client request.
[2026-06-07 12:12:11] Accepted normal client request.
[2026-06-07 12:12:12] Accepted normal client request.
[2026-06-07 12:12:13] Accepted normal client request.
[2026-06-07 12:12:14] Accepted normal client request.
[2026-06-07 12:12:15] Accepted normal client request.
[2026-06-07 12:12:16] Accepted normal client request.
[2026-06-07 12:12:17] Accepted normal client request.
[2026-06-07 12:12:18] Accepted normal client request.
[2026-06-07 12:12:19] Accepted normal client request.
[2026-06-07 12:12:20] Accepted normal client request.
[2026-06-07 12:12:21] Accepted normal client request.
[2026-06-07 12:12:22] Accepted normal client request.
[2026-06-07 12:12:23] Accepted normal client request.
[2026-06-07 12:12:24] Accepted normal client request.
[2026-06-07 12:12:25] Accepted normal client request.
[2026-06-07 12:12:26] Accepted normal client request.
[2026-06-07 12:12:27] Accepted normal client request.
[2026-06-07 12:12:28] Accepted normal client request.
[2026-06-07 12:12:29] Accepted normal client request.
[2026-06-07 12:12:30] Accepted normal client request.
[2026-06-07 12:12:31] Accepted normal client request.
[2026-06-07 12:12:32] Accepted normal client request.
[2026-06-07 12:12:33] Accepted normal client request.
[2026-06-07 12:12:34] Accepted normal client request.
[2026-06-07 12:12:35] Accepted normal client request.
[2026-06-07 12:12:36] Accepted normal client request.
[2026-06-07 12:12:37] Accepted normal client request.
[2026-06-07 12:12:38] Accepted normal client request.
[2026-06-07 12:12:39] Accepted normal client request.
[2026-06-07 12:12:40] Accepted normal client request.
[2026-06-07 12:12:41] Accepted normal client request.
[2026-06-07 12:12:42] Accepted normal client request.
[2026-06-07 12:12:43] Accepted normal client request.
[2026-06-07 12:12:44] Accepted normal client request.
[2026-06-07 12:12:45] Accepted normal client request.
[2026-06-07 12:12:46] Accepted normal client request.
[2026-06-07 12:12:47] Accepted normal client request.
[2026-06-07 12:12:48] Accepted normal client request.
[2026-06-07 12:12:49] Accepted normal client request.
[2026-06-07 12:12:50] Accepted normal client request.
[2026-06-07 12:12:51] Accepted normal client request.
[2026-06-07 12:12:52] Accepted normal client request.
[2026-06-07 12:12:53] Accepted normal client request.
[2026-06-07 12:12:54] Accepted normal client request.
[2026-06-07 12:12:55] Accepted normal client request.
[2026-06-07 12:12:56] Accepted normal client request.
[2026-06-07 12:12:57] Accepted normal client request.
[2026-06-07 12:12:58] Accepted normal client request.
[2026-06-07 12:13:00] Accepted normal client request.
[2026-06-07 12:13:01] Accepted normal client request.
[2026-06-07 12:13:02] Accepted normal client request.
[2026-06-07 12:13:03] Accepted normal client request.
[2026-06-07 12:13:04] Accepted normal client request.
[2026-06-07 12:13:05] Accepted normal client request.
[2026-06-07 12:13:06] Accepted normal client request.
[2026-06-07 12:13:07] Accepted normal client request.
[2026-06-07 12:13:08] Accepted normal client request.
[2026-06-07 12:13:09] Accepted normal client request.
[2026-06-07 12:13:10] Accepted normal client request.
[2026-06-07 12:13:11] Accepted normal client request.
[2026-06-07 12:13:12] Accepted normal client request.
[2026-06-07 12:13:13] Accepted normal client request.
[2026-06-07 12:13:14] Accepted normal client request.
[2026-06-07 12:13:15] Accepted normal client request.
[2026-06-07 12:13:16] Accepted normal client request.
[2026-06-07 12:13:17] Accepted normal client request.
[2026-06-07 12:13:18] Accepted normal client request.
[2026-06-07 12:13:19] Accepted normal client request.
[2026-06-07 12:13:20] Accepted normal client request.
[2026-06-07 12:13:21] Accepted normal client request.
[2026-06-07 12:13:22] Accepted normal client request.
[2026-06-07 12:13:23] Accepted normal client request.
[2026-06-07 12:13:24] Accepted normal client request.
[2026-06-07 12:13:25] Accepted normal client request.
[2026-06-07 12:13:26] Accepted normal client request.
[2026-06-07 12:13:27] Accepted normal client request.
[2026-06-07 12:13:28] Accepted normal client request.
[2026-06-07 12:13:29] Accepted normal client request.
[2026-06-07 12:13:30] Accepted normal client request.
[2026-06-07 12:13:31] Accepted normal client request.
[2026-06-07 12:13:32] Accepted normal client request.
[2026-06-07 12:13:33] Accepted normal client request.
[2026-06-07 12:13:34] Accepted normal client request.
[2026-06-07 12:13:35] Accepted normal client request.
[2026-06-07 12:13:36] Accepted normal client request.
[2026-06-07 12:13:37] Accepted normal client request.
[2026-06-07 12:13:38] Accepted normal client request.
[2026-06-07 12:13:39] Accepted normal client request.
[2026-06-07 12:13:40] Accepted normal client request.
[2026-06-07 12:13:41] Accepted normal client request.
[2026-06-07 12:13:42] Accepted normal client request.
[2026-06-07 12:13:43] Accepted normal client request.
[2026-06-07 12:13:44] Accepted normal client request.
[2026-06-07 12:13:45] Accepted normal client request.
[2026-06-07 12:13:46] Accepted normal client request.
[2026-06-07 12:13:47] Accepted normal client request.
[2026-06-07 12:13:48] Accepted normal client request.
[2026-06-07 12:13:49] Accepted normal client request.
[2026-06-07 12:13:50] Accepted normal client request.
[2026-06-07 12:13:51] Accepted normal client request.
[2026-06-07 12:13:52] Accepted normal client request.
[2026-06-07 12:13:53] Accepted normal client request.
[2026-06-07 12:13:54] Accepted normal client request.
[2026-06-07 12:13:55] Accepted normal client request.
[2026-06-07 12:13:56] Accepted normal client request.
[2026-06-07 12:13:57] Accepted normal client request.
[2026-06-07 12:13:58] Accepted normal client request.
[2026-06-07 12:13:59] Accepted normal client request.
[2026-06-07 12:14:00] Accepted normal client request.
[2026-06-07 12:14:01] Accepted normal client request.
[2026-06-07 12:14:02] Accepted normal client request.
[2026-06-07 12:14:03] Accepted normal client request.
[2026-06-07 12:14:04] Accepted normal client request.
[2026-06-07 12:14:05] Accepted normal client request.
[2026-06-07 12:14:06] Accepted normal client request.
[2026-06-07 12:14:07] Accepted normal client request.
[2026-06-07 12:14:08] Accepted normal client request.
[2026-06-07 12:14:09] Accepted normal client request.
[2026-06-07 12:14:10] Accepted normal client request.
[2026-06-07 12:14:11] Accepted normal client request.
[2026-06-07 12:14:12] Accepted normal client request.
[2026-06-07 12:14:13] Accepted normal client request.
[2026-06-07 12:14:14] Accepted normal client request.
[2026-06-07 12:14:15] Accepted normal client request.
[2026-06-07 12:14:16] Accepted normal client request.
[2026-06-07 12:14:17] Accepted normal client request.
[2026-06-07 12:14:18] Accepted normal client request.
[2026-06-07 12:14:19] Accepted normal client request.
[2026-06-07 12:14:20] Accepted normal client request.
[2026-06-07 12:14:21] Accepted normal client request.
[2026-06-07 12:14:22] Accepted normal client request.
[2026-06-07 12:14:23] Accepted normal client request.
[2026-06-07 12:14:24] Accepted normal client request.
[2026-06-07 12:14:25] Accepted normal client request.
[2026-06-07 12:14:26] Accepted normal client request.
[2026-06-07 12:14:27] Accepted normal client request.
[2026-06-07 12:14:28] Accepted normal client request.
[2026-06-07 12:14:30] Accepted normal client request.
[2026-06-07 12:14:31] Accepted normal client request.
[2026-06-07 12:14:32] Accepted normal client request.
[2026-06-07 12:14:33] Accepted normal client request.
[2026-06-07 12:14:34] Accepted normal client request.
[2026-06-07 12:14:35] Accepted normal client request.
[2026-06-07 12:14:36] Accepted normal client request.
[2026-06-07 12:14:37] Accepted normal client request.
[2026-06-07 12:14:38] Accepted normal client request.
[2026-06-07 12:14:39] Accepted normal client request.
[2026-06-07 12:14:40] Accepted normal client request.
[2026-06-07 12:14:41] Accepted normal client request.
[2026-06-07 12:14:42] Accepted normal client request.
[2026-06-07 12:14:43] Accepted normal client request.
[2026-06-07 12:14:44] Accepted normal client request.
[2026-06-07 12:14:45] Accepted normal client request.
[2026-06-07 12:14:46] Accepted normal client request.
[2026-06-07 12:14:47] Accepted normal client request.
[2026-06-07 12:14:48] Accepted normal client request.
[2026-06-07 12:14:49] Accepted normal client request.
[2026-06-07 12:14:50] Accepted normal client request.
[2026-06-07 12:14:51] Accepted normal client request.
[2026-06-07 12:14:52] Accepted normal client request.
[2026-06-07 12:14:53] Accepted normal client request.
[2026-06-07 12:14:54] Accepted normal client request.
[2026-06-07 12:14:55] Accepted normal client request.
[2026-06-07 12:14:56] Accepted normal client request.
[2026-06-07 12:14:57] Accepted normal client request.
[2026-06-07 12:14:58] Accepted normal client request.
[2026-06-07 12:14:59] Accepted normal client request.
[2026-06-07 12:15:00] Accepted normal client request.
[2026-06-07 12:15:01] Accepted normal client request.
[2026-06-07 12:15:02] Accepted normal client request.
[2026-06-07 12:15:03] Accepted normal client request.
[2026-06-07 12:15:04] Accepted normal client request.
[2026-06-07 12:15:05] Accepted normal client request.
[2026-06-07 12:15:06] Accepted normal client request.
[2026-06-07 12:15:07] Accepted normal client request.
[2026-06-07 12:15:08] Accepted normal client request.
[2026-06-07 12:15:09] Accepted normal client request.
[2026-06-07 12:15:10] Accepted normal client request.
[2026-06-07 12:15:11] Accepted normal client request.
[2026-06-07 12:15:12] Accepted normal client request.
[2026-06-07 12:15:13] Accepted normal client request.
[2026-06-07 12:15:14] Accepted normal client request.
[2026-06-07 12:15:15] Accepted normal client request.
[2026-06-07 12:15:16] Accepted normal client request.
[2026-06-07 12:15:17] Accepted normal client request.
[2026-06-07 12:15:18] Accepted normal client request.
[2026-06-07 12:15:19] Accepted normal client request.
[2026-06-07 12:15:20] Accepted normal client request.
[2026-06-07 12:15:21] Accepted normal client request.
[2026-06-07 12:15:22] Accepted normal client request.
[2026-06-07 12:15:23] Accepted normal client request.
[2026-06-07 12:15:24] Accepted normal client request.
[2026-06-07 12:15:25] Accepted normal client request.
[2026-06-07 12:15:26] Accepted normal client request.
[2026-06-07 12:15:27] Accepted normal client request.
[2026-06-07 12:15:28] Accepted normal client request.
[2026-06-07 12:15:30] Accepted normal client request.
[2026-06-07 12:15:31] Accepted normal client request.
[2026-06-07 12:15:32] Accepted normal client request.
[2026-06-07 12:15:33] Accepted normal client request.
[2026-06-07 12:15:34] Accepted normal client request.
[2026-06-07 12:15:35] Accepted normal client request.
[2026-06-07 12:15:36] Accepted normal client request.
[2026-06-07 12:15:37] Accepted normal client request.
[2026-06-07 12:15:38] Accepted normal client request.
[2026-06-07 12:15:39] Accepted normal client request.
[2026-06-07 12:15:40] Accepted normal client request.
[2026-06-07 12:15:41] Accepted normal client request.
[2026-06-07 12:15:42] Accepted normal client request.
[2026-06-07 12:15:43] Accepted normal client request.
[2026-06-07 12:15:44] Accepted normal client request.
[2026-06-07 12:15:45] Accepted normal client request.
[2026-06-07 12:15:46] Accepted normal client request.
[2026-06-07 12:15:47] Accepted normal client request.
[2026-06-07 12:15:48] Accepted normal client request.
[2026-06-07 12:15:49] Accepted normal client request.
[2026-06-07 12:15:50] Accepted normal client request.
[2026-06-07 12:15:51] Accepted normal client request.
[2026-06-07 12:15:52] Accepted normal client request.
[2026-06-07 12:15:53] Accepted normal client request.
[2026-06-07 12:15:54] Accepted normal client request.
[2026-06-07 12:15:55] Accepted normal client request.
[2026-06-07 12:15:56] Accepted normal client request.
[2026-06-07 12:15:57] Accepted normal client request.
[2026-06-07 12:15:58] Accepted normal client request.
[2026-06-07 12:15:59] Accepted normal client request.
[2026-06-07 12:16:00] Accepted normal client request.
[2026-06-07 12:16:01] Accepted normal client request.
[2026-06-07 12:16:02] Accepted normal client request.
[2026-06-07 12:16:03] Accepted normal client request.
[2026-06-07 12:16:04] Accepted normal client request.
[2026-06-07 12:16:05] Accepted normal client request.
[2026-06-07 12:16:06] Accepted normal client request.
[2026-06-07 12:16:07] Accepted normal client request.
[2026-06-07 12:16:08] Accepted normal client request.
[2026-06-07 12:16:09] Accepted normal client request.
[2026-06-07 12:16:10] Accepted normal client request.
[2026-06-07 12:16:11] Accepted normal client request.
[2026-06-07 12:16:12] Accepted normal client request.
[2026-06-07 12:16:13] Accepted normal client request.
[2026-06-07 12:16:14] Accepted normal client request.
[2026-06-07 12:16:15] Accepted normal client request.
[2026-06-07 12:16:16] Accepted normal client request.
[2026-06-07 12:16:17] Accepted normal client request.
[2026-06-07 12:16:18] Accepted normal client request.
[2026-06-07 12:16:19] Accepted normal client request.
[2026-06-07 12:16:20] Accepted normal client request.
[2026-06-07 12:16:21] Accepted normal client request.
[2026-06-07 12:16:22] Accepted normal client request.
[2026-06-07 12:16:23] Accepted normal client request.
[2026-06-07 12:16:24] Accepted normal client request.
[2026-06-07 12:16:25] Accepted normal client request.
[2026-06-07 12:16:26] Accepted normal client request.
[2026-06-07 12:16:27] Accepted normal client request.
[2026-06-07 12:16:28] Accepted normal client request.
[2026-06-07 12:16:30] Accepted normal client request.
[2026-06-07 12:16:31] Accepted normal client request.
[2026-06-07 12:16:32] Accepted normal client request.
[2026-06-07 12:16:33] Accepted normal client request.
[2026-06-07 12:16:34] Accepted normal client request.
[2026-06-07 12:16:35] Accepted normal client request.
[2026-06-07 12:16:36] Accepted normal client request.
[2026-06-07 12:16:37] Accepted normal client request.
[2026-06-07 12:16:38] Accepted normal client request.
[2026-06-07 12:16:39] Accepted normal client request.
[2026-06-07 12:16:40] Accepted normal client request.
[2026-06-07 12:16:41] Accepted normal client request.
[2026-06-07 12:16:42] Accepted normal client request.
[2026-06-07 12:16:43] Accepted normal client request.
[2026-06-07 12:16:44] Accepted normal client request.
[2026-06-07 12:16:45] Accepted normal client request.
[2026-06-07 12:16:46] Accepted normal client request.
[2026-06-07 12:16:47] Accepted normal client request.
[2026-06-07 12:16:48] Accepted normal client request.
[2026-06-07 12:16:49] Accepted normal client request.
[2026-06-07 12:16:50] Accepted normal client request.
[2026-06-07 12:16:51] Accepted normal client request.
[2026-06-07 12:16:52] Accepted normal client request.
[2026-06-07 12:16:53] Accepted normal client request.
[2026-06-07 12:16:54] Accepted normal client request.
[2026-06-07 12:16:55] Accepted normal client request.
[2026-06-07 12:16:56] Accepted normal client request.
[2026-06-07 12:16:57] Accepted normal client request.
[2026-06-07 12:16:58] Accepted normal client request.
[2026-06-07 12:16:59] Accepted normal client request.
[2026-06-07 12:17:00] Accepted normal client request.
[2026-06-07 12:17:01] Accepted normal client request.
[2026-06-07 12:17:02] Accepted normal client request.
[2026-06-07 12:17:03] Accepted normal client request.
[2026-06-07 12:17:04] Accepted normal client request.
[2026-06-07 12:17:05] Accepted normal client request.
[2026-06-07 12:17:06] Accepted normal client request.
[2026-06-07 12:17:07] Accepted normal client request.
[2026-06-07 12:17:08] Accepted normal client request.
[2026-06-07 12:17:09] Accepted normal client request.
[2026-06-07 12:17:10] Accepted normal client request.
[2026-06-07 12:17:11] Accepted normal client request.
[2026-06-07 12:17:12] Accepted normal client request.
[2026-06-07 12:17:13] Accepted normal client request.
[2026-06-07 12:17:14] Accepted normal client request.
[2026-06-07 12:17:15] Accepted normal client request.
[2026-06-07 12:17:16] Accepted normal client request.
[2026-06-07 12:17:17] Accepted normal client request.
[2026-06-07 12:17:18] Accepted normal client request.
[2026-06-07 12:17:19] Accepted normal client request.
[2026-06-07 12:17:20] Accepted normal client request.
[2026-06-07 12:17:21] Accepted normal client request.
[2026-06-07 12:17:22] Accepted normal client request.
[2026-06-07 12:17:23] Accepted normal client request.
[2026-06-07 12:17:24] Accepted normal client request.
[2026-06-07 12:17:25] Accepted normal client request.
[2026-06-07 12:17:26] Accepted normal client request.
[2026-06-07 12:17:27] Accepted normal client request.
[2026-06-07 12:17:28] Accepted normal client request.
[2026-06-07 12:17:30] Accepted normal client request.
[2026-06-07 12:17:31] Accepted normal client request.
[2026-06-07 12:17:32] Accepted normal client request.
[2026-06-07 12:17:33] Accepted normal client request.
[2026-06-07 12:17:34] Accepted normal client request.
[2026-06-07 12:17:35] Accepted normal client request.
[2026-06-07 12:17:36] Accepted normal client request.
[2026-06-07 12:17:37] Accepted normal client request.
[2026-06-07 12:17:38] Accepted normal client request.
[2026-06-07 12:17:39] Accepted normal client request.
[2026-06-07 12:17:40] Accepted normal client request.
[2026-06-07 12:17:41] Accepted normal client request.
[2026-06-07 12:17:42] Accepted normal client request.
[2026-06-07 12:17:43] Accepted normal client request.
[2026-06-07 12:17:44] Accepted normal client request.
[2026-06-07 12:17:45] Accepted normal client request.
[2026-06-07 12:17:46] Accepted normal client request.
[2026-06-07 12:17:47] Accepted normal client request.
[2026-06-07 12:17:48] Accepted normal client request.
[2026-06-07 12:17:49] Accepted normal client request.
[2026-06-07 12:17:50] Accepted normal client request.
[2026-06-07 12:17:51] Accepted normal client request.
[2026-06-07 12:17:52] Accepted normal client request.
[2026-06-07 12:17:53] Accepted normal client request.
[2026-06-07 12:17:54] Accepted normal client request.
[2026-06-07 12:17:55] Accepted normal client request.
[2026-06-07 12:17:56] Accepted normal client request.
[2026-06-07 12:17:57] Accepted normal client request.
[2026-06-07 12:17:58] Accepted normal client request.
[2026-06-07 12:17:59] Accepted normal client request.
[2026-06-07 12:18:00] Accepted normal client request.
[2026-06-07 12:18:01] Accepted normal client request.
[2026-06-07 12:18:02] Accepted normal client request.
[2026-06-07 12:18:03] Accepted normal client request.
[2026-06-07 12:18:04] Accepted normal client request.
[2026-06-07 12:18:05] Accepted normal client request.
[2026-06-07 12:18:06] Accepted normal client request.
[2026-06-07 12:18:07] Accepted normal client request.
[2026-06-07 12:18:08] Accepted normal client request.
[2026-06-07 12:18:09] Accepted normal client request.
[2026-06-07 12:18:10] Accepted normal client request.
[2026-06-07 12:18:11] Accepted normal client request.
[2026-06-07 12:18:12] Accepted normal client request.
[2026-06-07 12:18:13] Accepted normal client request.
[2026-06-07 12:18:14] Accepted normal client request.
[2026-06-07 12:18:15] Accepted normal client request.
[2026-06-07 12:18:16] Accepted normal client request.
[2026-06-07 12:18:17] Accepted normal client request.
[2026-06-07 12:18:18] Accepted normal client request.
[2026-06-07 12:18:19] Accepted normal client request.
[2026-06-07 12:18:20] Accepted normal client request.
[2026-06-07 12:18:21] Accepted normal client request.
[2026-06-07 12:18:22] Accepted normal client request.
[2026-06-07 12:18:23] Accepted normal client request.
[2026-06-07 12:18:24] Accepted normal client request.
[2026-06-07 12:18:25] Accepted normal client request.
[2026-06-07 12:18:26] Accepted normal client request.
[2026-06-07 12:18:27] Accepted normal client request.
[2026-06-07 12:18:28] Accepted normal client request.
[2026-06-07 12:18:29] Accepted normal client request.
[2026-06-07 12:18:30] Accepted normal client request.
[2026-06-07 12:18:31] Accepted normal client request.
[2026-06-07 12:18:32] Accepted normal client request.
[2026-06-07 12:18:33] Accepted normal client request.
[2026-06-07 12:18:34] Accepted normal client request.
[2026-06-07 12:18:35] Accepted normal client request.
[2026-06-07 12:18:36] Accepted normal client request.
[2026-06-07 12:18:37] Accepted normal client request.
[2026-06-07 12:18:38] Accepted normal client request.
[2026-06-07 12:18:39] Accepted normal client request.
[2026-06-07 12:18:40] Accepted normal client request.
[2026-06-07 12:18:41] Accepted normal client request.
[2026-06-07 12:18:42] Accepted normal client request.
[2026-06-07 12:18:43] Accepted normal client request.
[2026-06-07 12:18:44] Accepted normal client request.
[2026-06-07 12:18:45] Accepted normal client request.
[2026-06-07 12:18:46] Accepted normal client request.
[2026-06-07 12:18:47] Accepted normal client request.
[2026-06-07 12:18:48] Accepted normal client request.
[2026-06-07 12:18:49] Accepted normal client request.
[2026-06-07 12:18:50] Accepted normal client request.
[2026-06-07 12:18:51] Accepted normal client request.
[2026-06-07 12:18:52] Accepted normal client request.
[2026-06-07 12:18:53] Accepted normal client request.
[2026-06-07 12:18:54] Accepted normal client request.
[2026-06-07 12:18:55] Accepted normal client request.
[2026-06-07 12:18:56] Accepted normal client request.
[2026-06-07 12:18:57] Accepted normal client request.
[2026-06-07 12:18:58] Accepted normal client request.
[2026-06-07 12:18:59] Accepted normal client request.
[2026-06-07 12:19:00] Accepted normal client request.
[2026-06-07 12:19:01] Accepted normal client request.
[2026-06-07 12:19:02] Accepted normal client request.
[2026-06-07 12:19:03] Accepted normal client request.
[2026-06-07 12:19:04] Accepted normal client request.
[2026-06-07 12:19:05] Accepted normal client request.
[2026-06-07 12:19:06] Accepted normal client request.
[2026-06-07 12:19:07] Accepted normal client request.
[2026-06-07 12:19:08] Accepted normal client request.
[2026-06-07 12:19:09] Accepted normal client request.
[2026-06-07 12:19:10] Accepted normal client request.
[2026-06-07 12:19:11] Accepted normal client request.
[2026-06-07 12:19:12] Accepted normal client request.
[2026-06-07 12:19:13] Accepted normal client request.
[2026-06-07 12:19:14] Accepted normal client request.
[2026-06-07 12:19:15] Accepted normal client request.
[2026-06-07 12:19:16] Accepted normal client request.
[2026-06-07 12:19:17] Accepted normal client request.
[2026-06-07 12:19:18] Accepted normal client request.
[2026-06-07 12:19:19] Accepted normal client request.
[2026-06-07 12:19:20] Accepted normal client request.
[2026-06-07 12:19:21] Accepted normal client request.
[2026-06-07 12:19:22] Accepted normal client request.
[2026-06-07 12:19:23] Accepted normal client request.
[2026-06-07 12:19:24] Accepted normal client request.
[2026-06-07 12:19:25] Accepted normal client request.
[2026-06-07 12:19:26] Accepted normal client request.
[2026-06-07 12:19:27] Accepted normal client request.
[2026-06-07 12:19:28] Accepted normal client request.
[2026-06-07 12:19:30] Accepted normal client request.
[2026-06-07 12:19:31] Accepted normal client request.
[2026-06-07 12:19:32] Accepted normal client request.
[2026-06-07 12:19:33] Accepted normal client request.
[2026-06-07 12:19:34] Accepted normal client request.
[2026-06-07 12:19:35] Accepted normal client request.
[2026-06-07 12:19:36] Accepted normal client request.
[2026-06-07 12:19:37] Accepted normal client request.
[2026-06-07 12:19:38] Accepted normal client request.
[2026-06-07 12:19:39] Accepted normal client request.
[2026-06-07 12:19:40] Accepted normal client request.
[2026-06-07 12:19:41] Accepted normal client request.
[2026-06-07 12:19:42] Accepted normal client request.
[2026-06-07 12:19:43] Accepted normal client request.
[2026-06-07 12:19:44] Accepted normal client request.
[2026-06-07 12:19:45] Accepted normal client request.
[2026-06-07 12:19:46] Accepted normal client request.
[2026-06-07 12:19:47] Accepted normal client request.
[2026-06-07 12:19:48] Accepted normal client request.
[2026-06-07 12:19:49] Accepted normal client request.
[2026-06-07 12:19:50] Accepted normal client request.
[2026-06-07 12:19:51] Accepted normal client request.
[2026-06-07 12:19:52] Accepted normal client request.
[2026-06-07 12:19:53] Accepted normal client request.
[2026-06-07 12:19:54] Accepted normal client request.
[2026-06-07 12:19:55] Accepted normal client request.
[2026-06-07 12:19:56] Accepted normal client request.
[2026-06-07 12:19:57] Accepted normal client request.
[2026-06-07 12:19:58] Accepted normal client request.
[2026-06-07 12:19:59] Accepted normal client request.
[2026-06-07 12:20:00] Accepted normal client request.
[2026-06-07 12:20:01] Accepted normal client request.
[2026-06-07 12:20:02] Accepted normal client request.
[2026-06-07 12:20:03] Accepted normal client request.
[2026-06-07 12:20:04] Accepted normal client request.
[2026-06-07 12:20:05] Accepted normal client request.
[2026-06-07 12:20:06] Accepted normal client request.
[2026-06-07 12:20:07] Accepted normal client request.
[2026-06-07 12:20:08] Accepted normal client request.
[2026-06-07 12:20:09] Accepted normal client request.
[2026-06-07 12:20:10] Accepted normal client request.
[2026-06-07 12:20:11] Accepted normal client request.
[2026-06-07 12:20:12] Accepted normal client request.
[2026-06-07 12:20:13] Accepted normal client request.
[2026-06-07 12:20:14] Accepted normal client request.
[2026-06-07 12:20:15] Accepted normal client request.
[2026-06-07 12:20:16] Accepted normal client request.
[2026-06-07 12:20:17] Accepted normal client request.
[2026-06-07 12:20:18] Accepted normal client request.
[2026-06-07 12:20:19] Accepted normal client request.
[2026-06-07 12:20:20] Accepted normal client request.
[2026-06-07 12:20:21] Accepted normal client request.
[2026-06-07 12:20:22] Accepted normal client request.
[2026-06-07 12:20:23] Accepted normal client request.
[2026-06-07 12:20:24] Accepted normal client request.
[2026-06-07 12:20:25] Accepted normal client request.
[2026-06-07 12:20:26] Accepted normal client request.
[2026-06-07 12:20:27] Accepted normal client request.
[2026-06-07 12:20:28] Accepted normal client request.
[2026-06-07 12:20:30] Accepted normal client request.
[2026-06-07 12:20:31] Accepted normal client request.
[2026-06-07 12:20:32] Accepted normal client request.
[2026-06-07 12:20:33] Accepted normal client request.
[2026-06-07 12:20:34] Accepted normal client request.
[2026-06-07 12:20:35] Accepted normal client request.
[2026-06-07 12:20:36] Accepted normal client request.
[2026-06-07 12:20:37] Accepted normal client request.
[2026-06-07 12:20:38] Accepted normal client request.
[2026-06-07 12:20:39] Accepted normal client request.
[2026-06-07 12:20:40] Accepted normal client request.
[2026-06-07 12:20:41] Accepted normal client request.
[2026-06-07 12:20:42] Accepted normal client request.
[2026-06-07 12:20:43] Accepted normal client request.
[2026-06-07 12:20:44] Accepted normal client request.
[2026-06-07 12:20:45] Accepted normal client request.
[2026-06-07 12:20:46] Accepted normal client request.
[2026-06-07 12:20:47] Accepted normal client request.
[2026-06-07 12:20:48] Accepted normal client request.
[2026-06-07 12:20:49] Accepted normal client request.
[2026-06-07 12:20:50] Accepted normal client request.
[2026-06-07 12:20:51] Accepted normal client request.
[2026-06-07 12:20:52] Accepted normal client request.
[2026-06-07 12:20:53] Accepted normal client request.
[2026-06-07 12:20:54] Accepted normal client request.
[2026-06-07 12:20:55] Accepted normal client request.
[2026-06-07 12:20:56] Accepted normal client request.
[2026-06-07 12:20:57] Accepted normal client request.
[2026-06-07 12:20:58] Accepted normal client request.
[2026-06-07 12:20:59] Accepted normal client request.
[2026-06-07 12:21:00] Accepted normal client request.
[2026-06-07 12:21:01] Accepted normal client request.
[2026-06-07 12:21:02] Accepted normal client request.
[2026-06-07 12:21:03] Accepted normal client request.
[2026-06-07 12:21:04] Accepted normal client request.
[2026-06-07 12:21:05] Accepted normal client request.
[2026-06-07 12:21:06] Accepted normal client request.
[2026-06-07 12:21:07] Accepted normal client request.
[2026-06-07 12:21:08] Accepted normal client request.
[2026-06-07 12:21:09] Accepted normal client request.
[2026-06-07 12:21:10] Accepted normal client request.
[2026-06-07 12:21:11] Accepted normal client request.
[2026-06-07 12:21:12] Accepted normal client request.
[2026-06-07 12:21:13] Accepted normal client request.
[2026-06-07 12:21:14] Accepted normal client request.
[2026-06-07 12:21:15] Accepted normal client request.
[2026-06-07 12:21:16] Accepted normal client request.
[2026-06-07 12:21:17] Accepted normal client request.
[2026-06-07 12:21:18] Accepted normal client request.
[2026-06-07 12:21:19] Accepted normal client request.
[2026-06-07 12:21:20] Accepted normal client request.
[2026-06-07 12:21:21] Accepted normal client request.
[2026-06-07 12:21:22] Accepted normal client request.
[2026-06-07 12:21:23] Accepted normal client request.
[2026-06-07 12:21:24] Accepted normal client request.
[2026-06-07 12:21:25] Accepted normal client request.
[2026-06-07 12:21:26] Accepted normal client request.
[2026-06-07 12:21:27] Accepted normal client request.
[2026-06-07 12:21:28] Accepted normal client request.
[2026-06-07 12:21:30] Accepted normal client request.
[2026-06-07 12:21:31] Accepted normal client request.
[2026-06-07 12:21:32] Accepted normal client request.
[2026-06-07 12:21:33] Accepted normal client request.
[2026-06-07 12:21:34] Accepted normal client request.
[2026-06-07 12:21:35] Accepted normal client request.
[2026-06-07 12:21:36] Accepted normal client request.
[2026-06-07 12:21:37] Accepted normal client request.
[2026-06-07 12:21:38] Accepted normal client request.
[2026-06-07 12:21:39] Accepted normal client request.
[2026-06-07 12:21:40] Accepted normal client request.
[2026-06-07 12:21:41] Accepted normal client request.
[2026-06-07 12:21:42] Accepted normal client request.
[2026-06-07 12:21:43] Accepted normal client request.
[2026-06-07 12:21:44] Accepted normal client request.
[2026-06-07 12:21:45] Accepted normal client request.
[2026-06-07 12:21:46] Accepted normal client request.
[2026-06-07 12:21:47] Accepted normal client request.
[2026-06-07 12:21:48] Accepted normal client request.
[2026-06-07 12:21:49] Accepted normal client request.
[2026-06-07 12:21:50] Accepted normal client request.
[2026-06-07 12:21:51] Accepted normal client request.
[2026-06-07 12:21:52] Accepted normal client request.
[2026-06-07 12:21:53] Accepted normal client request.
[2026-06-07 12:21:54] Accepted normal client request.
[2026-06-07 12:21:55] Accepted normal client request.
[2026-06-07 12:21:56] Accepted normal client request.
[2026-06-07 12:21:57] Accepted normal client request.
[2026-06-07 12:21:58] Accepted normal client request.
[2026-06-07 12:21:59] Accepted normal client request.
[2026-06-07 12:22:00] Accepted normal client request.
[2026-06-07 12:22:01] Accepted normal client request.
[2026-06-07 12:22:02] Accepted normal client request.
[2026-06-07 12:22:03] Accepted normal client request.
[2026-06-07 12:22:04] Accepted normal client request.
[2026-06-07 12:22:05] Accepted normal client request.
[2026-06-07 12:22:06] Accepted normal client request.
[2026-06-07 12:22:07] Accepted normal client request.
[2026-06-07 12:22:08] Accepted normal client request.
[2026-06-07 12:22:09] Accepted normal client request.
[2026-06-07 12:22:10] Accepted normal client request.
[2026-06-07 12:22:11] Accepted normal client request.
[2026-06-07 12:22:12] Accepted normal client request.
[2026-06-07 12:22:13] Accepted normal client request.
[2026-06-07 12:22:14] Accepted normal client request.
[2026-06-07 12:22:15] Accepted normal client request.
[2026-06-07 12:22:16] Accepted normal client request.
[2026-06-07 12:22:17] Accepted normal client request.
[2026-06-07 12:22:18] Accepted normal client request.
[2026-06-07 12:22:19] Accepted normal client request.
[2026-06-07 12:22:20] Accepted normal client request.
[2026-06-07 12:22:21] Accepted normal client request.
[2026-06-07 12:22:22] Accepted normal client request.
[2026-06-07 12:22:23] Accepted normal client request.
[2026-06-07 12:22:24] Accepted normal client request.
[2026-06-07 12:22:25] Accepted normal client request.
[2026-06-07 12:22:26] Accepted normal client request.
[2026-06-07 12:22:27] Accepted normal client request.
[2026-06-07 12:22:28] Accepted normal client request.
[2026-06-07 12:22:30] Accepted normal client request.
[2026-06-07 12:22:31] Accepted normal client request.
[2026-06-07 12:22:32] Accepted normal client request.
[2026-06-07 12:22:33] Accepted normal client request.
[2026-06-07 12:22:34] Accepted normal client request.
[2026-06-07 12:22:35] Accepted normal client request.
[2026-06-07 12:22:36] Accepted normal client request.
[2026-06-07 12:22:37] Accepted normal client request.
[2026-06-07 12:22:38] Accepted normal client request.
[2026-06-07 12:22:39] Accepted normal client request.
[2026-06-07 12:22:40] Accepted normal client request.
[2026-06-07 12:22:41] Accepted normal client request.
[2026-06-07 12:22:42] Accepted normal client request.
[2026-06-07 12:22:43] Accepted normal client request.
[2026-06-07 12:22:44] Accepted normal client request.
[2026-06-07 12:22:45] Accepted normal client request.
[2026-06-07 12:22:46] Accepted normal client request.
[2026-06-07 12:22:47] Accepted normal client request.
[2026-06-07 12:22:48] Accepted normal client request.
[2026-06-07 12:22:49] Accepted normal client request.
[2026-06-07 12:22:50] Accepted normal client request.
[2026-06-07 12:22:51] Accepted normal client request.
[2026-06-07 12:22:52] Accepted normal client request.
[2026-06-07 12:22:53] Accepted normal client request.
[2026-06-07 12:22:54] Accepted normal client request.
[2026-06-07 12:22:55] Accepted normal client request.
[2026-06-07 12:22:56] Accepted normal client request.
[2026-06-07 12:22:57] Accepted normal client request.
[2026-06-07 12:22:58] Accepted normal client request.
[2026-06-07 12:22:59] Accepted normal client request.
[2026-06-07 12:23:00] Accepted normal client request.
[2026-06-07 12:23:01] Accepted normal client request.
[2026-06-07 12:23:02] Accepted normal client request.
[2026-06-07 12:23:03] Accepted normal client request.
[2026-06-07 12:23:04] Accepted normal client request.
[2026-06-07 12:23:05] Accepted normal client request.
[2026-06-07 12:23:06] Accepted normal client request.
[2026-06-07 12:23:07] Accepted normal client request.
[2026-06-07 12:23:08] Accepted normal client request.
[2026-06-07 12:23:09] Accepted normal client request.
[2026-06-07 12:23:10] Accepted normal client request.
[2026-06-07 12:23:11] Accepted normal client request.
[2026-06-07 12:23:12] Accepted normal client request.
[2026-06-07 12:23:13] Accepted normal client request.
[2026-06-07 12:23:14] Accepted normal client request.
[2026-06-07 12:23:15] Accepted normal client request.
[2026-06-07 12:23:16] Accepted normal client request.
[2026-06-07 12:23:17] Accepted normal client request.
[2026-06-07 12:23:18] Accepted normal client request.
[2026-06-07 12:23:19] Accepted normal client request.
[2026-06-07 12:23:20] Accepted normal client request.
[2026-06-07 12:23:21] Accepted normal client request.
[2026-06-07 12:23:22] Accepted normal client request.
[2026-06-07 12:23:23] Accepted normal client request.
[2026-06-07 12:23:24] Accepted normal client request.
[2026-06-07 12:23:25] Accepted normal client request.
[2026-06-07 12:23:26] Accepted normal client request.
[2026-06-07 12:23:27] Accepted normal client request.
[2026-06-07 12:23:28] Accepted normal client request.
[2026-06-07 12:23:30] Accepted normal client request.
[2026-06-07 12:23:31] Accepted normal client request.
[2026-06-07 12:23:32] Accepted normal client request.
[2026-06-07 12:23:33] Accepted normal client request.
[2026-06-07 12:23:34] Accepted normal client request.
[2026-06-07 12:23:35] Accepted normal client request.
[2026-06-07 12:23:36] Accepted normal client request.
[2026-06-07 12:23:37] Accepted normal client request.
[2026-06-07 12:23:38] Accepted normal client request.
[2026-06-07 12:23:39] Accepted normal client request.
[2026-06-07 12:23:40] Accepted normal client request.
[2026-06-07 12:23:41] Accepted normal client request.
[2026-06-07 12:23:42] Accepted normal client request.
[2026-06-07 12:23:43] Accepted normal client request.
[2026-06-07 12:23:44] Accepted normal client request.
[2026-06-07 12:23:45] Accepted normal client request.
[2026-06-07 12:23:46] Accepted normal client request.
[2026-06-07 12:23:47] Accepted normal client request.
[2026-06-07 12:23:48] Accepted normal client request.
[2026-06-07 12:23:49] Accepted normal client request.
[2026-06-07 12:23:50] Accepted normal client request.
[2026-06-07 12:23:51] Accepted normal client request.
[2026-06-07 12:23:52] Accepted normal client request.
[2026-06-07 12:23:53] Accepted normal client request.
[2026-06-07 12:23:54] Accepted normal client request.
[2026-06-07 12:23:55] Accepted normal client request.
[2026-06-07 12:23:56] Accepted normal client request.
[2026-06-07 12:23:57] Accepted normal client request.
[2026-06-07 12:23:58] Accepted normal client request.
[2026-06-07 12:23:59] Accepted normal client request.
[2026-06-07 12:24:00] Accepted normal client request.
[2026-06-07 12:24:01] Accepted normal client request.
[2026-06-07 12:24:02] Accepted normal client request.
[2026-06-07 12:24:03] Accepted normal client request.
[2026-06-07 12:24:04] Accepted normal client request.
[2026-06-07 12:24:05] Accepted normal client request.
[2026-06-07 12:24:06] Accepted normal client request.
[2026-06-07 12:24:07] Accepted normal client request.
[2026-06-07 12:24:08] Accepted normal client request.
[2026-06-07 12:24:09] Accepted normal client request.
[2026-06-07 12:24:10] Accepted normal client request.
[2026-06-07 12:24:11] Accepted normal client request.
[2026-06-07 12:24:12] Accepted normal client request.
[2026-06-07 12:24:13] Accepted normal client request.
[2026-06-07 12:24:14] Accepted normal client request.
[2026-06-07 12:24:15] Accepted normal client request.
[2026-06-07 12:24:16] Accepted normal client request.
[2026-06-07 12:24:17] Accepted normal client request.
[2026-06-07 12:24:18] Accepted normal client request.
[2026-06-07 12:24:19] Accepted normal client request.
[2026-06-07 12:24:20] Accepted normal client request.
[2026-06-07 12:24:21] Accepted normal client request.
[2026-06-07 12:24:22] Accepted normal client request.
[2026-06-07 12:24:23] Accepted normal client request.
[2026-06-07 12:24:24] Accepted normal client request.
[2026-06-07 12:24:25] Accepted normal client request.
[2026-06-07 12:24:26] Accepted normal client request.
[2026-06-07 12:24:27] Accepted normal client request.
[2026-06-07 12:24:28] Accepted normal client request.
[2026-06-07 12:24:30] Accepted normal client request.
[2026-06-07 12:24:31] Accepted normal client request.
[2026-06-07 12:24:32] Accepted normal client request.
[2026-06-07 12:24:33] Accepted normal client request.
[2026-06-07 12:24:34] Accepted normal client request.
[2026-06-07 12:24:35] Accepted normal client request.
[2026-06-07 12:24:36] Accepted normal client request.
[2026-06-07 12:24:37] Accepted normal client request.
[2026-06-07 12:24:38] Accepted normal client request.
[2026-06-07 12:24:39] Accepted normal client request.
[2026-06-07 12:24:40] Accepted normal client request.
[2026-06-07 12:24:41] Accepted normal client request.
[2026-06-07 12:24:42] Accepted normal client request.
[2026-06-07 12:24:43] Accepted normal client request.
[2026-06-07 12:24:44] Accepted normal client request.
[2026-06-07 12:24:45] Accepted normal client request.
[2026-06-07 12:24:46] Accepted normal client request.
[2026-06-07 12:24:47] Accepted normal client request.
[2026-06-07 12:24:48] Accepted normal client request.
[2026-06-07 12:24:49] Accepted normal client request.
[2026-06-07 12:24:50] Accepted normal client request.
[2026-06-07 12:24:51] Accepted normal client request.
[2026-06-07 12:24:52] Accepted normal client request.
[2026-06-07 12:24:53] Accepted normal client request.
[2026-06-07 12:24:54] Accepted normal client request.
[2026-06-07 12:24:55] Accepted normal client request.
[2026-06-07 12:24:56] Accepted normal client request.
[2026-06-07 12:24:57] Accepted normal client request.
[2026-06-07 12:24:58] Accepted normal client request.
[2026-06-07 12:24:59] Accepted normal client request.
[2026-06-07 12:25:00] Accepted normal client request.
[2026-06-07 12:25:01] Accepted normal client request.
[2026-06-07 12:25:02] Accepted normal client request.
[2026-06-07 12:25:03] Accepted normal client request.
[2026-06-07 12:25:04] Accepted normal client request.
[2026-06-07 12:25:05] Accepted normal client request.
[2026-06-07 12:25:06] Accepted normal client request.
[2026-06-07 12:25:07] Accepted normal client request.
[2026-06-07 12:25:08] Accepted normal client request.
[2026-06-07 12:25:09] Accepted normal client request.
[2026-06-07 12:25:10] Accepted normal client request.
[2026-06-07 12:25:11] Accepted normal client request.
[2026-06-07 12:25:12] Accepted normal client request.
[2026-06-07 12:25:13] Accepted normal client request.
[2026-06-07 12:25:14] Accepted normal client request.
[2026-06-07 12:25:15] Accepted normal client request.
[2026-06-07 12:25:16] Accepted normal client request.
[2026-06-07 12:25:17] Accepted normal client request.
[2026-06-07 12:25:18] Accepted normal client request.
[2026-06-07 12:25:19] Accepted normal client request.
[2026-06-07 12:25:20] Accepted normal client request.
[2026-06-07 12:25:21] Accepted normal client request.
[2026-06-07 12:25:22] Accepted normal client request.
[2026-06-07 12:25:23] Accepted normal client request.
[2026-06-07 12:25:24] Accepted normal client request.
[2026-06-07 12:25:25] Accepted normal client request.
[2026-06-07 12:25:26] Accepted normal client request.
[2026-06-07 12:25:27] Accepted normal client request.
[2026-06-07 12:25:28] Accepted normal client request.
[2026-06-07 12:25:30] Accepted normal client request.
[2026-06-07 12:25:31] Accepted normal client request.
[2026-06-07 12:25:32] Accepted normal client request.
[2026-06-07 12:25:33] Accepted normal client request.
[2026-06-07 12:25:34] Accepted normal client request.
[2026-06-07 12:25:35] Accepted normal client request.
[2026-06-07 12:25:36] Accepted normal client request.
[2026-06-07 12:25:37] Accepted normal client request.
[2026-06-07 12:25:38] Accepted normal client request.
[2026-06-07 12:25:39] Accepted normal client request.
[2026-06-07 12:25:40] Accepted normal client request.
[2026-06-07 12:25:41] Accepted normal client request.
[2026-06-07 12:25:42] Accepted normal client request.
[2026-06-07 12:25:43] Accepted normal client request.
[2026-06-07 12:25:44] Accepted normal client request.
[2026-06-07 12:25:45] Accepted normal client request.
[2026-06-07 12:25:46] Accepted normal client request.
[2026-06-07 12:25:47] Accepted normal client request.
[2026-06-07 12:25:48] Accepted normal client request.
[2026-06-07 12:25:49] Accepted normal client request.
[2026-06-07 12:25:50] Accepted normal client request.
[2026-06-07 12:25:51] Accepted normal client request.
[2026-06-07 12:25:52] Accepted normal client request.
[2026-06-07 12:25:53] Accepted normal client request.
[2026-06-07 12:25:54] Accepted normal client request.
[2026-06-07 12:25:55] Accepted normal client request.
[2026-06-07 12:25:56] Accepted normal client request.
[2026-06-07 12:25:57] Accepted normal client request.
[2026-06-07 12:25:58] Accepted normal client request.
[2026-06-07 12:25:59] Accepted normal client request.
[2026-06-07 12:26:00] Accepted normal client request.
[2026-06-07 12:26:01] Accepted normal client request.
[2026-06-07 12:26:02] Accepted normal client request.
[2026-06-07 12:26:03] Accepted normal client request.
[2026-06-07 12:26:04] Accepted normal client request.
[2026-06-07 12:26:05] Accepted normal client request.
[2026-06-07 12:26:06] Accepted normal client request.
[2026-06-07 12:26:07] Accepted normal client request.
[2026-06-07 12:26:08] Accepted normal client request.
[2026-06-07 12:26:09] Accepted normal client request.
[2026-06-07 12:26:10] Accepted normal client request.
[2026-06-07 12:26:11] Accepted normal client request.
[2026-06-07 12:26:12] Accepted normal client request.
[2026-06-07 12:26:13] Accepted normal client request.
[2026-06-07 12:26:14] Accepted normal client request.
[2026-06-07 12:26:15] Accepted normal client request.
[2026-06-07 12:26:16] Accepted normal client request.
[2026-06-07 12:26:17] Accepted normal client request.
[2026-06-07 12:26:18] Accepted normal client request.
[2026-06-07 12:26:19] Accepted normal client request.
[2026-06-07 12:26:20] Accepted normal client request.
[2026-06-07 12:26:21] Accepted normal client request.
[2026-06-07 12:26:22] Accepted normal client request.
[2026-06-07 12:26:23] Accepted normal client request.
[2026-06-07 12:26:24] Accepted normal client request.
[2026-06-07 12:26:25] Accepted normal client request.
[2026-06-07 12:26:26] Accepted normal client request.
[2026-06-07 12:26:27] Accepted normal client request.
[2026-06-07 12:26:28] Accepted normal client request.
[2026-06-07 12:26:29] Accepted normal client request.
[2026-06-07 12:26:30] Accepted normal client request.
[2026-06-07 12:26:31] Accepted normal client request.
[2026-06-07 12:26:32] Accepted normal client request.
[2026-06-07 12:26:33] Accepted normal client request.
[2026-06-07 12:26:34] Accepted normal client request.
[2026-06-07 12:26:35] Accepted normal client request.
[2026-06-07 12:26:36] Accepted normal client request.
[2026-06-07 12:26:37] Accepted normal client request.
[2026-06-07 12:26:38] Accepted normal client request.
[2026-06-07 12:26:39] Accepted normal client request.
[2026-06-07 12:26:40] Accepted normal client request.
[2026-06-07 12:26:41] Accepted normal client request.
[2026-06-07 12:26:42] Accepted normal client request.
[2026-06-07 12:26:43] Accepted normal client request.
[2026-06-07 12:26:44] Accepted normal client request.
[2026-06-07 12:26:45] Accepted normal client request.
[2026-06-07 12:26:46] Accepted normal client request.
[2026-06-07 12:26:47] Accepted normal client request.
[2026-06-07 12:26:48] Accepted normal client request.
[2026-06-07 12:26:49] Accepted normal client request.
[2026-06-07 12:26:50] Accepted normal client request.
[2026-06-07 12:26:51] Accepted normal client request.
[2026-06-07 12:26:52] Accepted normal client request.
[2026-06-07 12:26:53] Accepted normal client request.
[2026-06-07 12:26:54] Accepted normal client request.
[2026-06-07 12:26:55] Accepted normal client request.
[2026-06-07 12:26:56] Accepted normal client request.
[2026-06-07 12:26:57] Accepted normal client request.
[2026-06-07 12:26:58] Accepted normal client request.
[2026-06-07 12:26:59] Accepted normal client request.
[2026-06-07 12:27:00] Accepted normal client request.
[2026-06-07 12:27:01] Accepted normal client request.
[2026-06-07 12:27:02] Accepted normal client request.
[2026-06-07 12:27:03] Accepted normal client request.
[2026-06-07 12:27:04] Accepted normal client request.
[2026-06-07 12:27:05] Accepted normal client request.
[2026-06-07 12:27:06] Accepted normal client request.
[2026-06-07 12:27:07] Accepted normal client request.
[2026-06-07 12:27:08] Accepted normal client request.
[2026-06-07 12:27:09] Accepted normal client request.
[2026-06-07 12:27:10] Accepted normal client request.
[2026-06-07 12:27:11] Accepted normal client request.
[2026-06-07 12:27:12] Accepted normal client request.
[2026-06-07 12:27:13] Accepted normal client request.
[2026-06-07 12:27:14] Accepted normal client request.
[2026-06-07 12:27:15] Accepted normal client request.
[2026-06-07 12:27:16] Accepted normal client request.
[2026-06-07 12:27:17] Accepted normal client request.
[2026-06-07 12:27:18] Accepted normal client request.
[2026-06-07 12:27:19] Accepted normal client request.
[2026-06-07 12:27:20] Accepted normal client request.
[2026-06-07 12:27:21] Accepted normal client request.
[2026-06-07 12:27:22] Accepted normal client request.
[2026-06-07 12:27:23] Accepted normal client request.
[2026-06-07 12:27:24] Accepted normal client request.
[2026-06-07 12:27:25] Accepted normal client request.
[2026-06-07 12:27:26] Accepted normal client request.
[2026-06-07 12:27:27] Accepted normal client request.
[2026-06-07 12:27:28] Accepted normal client request.
[2026-06-07 12:27:29] Accepted normal client request.
[2026-06-07 12:27:30] Accepted normal client request.
[2026-06-07 12:27:31] Accepted normal client request.
[2026-06-07 12:27:32] Accepted normal client request.
[2026-06-07 12:27:33] Accepted normal client request.
[2026-06-07 12:27:34] Accepted normal client request.
[2026-06-07 12:27:35] Accepted normal client request.
[2026-06-07 12:27:36] Accepted normal client request.
[2026-06-07 12:27:37] Accepted normal client request.
[2026-06-07 12:27:38] Accepted normal client request.
[2026-06-07 12:27:39] Accepted normal client request.
[2026-06-07 12:27:40] Accepted normal client request.
[2026-06-07 12:27:41] Accepted normal client request.
[2026-06-07 12:27:42] Accepted normal client request.
[2026-06-07 12:27:43] Accepted normal client request.
[2026-06-07 12:27:44] Accepted normal client request.
[2026-06-07 12:27:45] Accepted normal client request.
[2026-06-07 12:27:46] Accepted normal client request.
[2026-06-07 12:27:47] Accepted normal client request.
[2026-06-07 12:27:48] Accepted normal client request.
[2026-06-07 12:27:49] Accepted normal client request.
[2026-06-07 12:27:50] Accepted normal client request.
[2026-06-07 12:27:51] Accepted normal client request.
[2026-06-07 12:27:52] Accepted normal client request.
[2026-06-07 12:27:53] Accepted normal client request.
[2026-06-07 12:27:54] Accepted normal client request.
[2026-06-07 12:27:55] Accepted normal client request.
[2026-06-07 12:27:56] Accepted normal client request.
[2026-06-07 12:27:57] Accepted normal client request.
[2026-06-07 12:27:58] Accepted normal client request.
[2026-06-07 12:27:59] Accepted normal client request.
[2026-06-07 12:28:00] Accepted normal client request.
[2026-06-07 12:28:01] Accepted normal client request.
[2026-06-07 12:28:02] Accepted normal client request.
[2026-06-07 12:28:03] Accepted normal client request.
[2026-06-07 12:28:04] Accepted normal client request.
[2026-06-07 12:28:05] Accepted normal client request.
[2026-06-07 12:28:06] Accepted normal client request.
[2026-06-07 12:28:07] Accepted normal client request.
[2026-06-07 12:28:08] Accepted normal client request.
[2026-06-07 12:28:09] Accepted normal client request.
[2026-06-07 12:28:10] Accepted normal client request.
[2026-06-07 12:28:11] Accepted normal client request.
[2026-06-07 12:28:12] Accepted normal client request.
[2026-06-07 12:28:13] Accepted normal client request.
[2026-06-07 12:28:14] Accepted normal client request.
[2026-06-07 12:28:15] Accepted normal client request.
[2026-06-07 12:28:16] Accepted normal client request.
[2026-06-07 12:28:17] Accepted normal client request.
[2026-06-07 12:28:18] Accepted normal client request.
[2026-06-07 12:28:19] Accepted normal client request.
[2026-06-07 12:28:20] Accepted normal client request.
[2026-06-07 12:28:21] Accepted normal client request.
[2026-06-07 12:28:22] Accepted normal client request.
[2026-06-07 12:28:23] Accepted normal client request.
[2026-06-07 12:28:24] Accepted normal client request.
[2026-06-07 12:28:25] Accepted normal client request.
[2026-06-07 12:28:26] Accepted normal client request.
[2026-06-07 12:28:27] Accepted normal client request.
[2026-06-07 12:28:28] Accepted normal client request.
[2026-06-07 12:28:29] Accepted normal client request.
[2026-06-07 12:28:30] Accepted normal client request.
[2026-06-07 12:28:31] Accepted normal client request.
[2026-06-07 12:28:32] Accepted normal client request.
[2026-06-07 12:28:33] Accepted normal client request.
[2026-06-07 12:28:34] Accepted normal client request.
[2026-06-07 12:28:35] Accepted normal client request.
[2026-06-07 12:28:36] Accepted normal client request.
[2026-06-07 12:28:37] Accepted normal client request.
[2026-06-07 12:28:38] Accepted normal client request.
[2026-06-07 12:28:39] Accepted normal client request.
[2026-06-07 12:28:40] Accepted normal client request.
[2026-06-07 12:28:41] Accepted normal client request.
[2026-06-07 12:28:42] Accepted normal client request.
[2026-06-07 12:28:43] Accepted normal client request.
[2026-06-07 12:28:44] Accepted normal client request.
[2026-06-07 12:28:45] Accepted normal client request.
[2026-06-07 12:28:46] Accepted normal client request.
[2026-06-07 12:28:47] Accepted normal client request.
[2026-06-07 12:28:48] Accepted normal client request.
[2026-06-07 12:28:49] Accepted normal client request.
[2026-06-07 12:28:50] Accepted normal client request.
[2026-06-07 12:28:51] Accepted normal client request.
[2026-06-07 12:28:52] Accepted normal client request.
[2026-06-07 12:28:53] Accepted normal client request.
[2026-06-07 12:28:54] Accepted normal client request.
[2026-06-07 12:28:55] Accepted normal client request.
[2026-06-07 12:28:56] Accepted normal client request.
[2026-06-07 12:28:57] Accepted normal client request.
[2026-06-07 12:28:58] Accepted normal client request.
[2026-06-07 12:28:59] Accepted normal client request.
[2026-06-07 12:29:00] Accepted normal client request.
[2026-06-07 12:29:01] Accepted normal client request.
[2026-06-07 12:29:02] Accepted normal client request.
[2026-06-07 12:29:03] Accepted normal client request.
[2026-06-07 12:29:04] Accepted normal client request.
[2026-06-07 12:29:05] Accepted normal client request.
[2026-06-07 12:29:06] Accepted normal client request.
[2026-06-07 12:29:07] Accepted normal client request.
[2026-06-07 12:29:08] Accepted normal client request.
[2026-06-07 12:29:09] Accepted normal client request.
[2026-06-07 12:29:10] Accepted normal client request.
[2026-06-07 12:29:11] Accepted normal client request.
[2026-06-07 12:29:12] Accepted normal client request.
[2026-06-07 12:29:13] Accepted normal client request.
[2026-06-07 12:29:14] Accepted normal client request.
[2026-06-07 12:29:15] Accepted normal client request.
[2026-06-07 12:29:16] Accepted normal client request.
[2026-06-07 12:29:17] Accepted normal client request.
[2026-06-07 12:29:18] Accepted normal client request.
[2026-06-07 12:29:19] Accepted normal client request.
[2026-06-07 12:29:20] Accepted normal client request.
[2026-06-07 12:29:21] Accepted normal client request.
[2026-06-07 12:29:22] Accepted normal client request.
[2026-06-07 12:29:23] Accepted normal client request.
[2026-06-07 12:29:24] Accepted normal client request.
[2026-06-07 12:29:25] Accepted normal client request.
[2026-06-07 12:29:26] Accepted normal client request.
[2026-06-07 12:29:27] Accepted normal client request.
[2026-06-07 12:29:28] Accepted normal client request.
[2026-06-07 12:29:29] Accepted normal client request.
[2026-06-07 12:29:30] Accepted normal client request.
[2026-06-07 12:29:31] Accepted normal client request.
[2026-06-07 12:29:32] Accepted normal client request.
[2026-06-07 12:29:33] Accepted normal client request.
[2026-06-07 12:29:34] Accepted normal client request.
[2026-06-07 12:29:35] Accepted normal client request.
[2026-06-07 12:29:36] Accepted normal client request.
[2026-06-07 12:29:37] Accepted normal client request.
[2026-06-07 12:29:38] Accepted normal client request.
[2026-06-07 12:29:40] Accepted normal client request.
[2026-06-07 12:29:41] Accepted normal client request.
[2026-06-07 12:29:42] Accepted normal client request.
[2026-06-07 12:29:43] Accepted normal client request.
[2026-06-07 12:29:44] Accepted normal client request.
[2026-06-07 12:29:45] Accepted normal client request.
[2026-06-07 12:29:46] Accepted normal client request.
[2026-06-07 12:29:47] Accepted normal client request.
[2026-06-07 12:29:48] Accepted normal client request.
[2026-06-07 12:29:49] Accepted normal client request.
[2026-06-07 12:29:50] Accepted normal client request.
[2026-06-07 12:29:51] Accepted normal client request.
[2026-06-07 12:29:52] Accepted normal client request.
[2026-06-07 12:29:53] Accepted normal client request.
[2026-06-07 12:29:54] Accepted normal client request.
[2026-06-07 12:29:55] Accepted normal client request.
[2026-06-07 12:29:56] Accepted normal client request.
[2026-06-07 12:29:57] Accepted normal client request.
[2026-06-07 12:29:58] Accepted normal client request.
[2026-06-07 12:29:59] Accepted normal client request.
[2026-06-07 12:30:00] Accepted normal client request.
[2026-06-07 12:30:01] Accepted normal client request.
[2026-06-07 12:30:02] Accepted normal client request.
[2026-06-07 12:30:03] Accepted normal client request.
[2026-06-07 12:30:04] Accepted normal client request.
[2026-06-07 12:30:05] Accepted normal client request.
[2026-06-07 12:30:06] Accepted normal client request.
[2026-06-07 12:30:07] Accepted normal client request.
[2026-06-07 12:30:08] Accepted normal client request.
[2026-06-07 12:30:09] Accepted normal client request.
[2026-06-07 12:30:10] Accepted normal client request.
[2026-06-07 12:30:11] Accepted normal client request.
[2026-06-07 12:30:12] Accepted normal client request.
[2026-06-07 12:30:13] Accepted normal client request.
[2026-06-07 12:30:14] Accepted normal client request.
[2026-06-07 12:30:15] Accepted normal client request.
[2026-06-07 12:30:16] Accepted normal client request.
[2026-06-07 12:30:17] Accepted normal client request.
[2026-06-07 12:30:18] Accepted normal client request.
[2026-06-07 12:30:19] Accepted normal client request.
[2026-06-07 12:30:20] Accepted normal client request.
[2026-06-07 12:30:21] Accepted normal client request.
[2026-06-07 12:30:22] Accepted normal client request.
[2026-06-07 12:30:23] Accepted normal client request.
[2026-06-07 12:30:24] Accepted normal client request.
[2026-06-07 12:30:25] Accepted normal client request.
[2026-06-07 12:30:26] Accepted normal client request.
[2026-06-07 12:30:27] Accepted normal client request.
[2026-06-07 12:30:28] Accepted normal client request.
[2026-06-07 12:30:30] Accepted normal client request.
[2026-06-07 12:30:31] Accepted normal client request.
[2026-06-07 12:30:32] Accepted normal client request.
[2026-06-07 12:30:33] Accepted normal client request.
[2026-06-07 12:30:34] Accepted normal client request.
[2026-06-07 12:30:35] Accepted normal client request.
[2026-06-07 12:30:36] Accepted normal client request.
[2026-06-07 12:30:37] Accepted normal client request.
[2026-06-07 12:30:38] Accepted normal client request.
[2026-06-07 12:30:39] Accepted normal client request.
[2026-06-07 12:30:40] Accepted normal client request.
[2026-06-07 12:30:41] Accepted normal client request.
[2026-06-07 12:30:42] Accepted normal client request.
[2026-06-07 12:30:43] Accepted normal client request.
[2026-06-07 12:30:44] Accepted normal client request.
[2026-06-07 12:30:45] Accepted normal client request.
[2026-06-07 12:30:46] Accepted normal client request.
[2026-06-07 12:30:47] Accepted normal client request.
[2026-06-07 12:30:48] Accepted normal client request.
[2026-06-07 12:30:49] Accepted normal client request.
[2026-06-07 12:30:50] Accepted normal client request.
[2026-06-07 12:30:51] Accepted normal client request.
[2026-06-07 12:30:52] Accepted normal client request.
[2026-06-07 12:30:53] Accepted normal client request.
[2026-06-07 12:30:54] Accepted normal client request.
[2026-06-07 12:30:55] Accepted normal client request.
[2026-06-07 12:30:56] Accepted normal client request.
[2026-06-07 12:30:57] Accepted normal client request.
[2026-06-07 12:30:58] Accepted normal client request.
[2026-06-07 12:30:59] Accepted normal client request.
[2026-06-07 12:31:00] Accepted normal client request.
[2026-06-07 12:31:01] Accepted normal client request.
[2026-06-07 12:31:02] Accepted normal client request.
[2026-06-07 12:31:03] Accepted normal client request.
[2026-06-07 12:31:04] Accepted normal client request.
[2026-06-07 12:31:05] Accepted normal client request.
[2026-06-07 12:31:06] Accepted normal client request.
[2026-06-07 12:31:07] Accepted normal client request.
[2026-06-07 12:31:08] Accepted normal client request.
[2026-06-07 12:31:09] Accepted normal client request.
[2026-06-07 12:31:10] Accepted normal client request.
[2026-06-07 12:31:11] Accepted normal client request.
[2026-06-07 12:31:12] Accepted normal client request.
[2026-06-07 12:31:13] Accepted normal client request.
[2026-06-07 12:31:14] Accepted normal client request.
[2026-06-07 12:31:15] Accepted normal client request.
[2026-06-07 12:31:16] Accepted normal client request.
[2026-06-07 12:31:17] Accepted normal client request.
[2026-06-07 12:31:18] Accepted normal client request.
[2026-06-07 12:31:19] Accepted normal client request.
[2026-06-07 12:31:20] Accepted normal client request.
[2026-06-07 12:31:21] Accepted normal client request.
[2026-06-07 12:31:22] Accepted normal client request.
[2026-06-07 12:31:23] Accepted normal client request.
[2026-06-07 12:31:24] Accepted normal client request.
[2026-06-07 12:31:25] Accepted normal client request.
[2026-06-07 12:31:26] Accepted normal client request.
[2026-06-07 12:31:27] Accepted normal client request.
[2026-06-07 12:31:28] Accepted normal client request.
[2026-06-07 12:31:29] Accepted normal client request.
[2026-06-07 12:31:30] Accepted normal client request.
[2026-06-07 12:31:31] Accepted normal client request.
[2026-06-07 12:31:32] Accepted normal client request.
[2026-06-07 12:31:33] Accepted normal client request.
[2026-06-07 12:31:34] Accepted normal client request.
[2026-06-07 12:31:35] Accepted normal client request.
[2026-06-07 12:31:36] Accepted normal client request.
[2026-06-07 12:31:37] Accepted normal client request.
[2026-06-07 12:31:38] Accepted normal client request.
[2026-06-07 12:31:39] Accepted normal client request.
[2026-06-07 12:31:40] Accepted normal client request.
[2026-06-07 12:31:41] Accepted normal client request.
[2026-06-07 12:31:42] Accepted normal client request.
[2026-06-07 12:31:43] Accepted normal client request.
[2026-06-07 12:31:44] Accepted normal client request.
[2026-06-07 12:31:45] Accepted normal client request.
[2026-06-07 12:31:46] Accepted normal client request.
[2026-06-07 12:31:47] Accepted normal client request.
[2026-06-07 12:31:48] Accepted normal client request.
[2026-06-07 12:31:49] Accepted normal client request.
[2026-06-07 12:31:50] Accepted normal client request.
[2026-06-07 12:31:51] Accepted normal client request.
[2026-06-07 12:31:52] Accepted normal client request.
[2026-06-07 12:31:53] Accepted normal client request.
[2026-06-07 12:31:54] Accepted normal client request.
[2026-06-07 12:31:55] Accepted normal client request.
[2026-06-07 12:31:56] Accepted normal client request.
[2026-06-07 12:31:57] Accepted normal client request.
[2026-06-07 12:31:58] Accepted normal client request.
[2026-06-07 12:31:59] Accepted normal client request.
[2026-06-07 12:32:00] Accepted normal client request.
[2026-06-07 12:32:01] Accepted normal client request.
[2026-06-07 12:32:02] Accepted normal client request.
[2026-06-07 12:32:03] Accepted normal client request.
[2026-06-07 12:32:04] Accepted normal client request.
[2026-06-07 12:32:05] Accepted normal client request.
[2026-06-07 12:32:06] Accepted normal client request.
[2026-06-07 12:32:07] Accepted normal client request.
[2026-06-07 12:32:08] Accepted normal client request.
[2026-06-07 12:32:09] Accepted normal client request.
[2026-06-07 12:32:10] Accepted normal client request.
[2026-06-07 12:32:11] Accepted normal client request.
[2026-06-07 12:32:12] Accepted normal client request.
[2026-06-07 12:32:13] Accepted normal client request.
[2026-06-07 12:32:14] Accepted normal client request.
[2026-06-07 12:32:15] Accepted normal client request.
[2026-06-07 12:32:16] Accepted normal client request.
[2026-06-07 12:32:17] Accepted normal client request.
[2026-06-07 12:32:18] Accepted normal client request.
[2026-06-07 12:32:19] Accepted normal client request.
[2026-06-07 12:32:20] Accepted normal client request.
[2026-06-07 12:32:21] Accepted normal client request.
[2026-06-07 12:32:22] Accepted normal client request.
[2026-06-07 12:32:23] Accepted normal client request.
[2026-06-07 12:32:24] Accepted normal client request.
[2026-06-07 12:32:25] Accepted normal client request.
[2026-06-07 12:32:26] Accepted normal client request.
[2026-06-07 12:32:27] Accepted normal client request.
[2026-06-07 12:32:28] Accepted normal client request.
[2026-06-07 12:32:29] Accepted normal client request.
[2026-06-07 12:32:30] Accepted normal client request.
[2026-06-07 12:32:31] Accepted normal client request.
[2026-06-07 12:32:32] Accepted normal client request.
[2026-06-07 12:32:33] Accepted normal client request.
[2026-06-07 12:32:34] Accepted normal client request.
[2026-06-07 12:32:35] Accepted normal client request.
[2026-06-07 12:32:36] Accepted normal client request.
[2026-06-07 12:32:37] Accepted normal client request.
[2026-06-07 12:32:38] Accepted normal client request.
[2026-06-07 12:32:39] Accepted normal client request.
[2026-06-07 12:32:40] Accepted normal client request.
[2026-06-07 12:32:41] Accepted normal client request.
[2026-06-07 12:32:42] Accepted normal client request.
[2026-06-07 12:32:43] Accepted normal client request.
[2026-06-07 12:32:44] Accepted normal client request.
[2026-06-07 12:32:45] Accepted normal client request.
[2026-06-07 12:32:46] Accepted normal client request.
[2026-06-07 12:32:47] Accepted normal client request.
[2026-06-07 12:32:48] Accepted normal client request.
[2026-06-07 12:32:49] Accepted normal client request.
[2026-06-07 12:32:50] Accepted normal client request.
[2026-06-07 12:32:51] Accepted normal client request.
[2026-06-07 12:32:52] Accepted normal client request.
[2026-06-07 12:32:53] Accepted normal client request.
[2026-06-07 12:32:54] Accepted normal client request.
[2026-06-07 12:32:55] Accepted normal client request.
[2026-06-07 12:32:56] Accepted normal client request.
[2026-06-07 12:32:57] Accepted normal client request.
[2026-06-07 12:32:58] Accepted normal client request.
[2026-06-07 12:32:59] Accepted normal client request.
[2026-06-07 12:33:00] Accepted normal client request.
[2026-06-07 12:33:01] Accepted normal client request.
[2026-06-07 12:33:02] Accepted normal client request.
[2026-06-07 12:33:03] Accepted normal client request.
[2026-06-07 12:33:04] Accepted normal client request.
[2026-06-07 12:33:05] Accepted normal client request.
[2026-06-07 12:33:06] Accepted normal client request.
[2026-06-07 12:33:07] Accepted normal client request.
[2026-06-07 12:33:08] Accepted normal client request.
[2026-06-07 12:33:09] Accepted normal client request.
[2026-06-07 12:33:10] Accepted normal client request.
[2026-06-07 12:33:11] Accepted normal client request.
[2026-06-07 12:33:12] Accepted normal client request.
[2026-06-07 12:33:13] Accepted normal client request.
[2026-06-07 12:33:14] Accepted normal client request.
[2026-06-07 12:33:15] Accepted normal client request.
[2026-06-07 12:33:16] Accepted normal client request.
[2026-06-07 12:33:17] Accepted normal client request.
[2026-06-07 12:33:18] Accepted normal client request.
[2026-06-07 12:33:19] Accepted normal client request.
[2026-06-07 12:33:20] Accepted normal client request.
[2026-06-07 12:33:21] Accepted normal client request.
[2026-06-07 12:33:22] Accepted normal client request.
[2026-06-07 12:33:23] Accepted normal client request.
[2026-06-07 12:33:24] Accepted normal client request.
[2026-06-07 12:33:25] Accepted normal client request.
[2026-06-07 12:33:26] Accepted normal client request.
[2026-06-07 12:33:27] Accepted normal client request.
[2026-06-07 12:33:28] Accepted normal client request.
[2026-06-07 12:33:29] Accepted normal client request.
[2026-06-07 12:33:30] Accepted normal client request.
[2026-06-07 12:33:31] Accepted normal client request.
[2026-06-07 12:33:32] Accepted normal client request.
[2026-06-07 12:33:33] Accepted normal client request.
[2026-06-07 12:33:34] Accepted normal client request.
[2026-06-07 12:33:35] Accepted normal client request.
[2026-06-07 12:33:36] Accepted normal client request.
[2026-06-07 12:33:37] Accepted normal client request.
[2026-06-07 12:33:38] Accepted normal client request.
[2026-06-07 12:33:39] Accepted normal client request.
[2026-06-07 12:33:40] Accepted normal client request.
[2026-06-07 12:33:41] Accepted normal client request.
[2026-06-07 12:33:42] Accepted normal client request.
[2026-06-07 12:33:43] Accepted normal client request.
[2026-06-07 12:33:44] Accepted normal client request.
[2026-06-07 12:33:45] Accepted normal client request.
[2026-06-07 12:33:46] Accepted normal client request.
[2026-06-07 12:33:47] Accepted normal client request.
[2026-06-07 12:33:48] Accepted normal client request.
[2026-06-07 12:33:49] Accepted normal client request.
[2026-06-07 12:33:50] Accepted normal client request.
[2026-06-07 12:33:51] Accepted normal client request.
[2026-06-07 12:33:52] Accepted normal client request.
[2026-06-07 12:33:53] Accepted normal client request.
[2026-06-07 12:33:54] Accepted normal client request.
[2026-06-07 12:33:55] Accepted normal client request.
[2026-06-07 12:33:57] Accepted normal client request.
[2026-06-07 12:33:58] Accepted normal client request.
[2026-06-07 12:33:59] Accepted normal client request.
[2026-06-07 12:34:00] Accepted normal client request.
[2026-06-07 12:34:01] Accepted normal client request.
[2026-06-07 12:34:02] Accepted normal client request.
[2026-06-07 12:34:03] Accepted normal client request.
[2026-06-07 12:34:04] Accepted normal client request.
[2026-06-07 12:34:05] Accepted normal client request.
[2026-06-07 12:34:06] Accepted normal client request.
[2026-06-07 12:34:07] Accepted normal client request.
[2026-06-07 12:34:08] Accepted normal client request.
[2026-06-07 12:34:09] Accepted normal client request.
[2026-06-07 12:34:10] Accepted normal client request.
[2026-06-07 12:34:11] Accepted normal client request.
[2026-06-07 12:34:12] Accepted normal client request.
[2026-06-07 12:34:13] Accepted normal client request.
[2026-06-07 12:34:14] Accepted normal client request.
[2026-06-07 12:34:15] Accepted normal client request.
[2026-06-07 12:34:16] Accepted normal client request.
[2026-06-07 12:34:17] Accepted normal client request.
[2026-06-07 12:34:18] Accepted normal client request.
[2026-06-07 12:34:19] Accepted normal client request.
[2026-06-07 12:34:20] Accepted normal client request.
[2026-06-07 12:34:21] Accepted normal client request.
[2026-06-07 12:34:22] Accepted normal client request.
[2026-06-07 12:34:23] Accepted normal client request.
[2026-06-07 12:34:24] Accepted normal client request.
[2026-06-07 12:34:25] Accepted normal client request.
[2026-06-07 12:34:26] Accepted normal client request.
[2026-06-07 12:34:27] Accepted normal client request.
[2026-06-07 12:34:28] Accepted normal client request.
[2026-06-07 12:34:29] Accepted normal client request.
[2026-06-07 12:34:30] Accepted normal client request.
[2026-06-07 12:34:31] Accepted normal client request.
[2026-06-07 12:34:32] Accepted normal client request.
[2026-06-07 12:34:33] Accepted normal client request.
[2026-06-07 12:34:34] Accepted normal client request.
[2026-06-07 12:34:35] Accepted normal client request.
[2026-06-07 12:34:36] Accepted normal client request.
[2026-06-07 12:34:37] Accepted normal client request.
[2026-06-07 12:34:38] Accepted normal client request.
[2026-06-07 12:34:39] Accepted normal client request.
[2026-06-07 12:34:40] Accepted normal client request.
[2026-06-07 12:34:41] Accepted normal client request.
[2026-06-07 12:34:42] Accepted normal client request.
[2026-06-07 12:34:43] Accepted normal client request.
[2026-06-07 12:34:44] Accepted normal client request.
[2026-06-07 12:34:45] Accepted normal client request.
[2026-06-07 12:34:46] Accepted normal client request.
[2026-06-07 12:34:47] Accepted normal client request.
[2026-06-07 12:34:48] Accepted normal client request.
[2026-06-07 12:34:49] Accepted normal client request.
[2026-06-07 12:34:50] Accepted normal client request.
[2026-06-07 12:34:51] Accepted normal client request.
[2026-06-07 12:34:52] Accepted normal client request.
[2026-06-07 12:34:53] Accepted normal client request.
[2026-06-07 12:34:54] Accepted normal client request.
[2026-06-07 12:34:55] Accepted normal client request.
[2026-06-07 12:34:56] Accepted normal client request.
[2026-06-07 12:34:57] Accepted normal client request.
[2026-06-07 12:34:58] Accepted normal client request.
[2026-06-07 12:34:59] Accepted normal client request.
[2026-06-07 12:35:00] Accepted normal client request.
[2026-06-07 12:35:01] Accepted normal client request.
[2026-06-07 12:35:02] Accepted normal client request.
[2026-06-07 12:35:03] Accepted normal client request.
[2026-06-07 12:35:04] Accepted normal client request.
[2026-06-07 12:35:05] Accepted normal client request.
[2026-06-07 12:35:06] Accepted normal client request.
[2026-06-07 12:35:07] Accepted normal client request.
[2026-06-07 12:35:08] Accepted normal client request.
[2026-06-07 12:35:09] Accepted normal client request.
[2026-06-07 12:35:10] Accepted normal client request.
[2026-06-07 12:35:11] Accepted normal client request.
[2026-06-07 12:35:12] Accepted normal client request.
[2026-06-07 12:35:13] Accepted normal client request.
[2026-06-07 12:35:14] Accepted normal client request.
[2026-06-07 12:35:15] Accepted normal client request.
[2026-06-07 12:35:16] Accepted normal client request.
[2026-06-07 12:35:17] Accepted normal client request.
[2026-06-07 12:35:18] Accepted normal client request.
[2026-06-07 12:35:19] Accepted normal client request.
[2026-06-07 12:35:20] Accepted normal client request.
[2026-06-07 12:35:21] Accepted normal client request.
[2026-06-07 12:35:22] Accepted normal client request.
[2026-06-07 12:35:23] Accepted normal client request.
[2026-06-07 12:35:24] Accepted normal client request.
[2026-06-07 12:35:25] Accepted normal client request.
[2026-06-07 12:35:26] Accepted normal client request.
[2026-06-07 12:35:27] Accepted normal client request.
[2026-06-07 12:35:28] Accepted normal client request.
[2026-06-07 12:35:29] Accepted normal client request.
[2026-06-07 12:35:30] Accepted normal client request.
[2026-06-07 12:35:31] Accepted normal client request.
[2026-06-07 12:35:32] Accepted normal client request.
[2026-06-07 12:35:33] Accepted normal client request.
[2026-06-07 12:35:34] Accepted normal client request.
[2026-06-07 12:35:35] Accepted normal client request.
[2026-06-07 12:35:36] Accepted normal client request.
[2026-06-07 12:35:37] Accepted normal client request.
[2026-06-07 12:35:38] Accepted normal client request.
[2026-06-07 12:35:39] Accepted normal client request.
[2026-06-07 12:35:40] Accepted normal client request.
[2026-06-07 12:35:41] Accepted normal client request.
[2026-06-07 12:35:42] Accepted normal client request.
[2026-06-07 12:35:43] Accepted normal client request.
[2026-06-07 12:35:44] Accepted normal client request.
[2026-06-07 12:35:45] Accepted normal client request.
[2026-06-07 12:35:46] Accepted normal client request.
[2026-06-07 12:35:47] Accepted normal client request.
[2026-06-07 12:35:48] Accepted normal client request.
[2026-06-07 12:35:49] Accepted normal client request.
[2026-06-07 12:35:50] Accepted normal client request.
[2026-06-07 12:35:51] Accepted normal client request.
[2026-06-07 12:35:52] Accepted normal client request.
[2026-06-07 12:35:53] Accepted normal client request.
[2026-06-07 12:35:54] Accepted normal client request.
[2026-06-07 12:35:55] Accepted normal client request.
[2026-06-07 12:35:56] Accepted normal client request.
[2026-06-07 12:35:57] Accepted normal client request.
[2026-06-07 12:35:58] Accepted normal client request.
[2026-06-07 12:36:00] Accepted normal client request.
[2026-06-07 12:36:01] Accepted normal client request.
[2026-06-07 12:36:02] Accepted normal client request.
[2026-06-07 12:36:03] Accepted normal client request.
[2026-06-07 12:36:04] Accepted normal client request.
[2026-06-07 12:36:05] Accepted normal client request.
[2026-06-07 12:36:06] Accepted normal client request.
[2026-06-07 12:36:07] Accepted normal client request.
[2026-06-07 12:36:08] Accepted normal client request.
[2026-06-07 12:36:09] Accepted normal client request.
[2026-06-07 12:36:10] Accepted normal client request.
[2026-06-07 12:36:11] Accepted normal client request.
[2026-06-07 12:36:12] Accepted normal client request.
[2026-06-07 12:36:13] Accepted normal client request.
[2026-06-07 12:36:14] Accepted normal client request.
[2026-06-07 12:36:15] Accepted normal client request.
[2026-06-07 12:36:16] Accepted normal client request.
[2026-06-07 12:36:17] Accepted normal client request.
[2026-06-07 12:36:18] Accepted normal client request.
[2026-06-07 12:36:19] Accepted normal client request.
[2026-06-07 12:36:20] Accepted normal client request.
[2026-06-07 12:36:21] Accepted normal client request.
[2026-06-07 12:36:22] Accepted normal client request.
[2026-06-07 12:36:23] Accepted normal client request.
[2026-06-07 12:36:24] Accepted normal client request.
[2026-06-07 12:36:25] Accepted normal client request.
[2026-06-07 12:36:26] Accepted normal client request.
[2026-06-07 12:36:27] Accepted normal client request.
[2026-06-07 12:36:28] Accepted normal client request.
[2026-06-07 12:36:29] Accepted normal client request.
[2026-06-07 12:36:30] Accepted normal client request.
[2026-06-07 12:36:31] Accepted normal client request.
[2026-06-07 12:36:32] Accepted normal client request.
[2026-06-07 12:36:33] Accepted normal client request.
[2026-06-07 12:36:34] Accepted normal client request.
[2026-06-07 12:36:35] Accepted normal client request.
[2026-06-07 12:36:36] Accepted normal client request.
[2026-06-07 12:36:37] Accepted normal client request.
[2026-06-07 12:36:38] Accepted normal client request.
[2026-06-07 12:36:39] Accepted normal client request.
[2026-06-07 12:36:40] Accepted normal client request.
[2026-06-07 12:36:41] Accepted normal client request.
[2026-06-07 12:36:42] Accepted normal client request.
[2026-06-07 12:36:43] Accepted normal client request.
[2026-06-07 12:36:44] Accepted normal client request.
[2026-06-07 12:36:45] Accepted normal client request.
[2026-06-07 12:36:46] Accepted normal client request.
[2026-06-07 12:36:47] Accepted normal client request.
[2026-06-07 12:36:48] Accepted normal client request.
[2026-06-07 12:36:49] Accepted normal client request.
[2026-06-07 12:36:50] Accepted normal client request.
[2026-06-07 12:36:51] Accepted normal client request.
[2026-06-07 12:36:52] Accepted normal client request.
[2026-06-07 12:36:53] Accepted normal client request.
[2026-06-07 12:36:54] Accepted normal client request.
[2026-06-07 12:36:55] Accepted normal client request.
[2026-06-07 12:36:56] Accepted normal client request.
[2026-06-07 12:36:57] Accepted normal client request.
[2026-06-07 12:36:58] Accepted normal client request.
[2026-06-07 12:36:59] Accepted normal client request.
[2026-06-07 12:37:00] Accepted normal client request.
[2026-06-07 12:37:01] Accepted normal client request.
[2026-06-07 12:37:02] Accepted normal client request.
[2026-06-07 12:37:03] Accepted normal client request.
[2026-06-07 12:37:04] Accepted normal client request.
[2026-06-07 12:37:05] Accepted normal client request.
[2026-06-07 12:37:06] Accepted normal client request.
[2026-06-07 12:37:07] Accepted normal client request.
[2026-06-07 12:37:08] Accepted normal client request.
[2026-06-07 12:37:09] Accepted normal client request.
[2026-06-07 12:37:10] Accepted normal client request.
[2026-06-07 12:37:11] Accepted normal client request.
[2026-06-07 12:37:12] Accepted normal client request.
[2026-06-07 12:37:13] Accepted normal client request.
[2026-06-07 12:37:14] Accepted normal client request.
[2026-06-07 12:37:15] Accepted normal client request.
[2026-06-07 12:37:16] Accepted normal client request.
[2026-06-07 12:37:17] Accepted normal client request.
[2026-06-07 12:37:18] Accepted normal client request.
[2026-06-07 12:37:19] Accepted normal client request.
[2026-06-07 12:37:20] Accepted normal client request.
[2026-06-07 12:37:21] Accepted normal client request.
[2026-06-07 12:37:22] Accepted normal client request.
[2026-06-07 12:37:23] Accepted normal client request.
[2026-06-07 12:37:24] Accepted normal client request.
[2026-06-07 12:37:25] Accepted normal client request.
[2026-06-07 12:37:26] Accepted normal client request.
[2026-06-07 12:37:27] Accepted normal client request.
[2026-06-07 12:37:28] Accepted normal client request.
[2026-06-07 12:37:29] Accepted normal client request.
[2026-06-07 12:37:30] Accepted normal client request.
[2026-06-07 12:37:31] Accepted normal client request.
[2026-06-07 12:37:32] Accepted normal client request.
[2026-06-07 12:37:33] Accepted normal client request.
[2026-06-07 12:37:34] Accepted normal client request.
[2026-06-07 12:37:35] Accepted normal client request.
[2026-06-07 12:37:36] Accepted normal client request.
[2026-06-07 12:37:37] Accepted normal client request.
[2026-06-07 12:37:38] Accepted normal client request.
[2026-06-07 12:37:39] Accepted normal client request.
[2026-06-07 12:37:40] Accepted normal client request.
[2026-06-07 12:37:41] Accepted normal client request.
[2026-06-07 12:37:42] Accepted normal client request.
[2026-06-07 12:37:43] Accepted normal client request.
[2026-06-07 12:37:44] Accepted normal client request.
[2026-06-07 12:37:45] Accepted normal client request.
[2026-06-07 12:37:46] Accepted normal client request.
[2026-06-07 12:37:47] Accepted normal client request.
[2026-06-07 12:37:48] Accepted normal client request.
[2026-06-07 12:37:49] Accepted normal client request.
[2026-06-07 12:37:50] Accepted normal client request.
[2026-06-07 12:37:51] Accepted normal client request.
[2026-06-07 12:37:52] Accepted normal client request.
[2026-06-07 12:37:53] Accepted normal client request.
[2026-06-07 12:37:54] Accepted normal client request.
[2026-06-07 12:37:55] Accepted normal client request.
[2026-06-07 12:37:56] Accepted normal client request.
[2026-06-07 12:37:57] Accepted normal client request.
[2026-06-07 12:37:58] Accepted normal client request.
[2026-06-07 12:37:59] Accepted normal client request.
[2026-06-07 12:38:00] Accepted normal client request.
[2026-06-07 12:38:01] Accepted normal client request.
[2026-06-07 12:38:02] Accepted normal client request.
[2026-06-07 12:38:03] Accepted normal client request.
[2026-06-07 12:38:04] Accepted normal client request.
[2026-06-07 12:38:05] Accepted normal client request.
[2026-06-07 12:38:06] Accepted normal client request.
[2026-06-07 12:38:07] Accepted normal client request.
[2026-06-07 12:38:08] Accepted normal client request.
[2026-06-07 12:38:09] Accepted normal client request.
[2026-06-07 12:38:10] Accepted normal client request.
[2026-06-07 12:38:11] Accepted normal client request.
[2026-06-07 12:38:12] Accepted normal client request.
[2026-06-07 12:38:13] Accepted normal client request.
[2026-06-07 12:38:14] Accepted normal client request.
[2026-06-07 12:38:15] Accepted normal client request.
[2026-06-07 12:38:16] Accepted normal client request.
[2026-06-07 12:38:17] Accepted normal client request.
[2026-06-07 12:38:18] Accepted normal client request.
[2026-06-07 12:38:19] Accepted normal client request.
[2026-06-07 12:38:20] Accepted normal client request.
[2026-06-07 12:38:21] Accepted normal client request.
[2026-06-07 12:38:22] Accepted normal client request.
[2026-06-07 12:38:23] Accepted normal client request.
[2026-06-07 12:38:24] Accepted normal client request.
[2026-06-07 12:38:25] Accepted normal client request.
[2026-06-07 12:38:26] Accepted normal client request.
[2026-06-07 12:38:27] Accepted normal client request.
[2026-06-07 12:38:28] Accepted normal client request.
[2026-06-07 12:38:30] Accepted normal client request.
[2026-06-07 12:38:31] Accepted normal client request.
[2026-06-07 12:38:32] Accepted normal client request.
[2026-06-07 12:38:33] Accepted normal client request.
[2026-06-07 12:38:34] Accepted normal client request.
[2026-06-07 12:38:35] Accepted normal client request.
[2026-06-07 12:38:36] Accepted normal client request.
[2026-06-07 12:38:37] Accepted normal client request.
[2026-06-07 12:38:38] Accepted normal client request.
[2026-06-07 12:38:39] Accepted normal client request.
[2026-06-07 12:38:40] Accepted normal client request.
[2026-06-07 12:38:41] Accepted normal client request.
[2026-06-07 12:38:42] Accepted normal client request.
[2026-06-07 12:38:43] Accepted normal client request.
[2026-06-07 12:38:44] Accepted normal client request.
[2026-06-07 12:38:45] Accepted normal client request.
[2026-06-07 12:38:46] Accepted normal client request.
[2026-06-07 12:38:47] Accepted normal client request.
[2026-06-07 12:38:48] Accepted normal client request.
[2026-06-07 12:38:49] Accepted normal client request.
[2026-06-07 12:38:50] Accepted normal client request.
[2026-06-07 12:38:51] Accepted normal client request.
[2026-06-07 12:38:52] Accepted normal client request.
[2026-06-07 12:38:53] Accepted normal client request.
[2026-06-07 12:38:54] Accepted normal client request.
[2026-06-07 12:38:55] Accepted normal client request.
[2026-06-07 12:38:56] Accepted normal client request.
[2026-06-07 12:38:57] Accepted normal client request.
[2026-06-07 12:38:58] Accepted normal client request.
[2026-06-07 12:38:59] Accepted normal client request.
[2026-06-07 12:39:00] Accepted normal client request.
[2026-06-07 12:39:01] Accepted normal client request.
[2026-06-07 12:39:02] Accepted normal client request.
[2026-06-07 12:39:03] Accepted normal client request.
[2026-06-07 12:39:04] Accepted normal client request.
[2026-06-07 12:39:05] Accepted normal client request.
[2026-06-07 12:39:06] Accepted normal client request.
[2026-06-07 12:39:07] Accepted normal client request.
[2026-06-07 12:39:08] Accepted normal client request.
[2026-06-07 12:39:09] Accepted normal client request.
[2026-06-07 12:39:10] Accepted normal client request.
[2026-06-07 12:39:11] Accepted normal client request.
[2026-06-07 12:39:12] Accepted normal client request.
[2026-06-07 12:39:13] Accepted normal client request.
[2026-06-07 12:39:14] Accepted normal client request.
[2026-06-07 12:39:15] Accepted normal client request.
[2026-06-07 12:39:16] Accepted normal client request.
[2026-06-07 12:39:17] Accepted normal client request.
[2026-06-07 12:39:18] Accepted normal client request.
[2026-06-07 12:39:19] Accepted normal client request.
[2026-06-07 12:39:20] Accepted normal client request.
[2026-06-07 12:39:21] Accepted normal client request.
[2026-06-07 12:39:22] Accepted normal client request.
[2026-06-07 12:39:23] Accepted normal client request.
[2026-06-07 12:39:24] Accepted normal client request.
[2026-06-07 12:39:25] Accepted normal client request.
[2026-06-07 12:39:26] Accepted normal client request.
[2026-06-07 12:39:27] Accepted normal client request.
[2026-06-07 12:39:28] Accepted normal client request.
[2026-06-07 12:39:30] Accepted normal client request.
[2026-06-07 12:39:31] Accepted normal client request.
[2026-06-07 12:39:32] Accepted normal client request.
[2026-06-07 12:39:33] Accepted normal client request.
[2026-06-07 12:39:34] Accepted normal client request.
[2026-06-07 12:39:35] Accepted normal client request.
[2026-06-07 12:39:36] Accepted normal client request.
[2026-06-07 12:39:37] Accepted normal client request.
[2026-06-07 12:39:38] Accepted normal client request.
[2026-06-07 12:39:39] Accepted normal client request.
[2026-06-07 12:39:40] Accepted normal client request.
[2026-06-07 12:39:41] Accepted normal client request.
[2026-06-07 12:39:42] Accepted normal client request.
[2026-06-07 12:39:43] Accepted normal client request.
[2026-06-07 12:39:44] Accepted normal client request.
[2026-06-07 12:39:45] Accepted normal client request.
[2026-06-07 12:39:46] Accepted normal client request.
[2026-06-07 12:39:47] Accepted normal client request.
[2026-06-07 12:39:48] Accepted normal client request.
[2026-06-07 12:39:49] Accepted normal client request.
[2026-06-07 12:39:50] Accepted normal client request.
[2026-06-07 12:39:51] Accepted normal client request.
[2026-06-07 12:39:52] Accepted normal client request.
[2026-06-07 12:39:53] Accepted normal client request.
[2026-06-07 12:39:54] Accepted normal client request.
[2026-06-07 12:39:55] Accepted normal client request.
[2026-06-07 12:39:56] Accepted normal client request.
[2026-06-07 12:39:57] Accepted normal client request.
[2026-06-07 12:39:58] Accepted normal client request.
[2026-06-07 12:39:59] Accepted normal client request.
[2026-06-07 12:40:00] Accepted normal client request.
[2026-06-07 12:40:01] Accepted normal client request.
[2026-06-07 12:40:02] Accepted normal client request.
[2026-06-07 12:40:03] Accepted normal client request.
[2026-06-07 12:40:04] Accepted normal client request.
[2026-06-07 12:40:05] Accepted normal client request.
[2026-06-07 12:40:06] Accepted normal client request.
[2026-06-07 12:40:07] Accepted normal client request.
[2026-06-07 12:40:08] Accepted normal client request.
[2026-06-07 12:40:09] Accepted normal client request.
[2026-06-07 12:40:10] Accepted normal client request.
[2026-06-07 12:40:11] Accepted normal client request.
[2026-06-07 12:40:12] Accepted normal client request.
[2026-06-07 12:40:13] Accepted normal client request.
[2026-06-07 12:40:14] Accepted normal client request.
[2026-06-07 12:40:15] Accepted normal client request.
[2026-06-07 12:40:16] Accepted normal client request.
[2026-06-07 12:40:17] Accepted normal client request.
[2026-06-07 12:40:18] Accepted normal client request.
[2026-06-07 12:40:19] Accepted normal client request.
[2026-06-07 12:40:20] Accepted normal client request.
[2026-06-07 12:40:21] Accepted normal client request.
[2026-06-07 12:40:22] Accepted normal client request.
[2026-06-07 12:40:23] Accepted normal client request.
[2026-06-07 12:40:24] Accepted normal client request.
[2026-06-07 12:40:25] Accepted normal client request.
[2026-06-07 12:40:26] Accepted normal client request.
[2026-06-07 12:40:27] Accepted normal client request.
[2026-06-07 12:40:28] Accepted normal client request.
[2026-06-07 12:40:30] Accepted normal client request.
[2026-06-07 12:40:31] Accepted normal client request.
[2026-06-07 12:40:32] Accepted normal client request.
[2026-06-07 12:40:33] Accepted normal client request.
[2026-06-07 12:40:34] Accepted normal client request.
[2026-06-07 12:40:35] Accepted normal client request.
[2026-06-07 12:40:36] Accepted normal client request.
[2026-06-07 12:40:37] Accepted normal client request.
[2026-06-07 12:40:38] Accepted normal client request.
[2026-06-07 12:40:39] Accepted normal client request.
[2026-06-07 12:40:40] Accepted normal client request.
[2026-06-07 12:40:41] Accepted normal client request.
[2026-06-07 12:40:42] Accepted normal client request.
[2026-06-07 12:40:43] Accepted normal client request.
[2026-06-07 12:40:44] Accepted normal client request.
[2026-06-07 12:40:45] Accepted normal client request.
[2026-06-07 12:40:46] Accepted normal client request.
[2026-06-07 12:40:47] Accepted normal client request.
[2026-06-07 12:40:48] Accepted normal client request.
[2026-06-07 12:40:49] Accepted normal client request.
[2026-06-07 12:40:50] Accepted normal client request.
[2026-06-07 12:40:51] Accepted normal client request.
[2026-06-07 12:40:52] Accepted normal client request.
[2026-06-07 12:40:53] Accepted normal client request.
[2026-06-07 12:40:54] Accepted normal client request.
[2026-06-07 12:40:55] Accepted normal client request.
[2026-06-07 12:40:56] Accepted normal client request.
[2026-06-07 12:40:57] Accepted normal client request.
[2026-06-07 12:40:58] Accepted normal client request.
[2026-06-07 12:40:59] Accepted normal client request.
[2026-06-07 12:41:00] Accepted normal client request.
[2026-06-07 12:41:01] Accepted normal client request.
[2026-06-07 12:41:02] Accepted normal client request.
[2026-06-07 12:41:03] Accepted normal client request.
[2026-06-07 12:41:04] Accepted normal client request.
[2026-06-07 12:41:05] Accepted normal client request.
[2026-06-07 12:41:06] Accepted normal client request.
[2026-06-07 12:41:07] Accepted normal client request.
[2026-06-07 12:41:08] Accepted normal client request.
[2026-06-07 12:41:09] Accepted normal client request.
[2026-06-07 12:41:10] Accepted normal client request.
[2026-06-07 12:41:11] Accepted normal client request.
[2026-06-07 12:41:12] Accepted normal client request.
[2026-06-07 12:41:13] Accepted normal client request.
[2026-06-07 12:41:14] Accepted normal client request.
[2026-06-07 12:41:15] Accepted normal client request.
[2026-06-07 12:41:16] Accepted normal client request.
[2026-06-07 12:41:17] Accepted normal client request.
[2026-06-07 12:41:18] Accepted normal client request.
[2026-06-07 12:41:19] Accepted normal client request.
[2026-06-07 12:41:20] Accepted normal client request.
[2026-06-07 12:41:21] Accepted normal client request.
[2026-06-07 12:41:22] Accepted normal client request.
[2026-06-07 12:41:23] Accepted normal client request.
[2026-06-07 12:41:24] Accepted normal client request.
[2026-06-07 12:41:25] Accepted normal client request.
[2026-06-07 12:41:26] Accepted normal client request.
[2026-06-07 12:41:27] Accepted normal client request.
[2026-06-07 12:41:28] Accepted normal client request.
[2026-06-07 12:41:30] Accepted normal client request.
[2026-06-07 12:41:31] Accepted normal client request.
[2026-06-07 12:41:32] Accepted normal client request.
[2026-06-07 12:41:33] Accepted normal client request.
[2026-06-07 12:41:34] Accepted normal client request.
[2026-06-07 12:41:35] Accepted normal client request.
[2026-06-07 12:41:36] Accepted normal client request.
[2026-06-07 12:41:37] Accepted normal client request.
[2026-06-07 12:41:38] Accepted normal client request.
[2026-06-07 12:41:39] Accepted normal client request.
[2026-06-07 12:41:40] Accepted normal client request.
[2026-06-07 12:41:41] Accepted normal client request.
[2026-06-07 12:41:42] Accepted normal client request.
[2026-06-07 12:41:43] Accepted normal client request.
[2026-06-07 12:41:44] Accepted normal client request.
[2026-06-07 12:41:45] Accepted normal client request.
[2026-06-07 12:41:46] Accepted normal client request.
[2026-06-07 12:41:47] Accepted normal client request.
[2026-06-07 12:41:48] Accepted normal client request.
[2026-06-07 12:41:49] Accepted normal client request.
[2026-06-07 12:41:50] Accepted normal client request.
[2026-06-07 12:41:51] Accepted normal client request.
[2026-06-07 12:41:52] Accepted normal client request.
[2026-06-07 12:41:53] Accepted normal client request.
[2026-06-07 12:41:54] Accepted normal client request.
[2026-06-07 12:41:55] Accepted normal client request.
[2026-06-07 12:41:56] Accepted normal client request.
[2026-06-07 12:41:57] Accepted normal client request.
[2026-06-07 12:41:58] Accepted normal client request.
[2026-06-07 12:41:59] Accepted normal client request.
[2026-06-07 12:42:00] Accepted normal client request.
[2026-06-07 12:42:01] Accepted normal client request.
[2026-06-07 12:42:02] Accepted normal client request.
[2026-06-07 12:42:03] Accepted normal client request.
[2026-06-07 12:42:04] Accepted normal client request.
[2026-06-07 12:42:05] Accepted normal client request.
[2026-06-07 12:42:06] Accepted normal client request.
[2026-06-07 12:42:07] Accepted normal client request.
[2026-06-07 12:42:08] Accepted normal client request.
[2026-06-07 12:42:09] Accepted normal client request.
[2026-06-07 12:42:10] Accepted normal client request.
[2026-06-07 12:42:11] Accepted normal client request.
[2026-06-07 12:42:12] Accepted normal client request.
[2026-06-07 12:42:13] Accepted normal client request.
[2026-06-07 12:42:14] Accepted normal client request.
[2026-06-07 12:42:15] Accepted normal client request.
[2026-06-07 12:42:16] Accepted normal client request.
[2026-06-07 12:42:17] Accepted normal client request.
[2026-06-07 12:42:18] Accepted normal client request.
[2026-06-07 12:42:19] Accepted normal client request.
[2026-06-07 12:42:20] Accepted normal client request.
[2026-06-07 12:42:21] Accepted normal client request.
[2026-06-07 12:42:22] Accepted normal client request.
[2026-06-07 12:42:23] Accepted normal client request.
[2026-06-07 12:42:24] Accepted normal client request.
[2026-06-07 12:42:25] Accepted normal client request.
[2026-06-07 12:42:26] Accepted normal client request.
[2026-06-07 12:42:27] Accepted normal client request.
[2026-06-07 12:42:28] Accepted normal client request.
[2026-06-07 12:42:30] Accepted normal client request.
[2026-06-07 12:42:31] Accepted normal client request.
[2026-06-07 12:42:32] Accepted normal client request.
[2026-06-07 12:42:33] Accepted normal client request.
[2026-06-07 12:42:34] Accepted normal client request.
[2026-06-07 12:42:35] Accepted normal client request.
[2026-06-07 12:42:36] Accepted normal client request.
[2026-06-07 12:42:37] Accepted normal client request.
[2026-06-07 12:42:38] Accepted normal client request.
[2026-06-07 12:42:39] Accepted normal client request.
[2026-06-07 12:42:40] Accepted normal client request.
[2026-06-07 12:42:41] Accepted normal client request.
[2026-06-07 12:42:42] Accepted normal client request.
[2026-06-07 12:42:43] Accepted normal client request.
[2026-06-07 12:42:44] Accepted normal client request.
[2026-06-07 12:42:45] Accepted normal client request.
[2026-06-07 12:42:46] Accepted normal client request.
[2026-06-07 12:42:47] Accepted normal client request.
[2026-06-07 12:42:48] Accepted normal client request.
[2026-06-07 12:42:49] Accepted normal client request.
[2026-06-07 12:42:50] Accepted normal client request.
[2026-06-07 12:42:51] Accepted normal client request.
[2026-06-07 12:42:52] Accepted normal client request.
[2026-06-07 12:42:53] Accepted normal client request.
[2026-06-07 12:42:54] Accepted normal client request.
[2026-06-07 12:42:55] Accepted normal client request.
[2026-06-07 12:42:56] Accepted normal client request.
[2026-06-07 12:42:57] Accepted normal client request.
[2026-06-07 12:42:58] Accepted normal client request.
[2026-06-07 12:42:59] Accepted normal client request.
[2026-06-07 12:43:00] Accepted normal client request.
[2026-06-07 12:43:01] Accepted normal client request.
[2026-06-07 12:43:02] Accepted normal client request.
[2026-06-07 12:43:03] Accepted normal client request.
[2026-06-07 12:43:04] Accepted normal client request.
[2026-06-07 12:43:05] Accepted normal client request.
[2026-06-07 12:43:06] Accepted normal client request.
[2026-06-07 12:43:07] Accepted normal client request.
[2026-06-07 12:43:08] Accepted normal client request.
[2026-06-07 12:43:09] Accepted normal client request.
[2026-06-07 12:43:10] Accepted normal client request.
[2026-06-07 12:43:11] Accepted normal client request.
[2026-06-07 12:43:12] Accepted normal client request.
[2026-06-07 12:43:13] Accepted normal client request.
[2026-06-07 12:43:14] Accepted normal client request.
[2026-06-07 12:43:15] Accepted normal client request.
[2026-06-07 12:43:16] Accepted normal client request.
[2026-06-07 12:43:17] Accepted normal client request.
[2026-06-07 12:43:18] Accepted normal client request.
[2026-06-07 12:43:19] Accepted normal client request.
[2026-06-07 12:43:20] Accepted normal client request.
[2026-06-07 12:43:21] Accepted normal client request.
[2026-06-07 12:43:22] Accepted normal client request.
[2026-06-07 12:43:23] Accepted normal client request.
[2026-06-07 12:43:24] Accepted normal client request.
[2026-06-07 12:43:25] Accepted normal client request.
[2026-06-07 12:43:26] Accepted normal client request.
[2026-06-07 12:43:27] Accepted normal client request.
[2026-06-07 12:43:28] Accepted normal client request.
[2026-06-07 12:43:30] Accepted normal client request.
[2026-06-07 12:43:31] Accepted normal client request.
[2026-06-07 12:43:32] Accepted normal client request.
[2026-06-07 12:43:33] Accepted normal client request.
[2026-06-07 12:43:34] Accepted normal client request.
[2026-06-07 12:43:35] Accepted normal client request.
[2026-06-07 12:43:36] Accepted normal client request.
[2026-06-07 12:43:37] Accepted normal client request.
[2026-06-07 12:43:38] Accepted normal client request.
[2026-06-07 12:43:39] Accepted normal client request.
[2026-06-07 12:43:40] Accepted normal client request.
[2026-06-07 12:43:41] Accepted normal client request.
[2026-06-07 12:43:42] Accepted normal client request.
[2026-06-07 12:43:43] Accepted normal client request.
[2026-06-07 12:43:44] Accepted normal client request.
[2026-06-07 12:43:45] Accepted normal client request.
[2026-06-07 12:43:46] Accepted normal client request.
[2026-06-07 12:43:47] Accepted normal client request.
[2026-06-07 12:43:48] Accepted normal client request.
[2026-06-07 12:43:49] Accepted normal client request.
[2026-06-07 12:43:50] Accepted normal client request.
[2026-06-07 12:43:51] Accepted normal client request.
[2026-06-07 12:43:52] Accepted normal client request.
[2026-06-07 12:43:53] Accepted normal client request.
[2026-06-07 12:43:54] Accepted normal client request.
[2026-06-07 12:43:55] Accepted normal client request.
[2026-06-07 12:43:56] Accepted normal client request.
[2026-06-07 12:43:57] Accepted normal client request.
[2026-06-07 12:43:58] Accepted normal client request.
[2026-06-07 12:43:59] Accepted normal client request.
[2026-06-07 12:44:00] Accepted normal client request.
[2026-06-07 12:44:01] Accepted normal client request.
[2026-06-07 12:44:02] Accepted normal client request.
[2026-06-07 12:44:03] Accepted normal client request.
[2026-06-07 12:44:04] Accepted normal client request.
[2026-06-07 12:44:05] Accepted normal client request.
[2026-06-07 12:44:06] Accepted normal client request.
[2026-06-07 12:44:07] Accepted normal client request.
[2026-06-07 12:44:08] Accepted normal client request.
[2026-06-07 12:44:09] Accepted normal client request.
[2026-06-07 12:44:10] Accepted normal client request.
[2026-06-07 12:44:11] Accepted normal client request.
[2026-06-07 12:44:12] Accepted normal client request.
[2026-06-07 12:44:13] Accepted normal client request.
[2026-06-07 12:44:14] Accepted normal client request.
[2026-06-07 12:44:15] Accepted normal client request.
[2026-06-07 12:44:16] Accepted normal client request.
[2026-06-07 12:44:17] Accepted normal client request.
[2026-06-07 12:44:18] Accepted normal client request.
[2026-06-07 12:44:19] Accepted normal client request.
[2026-06-07 12:44:20] Accepted normal client request.
[2026-06-07 12:44:21] Accepted normal client request.
[2026-06-07 12:44:22] Accepted normal client request.
[2026-06-07 12:44:23] Accepted normal client request.
[2026-06-07 12:44:24] Accepted normal client request.
[2026-06-07 12:44:25] Accepted normal client request.
[2026-06-07 12:44:26] Accepted normal client request.
[2026-06-07 12:44:27] Accepted normal client request.
[2026-06-07 12:44:28] Accepted normal client request.
[2026-06-07 12:44:29] Accepted normal client request.
[2026-06-07 12:44:31] Accepted normal client request.
[2026-06-07 12:44:32] Accepted normal client request.
[2026-06-07 12:44:33] Accepted normal client request.
[2026-06-07 12:44:34] Accepted normal client request.
[2026-06-07 12:44:35] Accepted normal client request.
[2026-06-07 12:44:36] Accepted normal client request.
[2026-06-07 12:44:37] Accepted normal client request.
[2026-06-07 12:44:38] Accepted normal client request.
[2026-06-07 12:44:39] Accepted normal client request.
[2026-06-07 12:44:40] Accepted normal client request.
[2026-06-07 12:44:41] Accepted normal client request.
[2026-06-07 12:44:42] Accepted normal client request.
[2026-06-07 12:44:43] Accepted normal client request.
[2026-06-07 12:44:44] Accepted normal client request.
[2026-06-07 12:44:45] Accepted normal client request.
[2026-06-07 12:44:46] Accepted normal client request.
[2026-06-07 12:44:47] Accepted normal client request.
[2026-06-07 12:44:48] Accepted normal client request.
[2026-06-07 12:44:49] Accepted normal client request.
[2026-06-07 12:44:50] Accepted normal client request.
[2026-06-07 12:44:51] Accepted normal client request.
[2026-06-07 12:44:52] Accepted normal client request.
[2026-06-07 12:44:53] Accepted normal client request.
[2026-06-07 12:44:54] Accepted normal client request.
[2026-06-07 12:44:55] Accepted normal client request.
[2026-06-07 12:44:56] Accepted normal client request.
[2026-06-07 12:44:57] Accepted normal client request.
[2026-06-07 12:44:58] Accepted normal client request.
[2026-06-07 12:44:59] Accepted normal client request.
[2026-06-07 12:45:00] Accepted normal client request.
[2026-06-07 12:45:01] Accepted normal client request.
[2026-06-07 12:45:02] Accepted normal client request.
[2026-06-07 12:45:03] Accepted normal client request.
[2026-06-07 12:45:04] Accepted normal client request.
[2026-06-07 12:45:05] Accepted normal client request.
[2026-06-07 12:45:06] Accepted normal client request.
[2026-06-07 12:45:07] Accepted normal client request.
[2026-06-07 12:45:08] Accepted normal client request.
[2026-06-07 12:45:09] Accepted normal client request.
[2026-06-07 12:45:10] Accepted normal client request.
[2026-06-07 12:45:11] Accepted normal client request.
[2026-06-07 12:45:12] Accepted normal client request.
[2026-06-07 12:45:13] Accepted normal client request.
[2026-06-07 12:45:14] Accepted normal client request.
[2026-06-07 12:45:15] Accepted normal client request.
[2026-06-07 12:45:16] Accepted normal client request.
[2026-06-07 12:45:17] Accepted normal client request.
[2026-06-07 12:45:18] Accepted normal client request.
[2026-06-07 12:45:19] Accepted normal client request.
[2026-06-07 12:45:20] Accepted normal client request.
[2026-06-07 12:45:21] Accepted normal client request.
[2026-06-07 12:45:22] Accepted normal client request.
[2026-06-07 12:45:23] Accepted normal client request.
[2026-06-07 12:45:24] Accepted normal client request.
[2026-06-07 12:45:25] Accepted normal client request.
[2026-06-07 12:45:26] Accepted normal client request.
[2026-06-07 12:45:27] Accepted normal client request.
[2026-06-07 12:45:28] Accepted normal client request.
[2026-06-07 12:45:29] Accepted normal client request.
[2026-06-07 12:45:30] Accepted normal client request.
[2026-06-07 12:45:31] Accepted normal client request.
[2026-06-07 12:45:32] Accepted normal client request.
[2026-06-07 12:45:33] Accepted normal client request.
[2026-06-07 12:45:34] Accepted normal client request.
[2026-06-07 12:45:35] Accepted normal client request.
[2026-06-07 12:45:36] Accepted normal client request.
[2026-06-07 12:45:37] Accepted normal client request.
[2026-06-07 12:45:38] Accepted normal client request.
[2026-06-07 12:45:39] Accepted normal client request.
[2026-06-07 12:45:40] Accepted normal client request.
[2026-06-07 12:45:41] Accepted normal client request.
[2026-06-07 12:45:42] Accepted normal client request.
[2026-06-07 12:45:43] Accepted normal client request.
[2026-06-07 12:45:44] Accepted normal client request.
[2026-06-07 12:45:45] Accepted normal client request.
[2026-06-07 12:45:46] Accepted normal client request.
[2026-06-07 12:45:47] Accepted normal client request.
[2026-06-07 12:45:48] Accepted normal client request.
[2026-06-07 12:45:49] Accepted normal client request.
[2026-06-07 12:45:50] Accepted normal client request.
[2026-06-07 12:45:51] Accepted normal client request.
[2026-06-07 12:45:52] Accepted normal client request.
[2026-06-07 12:45:53] Accepted normal client request.
[2026-06-07 12:45:54] Accepted normal client request.
[2026-06-07 12:45:55] Accepted normal client request.
[2026-06-07 12:45:56] Accepted normal client request.
[2026-06-07 12:45:57] Accepted normal client request.
[2026-06-07 12:45:58] Accepted normal client request.
[2026-06-07 12:45:59] Accepted normal client request.
[2026-06-07 12:46:00] Accepted normal client request.
[2026-06-07 12:46:01] Accepted normal client request.
[2026-06-07 12:46:02] Accepted normal client request.
[2026-06-07 12:46:03] Accepted normal client request.
[2026-06-07 12:46:04] Accepted normal client request.
[2026-06-07 12:46:05] Accepted normal client request.
[2026-06-07 12:46:06] Accepted normal client request.
[2026-06-07 12:46:07] Accepted normal client request.
[2026-06-07 12:46:08] Accepted normal client request.
[2026-06-07 12:46:09] Accepted normal client request.
[2026-06-07 12:46:10] Accepted normal client request.
[2026-06-07 12:46:11] Accepted normal client request.
[2026-06-07 12:46:12] Accepted normal client request.
[2026-06-07 12:46:13] Accepted normal client request.
[2026-06-07 12:46:14] Accepted normal client request.
[2026-06-07 12:46:15] Accepted normal client request.
[2026-06-07 12:46:16] Accepted normal client request.
[2026-06-07 12:46:17] Accepted normal client request.
[2026-06-07 12:46:18] Accepted normal client request.
[2026-06-07 12:46:19] Accepted normal client request.
[2026-06-07 12:46:20] Accepted normal client request.
[2026-06-07 12:46:21] Accepted normal client request.
[2026-06-07 12:46:22] Accepted normal client request.
[2026-06-07 12:46:23] Accepted normal client request.
[2026-06-07 12:46:24] Accepted normal client request.
[2026-06-07 12:46:25] Accepted normal client request.
[2026-06-07 12:46:26] Accepted normal client request.
[2026-06-07 12:46:27] Accepted normal client request.
[2026-06-07 12:46:28] Accepted normal client request.
[2026-06-07 12:46:29] Accepted normal client request.
[2026-06-07 12:46:30] Accepted normal client request.
[2026-06-07 12:46:31] Accepted normal client request.
[2026-06-07 12:46:32] Accepted normal client request.
[2026-06-07 12:46:33] Accepted normal client request.
[2026-06-07 12:46:34] Accepted normal client request.
[2026-06-07 12:46:35] Accepted normal client request.
[2026-06-07 12:46:36] Accepted normal client request.
[2026-06-07 12:46:37] Accepted normal client request.
[2026-06-07 12:46:38] Accepted normal client request.
[2026-06-07 12:46:39] Accepted normal client request.
[2026-06-07 12:46:40] Accepted normal client request.
[2026-06-07 12:46:41] Accepted normal client request.
[2026-06-07 12:46:42] Accepted normal client request.
[2026-06-07 12:46:43] Accepted normal client request.
[2026-06-07 12:46:44] Accepted normal client request.
[2026-06-07 12:46:45] Accepted normal client request.
[2026-06-07 12:46:46] Accepted normal client request.
[2026-06-07 12:46:47] Accepted normal client request.
[2026-06-07 12:46:48] Accepted normal client request.
[2026-06-07 12:46:49] Accepted normal client request.
[2026-06-07 12:46:50] Accepted normal client request.
[2026-06-07 12:46:51] Accepted normal client request.
[2026-06-07 12:46:52] Accepted normal client request.
[2026-06-07 12:46:53] Accepted normal client request.
[2026-06-07 12:46:54] Accepted normal client request.
[2026-06-07 12:46:55] Accepted normal client request.
[2026-06-07 12:46:56] Accepted normal client request.
[2026-06-07 12:46:57] Accepted normal client request.
[2026-06-07 12:46:58] Accepted normal client request.
[2026-06-07 12:46:59] Accepted normal client request.
[2026-06-07 12:47:00] Accepted normal client request.
[2026-06-07 12:47:01] Accepted normal client request.
[2026-06-07 12:47:02] Accepted normal client request.
[2026-06-07 12:47:03] Accepted normal client request.
[2026-06-07 12:47:04] Accepted normal client request.
[2026-06-07 12:47:05] Accepted normal client request.
[2026-06-07 12:47:06] Accepted normal client request.
[2026-06-07 12:47:07] Accepted normal client request.
[2026-06-07 12:47:08] Accepted normal client request.
[2026-06-07 12:47:09] Accepted normal client request.
[2026-06-07 12:47:10] Accepted normal client request.
[2026-06-07 12:47:11] Accepted normal client request.
[2026-06-07 12:47:12] Accepted normal client request.
[2026-06-07 12:47:13] Accepted normal client request.
[2026-06-07 12:47:14] Accepted normal client request.
[2026-06-07 12:47:15] Accepted normal client request.
[2026-06-07 12:47:16] Accepted normal client request.
[2026-06-07 12:47:17] Accepted normal client request.
[2026-06-07 12:47:18] Accepted normal client request.
[2026-06-07 12:47:19] Accepted normal client request.
[2026-06-07 12:47:20] Accepted normal client request.
[2026-06-07 12:47:21] Accepted normal client request.
[2026-06-07 12:47:22] Accepted normal client request.
[2026-06-07 12:47:23] Accepted normal client request.
[2026-06-07 12:47:24] Accepted normal client request.
[2026-06-07 12:47:25] Accepted normal client request.
[2026-06-07 12:47:26] Accepted normal client request.
[2026-06-07 12:47:27] Accepted normal client request.
[2026-06-07 12:47:28] Accepted normal client request.
[2026-06-07 12:47:30] Accepted normal client request.
[2026-06-07 12:47:31] Accepted normal client request.
[2026-06-07 12:47:32] Accepted normal client request.
[2026-06-07 12:47:33] Accepted normal client request.
[2026-06-07 12:47:34] Accepted normal client request.
[2026-06-07 12:47:35] Accepted normal client request.
[2026-06-07 12:47:36] Accepted normal client request.
[2026-06-07 12:47:37] Accepted normal client request.
[2026-06-07 12:47:38] Accepted normal client request.
[2026-06-07 12:47:39] Accepted normal client request.
[2026-06-07 12:47:40] Accepted normal client request.
[2026-06-07 12:47:41] Accepted normal client request.
[2026-06-07 12:47:42] Accepted normal client request.
[2026-06-07 12:47:43] Accepted normal client request.
[2026-06-07 12:47:44] Accepted normal client request.
[2026-06-07 12:47:45] Accepted normal client request.
[2026-06-07 12:47:46] Accepted normal client request.
[2026-06-07 12:47:47] Accepted normal client request.
[2026-06-07 12:47:48] Accepted normal client request.
[2026-06-07 12:47:49] Accepted normal client request.
[2026-06-07 12:47:50] Accepted normal client request.
[2026-06-07 12:47:51] Accepted normal client request.
[2026-06-07 12:47:52] Accepted normal client request.
[2026-06-07 12:47:53] Accepted normal client request.
[2026-06-07 12:47:54] Accepted normal client request.
[2026-06-07 12:47:55] Accepted normal client request.
[2026-06-07 12:47:56] Accepted normal client request.
[2026-06-07 12:47:57] Accepted normal client request.
[2026-06-07 12:47:58] Accepted normal client request.
[2026-06-07 12:47:59] Accepted normal client request.
[2026-06-07 12:48:00] Accepted normal client request.
[2026-06-07 12:48:01] Accepted normal client request.
[2026-06-07 12:48:02] Accepted normal client request.
[2026-06-07 12:48:03] Accepted normal client request.
[2026-06-07 12:48:04] Accepted normal client request.
[2026-06-07 12:48:05] Accepted normal client request.
[2026-06-07 12:48:06] Accepted normal client request.
[2026-06-07 12:48:07] Accepted normal client request.
[2026-06-07 12:48:08] Accepted normal client request.
[2026-06-07 12:48:09] Accepted normal client request.
[2026-06-07 12:48:10] Accepted normal client request.
[2026-06-07 12:48:11] Accepted normal client request.
[2026-06-07 12:48:12] Accepted normal client request.
[2026-06-07 12:48:13] Accepted normal client request.
[2026-06-07 12:48:14] Accepted normal client request.
[2026-06-07 12:48:15] Accepted normal client request.
[2026-06-07 12:48:16] Accepted normal client request.
[2026-06-07 12:48:17] Accepted normal client request.
[2026-06-07 12:48:18] Accepted normal client request.
[2026-06-07 12:48:19] Accepted normal client request.
[2026-06-07 12:48:20] Accepted normal client request.
[2026-06-07 12:48:21] Accepted normal client request.
[2026-06-07 12:48:22] Accepted normal client request.
[2026-06-07 12:48:23] Accepted normal client request.
[2026-06-07 12:48:24] Accepted normal client request.
[2026-06-07 12:48:25] Accepted normal client request.
[2026-06-07 12:48:26] Accepted normal client request.
[2026-06-07 12:48:27] Accepted normal client request.
[2026-06-07 12:48:28] Accepted normal client request.
[2026-06-07 12:48:29] Accepted normal client request.
[2026-06-07 12:48:30] Accepted normal client request.
[2026-06-07 12:48:31] Accepted normal client request.
[2026-06-07 12:48:32] Accepted normal client request.
[2026-06-07 12:48:33] Accepted normal client request.
[2026-06-07 12:48:34] Accepted normal client request.
[2026-06-07 12:48:35] Accepted normal client request.
[2026-06-07 12:48:36] Accepted normal client request.
[2026-06-07 12:48:37] Accepted normal client request.
[2026-06-07 12:48:38] Accepted normal client request.
[2026-06-07 12:48:39] Accepted normal client request.
[2026-06-07 12:48:40] Accepted normal client request.
[2026-06-07 12:48:41] Accepted normal client request.
[2026-06-07 12:48:42] Accepted normal client request.
[2026-06-07 12:48:43] Accepted normal client request.
[2026-06-07 12:48:44] Accepted normal client request.
[2026-06-07 12:48:45] Accepted normal client request.
[2026-06-07 12:48:46] Accepted normal client request.
[2026-06-07 12:48:47] Accepted normal client request.
[2026-06-07 12:48:48] Accepted normal client request.
[2026-06-07 12:48:49] Accepted normal client request.
[2026-06-07 12:48:50] Accepted normal client request.
[2026-06-07 12:48:51] Accepted normal client request.
[2026-06-07 12:48:52] Accepted normal client request.
[2026-06-07 12:48:53] Accepted normal client request.
[2026-06-07 12:48:54] Accepted normal client request.
[2026-06-07 12:48:55] Accepted normal client request.
[2026-06-07 12:48:56] Accepted normal client request.
[2026-06-07 12:48:57] Accepted normal client request.
[2026-06-07 12:48:58] Accepted normal client request.
[2026-06-07 12:48:59] Accepted normal client request.
[2026-06-07 12:49:00] Accepted normal client request.
[2026-06-07 12:49:01] Accepted normal client request.
[2026-06-07 12:49:02] Accepted normal client request.
[2026-06-07 12:49:03] Accepted normal client request.
[2026-06-07 12:49:04] Accepted normal client request.
[2026-06-07 12:49:05] Accepted normal client request.
[2026-06-07 12:49:06] Accepted normal client request.
[2026-06-07 12:49:07] Accepted normal client request.
[2026-06-07 12:49:08] Accepted normal client request.
[2026-06-07 12:49:09] Accepted normal client request.
[2026-06-07 12:49:10] Accepted normal client request.
[2026-06-07 12:49:11] Accepted normal client request.
[2026-06-07 12:49:12] Accepted normal client request.
[2026-06-07 12:49:13] Accepted normal client request.
[2026-06-07 12:49:14] Accepted normal client request.
[2026-06-07 12:49:15] Accepted normal client request.
[2026-06-07 12:49:16] Accepted normal client request.
[2026-06-07 12:49:17] Accepted normal client request.
[2026-06-07 12:49:18] Accepted normal client request.
[2026-06-07 12:49:19] Accepted normal client request.
[2026-06-07 12:49:20] Accepted normal client request.
[2026-06-07 12:49:21] Accepted normal client request.
[2026-06-07 12:49:22] Accepted normal client request.
[2026-06-07 12:49:23] Accepted normal client request.
[2026-06-07 12:49:24] Accepted normal client request.
[2026-06-07 12:49:25] Accepted normal client request.
[2026-06-07 12:49:26] Accepted normal client request.
[2026-06-07 12:49:27] Accepted normal client request.
[2026-06-07 12:49:28] Accepted normal client request.
[2026-06-07 12:49:29] Accepted normal client request.
[2026-06-07 12:49:31] Accepted normal client request.
[2026-06-07 12:49:32] Accepted normal client request.
[2026-06-07 12:49:33] Accepted normal client request.
[2026-06-07 12:49:34] Accepted normal client request.
[2026-06-07 12:49:35] Accepted normal client request.
[2026-06-07 12:49:36] Accepted normal client request.
[2026-06-07 12:49:37] Accepted normal client request.
[2026-06-07 12:49:38] Accepted normal client request.
[2026-06-07 12:49:39] Accepted normal client request.
[2026-06-07 12:49:40] Accepted normal client request.
[2026-06-07 12:49:41] Accepted normal client request.
[2026-06-07 12:49:42] Accepted normal client request.
[2026-06-07 12:49:43] Accepted normal client request.
[2026-06-07 12:49:44] Accepted normal client request.
[2026-06-07 12:49:45] Accepted normal client request.
[2026-06-07 12:49:46] Accepted normal client request.
[2026-06-07 12:49:47] Accepted normal client request.
[2026-06-07 12:49:48] Accepted normal client request.
[2026-06-07 12:49:49] Accepted normal client request.
[2026-06-07 12:49:50] Accepted normal client request.
[2026-06-07 12:49:51] Accepted normal client request.
[2026-06-07 12:49:52] Accepted normal client request.
[2026-06-07 12:49:53] Accepted normal client request.
[2026-06-07 12:49:54] Accepted normal client request.
[2026-06-07 12:49:55] Accepted normal client request.
[2026-06-07 12:49:56] Accepted normal client request.
[2026-06-07 12:49:57] Accepted normal client request.
[2026-06-07 12:49:58] Accepted normal client request.
[2026-06-07 12:49:59] Accepted normal client request.
[2026-06-07 12:50:00] Accepted normal client request.
[2026-06-07 12:50:01] Accepted normal client request.
[2026-06-07 12:50:02] Accepted normal client request.
[2026-06-07 12:50:03] Accepted normal client request.
[2026-06-07 12:50:04] Accepted normal client request.
[2026-06-07 12:50:05] Accepted normal client request.
[2026-06-07 12:50:06] Accepted normal client request.
[2026-06-07 12:50:07] Accepted normal client request.
[2026-06-07 12:50:08] Accepted normal client request.
[2026-06-07 12:50:09] Accepted normal client request.
[2026-06-07 12:50:10] Accepted normal client request.
[2026-06-07 12:50:11] Accepted normal client request.
[2026-06-07 12:50:12] Accepted normal client request.
[2026-06-07 12:50:13] Accepted normal client request.
[2026-06-07 12:50:14] Accepted normal client request.
[2026-06-07 12:50:15] Accepted normal client request.
[2026-06-07 12:50:16] Accepted normal client request.
[2026-06-07 12:50:17] Accepted normal client request.
[2026-06-07 12:50:18] Accepted normal client request.
[2026-06-07 12:50:19] Accepted normal client request.
[2026-06-07 12:50:20] Accepted normal client request.
[2026-06-07 12:50:21] Accepted normal client request.
[2026-06-07 12:50:22] Accepted normal client request.
[2026-06-07 12:50:23] Accepted normal client request.
[2026-06-07 12:50:24] Accepted normal client request.
[2026-06-07 12:50:25] Accepted normal client request.
[2026-06-07 12:50:26] Accepted normal client request.
[2026-06-07 12:50:27] Accepted normal client request.
[2026-06-07 12:50:28] Accepted normal client request.
[2026-06-07 12:50:29] Accepted normal client request.
[2026-06-07 12:50:31] Accepted normal client request.
[2026-06-07 12:50:32] Accepted normal client request.
[2026-06-07 12:50:33] Accepted normal client request.
[2026-06-07 12:50:34] Accepted normal client request.
[2026-06-07 12:50:35] Accepted normal client request.
[2026-06-07 12:50:36] Accepted normal client request.
[2026-06-07 12:50:37] Accepted normal client request.
[2026-06-07 12:50:38] Accepted normal client request.
[2026-06-07 12:50:39] Accepted normal client request.
[2026-06-07 12:50:40] Accepted normal client request.
[2026-06-07 12:50:41] Accepted normal client request.
[2026-06-07 12:50:42] Accepted normal client request.
[2026-06-07 12:50:43] Accepted normal client request.
[2026-06-07 12:50:44] Accepted normal client request.
[2026-06-07 12:50:45] Accepted normal client request.
[2026-06-07 12:50:46] Accepted normal client request.
[2026-06-07 12:50:47] Accepted normal client request.
[2026-06-07 12:50:48] Accepted normal client request.
[2026-06-07 12:50:49] Accepted normal client request.
[2026-06-07 12:50:50] Accepted normal client request.
[2026-06-07 12:50:51] Accepted normal client request.
[2026-06-07 12:50:52] Accepted normal client request.
[2026-06-07 12:50:53] Accepted normal client request.
[2026-06-07 12:50:54] Accepted normal client request.
[2026-06-07 12:50:55] Accepted normal client request.
[2026-06-07 12:50:56] Accepted normal client request.
[2026-06-07 12:50:57] Accepted normal client request.
[2026-06-07 12:50:58] Accepted normal client request.
[2026-06-07 12:50:59] Accepted normal client request.
[2026-06-07 12:51:00] Accepted normal client request.
[2026-06-07 12:51:01] Accepted normal client request.
[2026-06-07 12:51:02] Accepted normal client request.
[2026-06-07 12:51:03] Accepted normal client request.
[2026-06-07 12:51:04] Accepted normal client request.
[2026-06-07 12:51:05] Accepted normal client request.
[2026-06-07 12:51:06] Accepted normal client request.
[2026-06-07 12:51:07] Accepted normal client request.
[2026-06-07 12:51:08] Accepted normal client request.
[2026-06-07 12:51:09] Accepted normal client request.
[2026-06-07 12:51:10] Accepted normal client request.
[2026-06-07 12:51:11] Accepted normal client request.
[2026-06-07 12:51:12] Accepted normal client request.
[2026-06-07 12:51:13] Accepted normal client request.
[2026-06-07 12:51:14] Accepted normal client request.
[2026-06-07 12:51:15] Accepted normal client request.
[2026-06-07 12:51:16] Accepted normal client request.
[2026-06-07 12:51:17] Accepted normal client request.
[2026-06-07 12:51:18] Accepted normal client request.
[2026-06-07 12:51:19] Accepted normal client request.
[2026-06-07 12:51:20] Accepted normal client request.
[2026-06-07 12:51:21] Accepted normal client request.
[2026-06-07 12:51:22] Accepted normal client request.
[2026-06-07 12:51:23] Accepted normal client request.
[2026-06-07 12:51:24] Accepted normal client request.
[2026-06-07 12:51:25] Accepted normal client request.
[2026-06-07 12:51:26] Accepted normal client request.
[2026-06-07 12:51:27] Accepted normal client request.
[2026-06-07 12:51:28] Accepted normal client request.
[2026-06-07 12:51:29] Accepted normal client request.
[2026-06-07 12:51:30] Accepted normal client request.
[2026-06-07 12:51:31] Accepted normal client request.
[2026-06-07 12:51:32] Accepted normal client request.
[2026-06-07 12:51:33] Accepted normal client request.
[2026-06-07 12:51:34] Accepted normal client request.
[2026-06-07 12:51:35] Accepted normal client request.
[2026-06-07 12:51:36] Accepted normal client request.
[2026-06-07 12:51:37] Accepted normal client request.
[2026-06-07 12:51:38] Accepted normal client request.
[2026-06-07 12:51:39] Accepted normal client request.
[2026-06-07 12:51:40] Accepted normal client request.
[2026-06-07 12:51:41] Accepted normal client request.
[2026-06-07 12:51:42] Accepted normal client request.
[2026-06-07 12:51:43] Accepted normal client request.
[2026-06-07 12:51:44] Accepted normal client request.
[2026-06-07 12:51:45] Accepted normal client request.
[2026-06-07 12:51:46] Accepted normal client request.
[2026-06-07 12:51:47] Accepted normal client request.
[2026-06-07 12:51:48] Accepted normal client request.
[2026-06-07 12:51:49] Accepted normal client request.
[2026-06-07 12:51:50] Accepted normal client request.
[2026-06-07 12:51:51] Accepted normal client request.
[2026-06-07 12:51:52] Accepted normal client request.
[2026-06-07 12:51:53] Accepted normal client request.
[2026-06-07 12:51:54] Accepted normal client request.
[2026-06-07 12:51:55] Accepted normal client request.
[2026-06-07 12:51:56] Accepted normal client request.
[2026-06-07 12:51:57] Accepted normal client request.
[2026-06-07 12:51:58] Accepted normal client request.
[2026-06-07 12:51:59] Accepted normal client request.
[2026-06-07 12:52:00] Accepted normal client request.
[2026-06-07 12:52:01] Accepted normal client request.
[2026-06-07 12:52:02] Accepted normal client request.
[2026-06-07 12:52:03] Accepted normal client request.
[2026-06-07 12:52:04] Accepted normal client request.
[2026-06-07 12:52:05] Accepted normal client request.
[2026-06-07 12:52:06] Accepted normal client request.
[2026-06-07 12:52:07] Accepted normal client request.
[2026-06-07 12:52:08] Accepted normal client request.
[2026-06-07 12:52:09] Accepted normal client request.
[2026-06-07 12:52:10] Accepted normal client request.
[2026-06-07 12:52:11] Accepted normal client request.
[2026-06-07 12:52:12] Accepted normal client request.
[2026-06-07 12:52:13] Accepted normal client request.
[2026-06-07 12:52:14] Accepted normal client request.
[2026-06-07 12:52:15] Accepted normal client request.
[2026-06-07 12:52:16] Accepted normal client request.
[2026-06-07 12:52:17] Accepted normal client request.
[2026-06-07 12:52:18] Accepted normal client request.
[2026-06-07 12:52:19] Accepted normal client request.
[2026-06-07 12:52:20] Accepted normal client request.
[2026-06-07 12:52:21] Accepted normal client request.
[2026-06-07 12:52:22] Accepted normal client request.
[2026-06-07 12:52:23] Accepted normal client request.
[2026-06-07 12:52:24] Accepted normal client request.
[2026-06-07 12:52:25] Accepted normal client request.
[2026-06-07 12:52:26] Accepted normal client request.
[2026-06-07 12:52:27] Accepted normal client request.
[2026-06-07 12:52:28] Accepted normal client request.
[2026-06-07 12:52:29] Accepted normal client request.
[2026-06-07 12:52:30] Accepted normal client request.
[2026-06-07 12:52:31] Accepted normal client request.
[2026-06-07 12:52:32] Accepted normal client request.
[2026-06-07 12:52:33] Accepted normal client request.
[2026-06-07 12:52:34] Accepted normal client request.
[2026-06-07 12:52:35] Accepted normal client request.
[2026-06-07 12:52:36] Accepted normal client request.
[2026-06-07 12:52:37] Accepted normal client request.
[2026-06-07 12:52:38] Accepted normal client request.
[2026-06-07 12:52:39] Accepted normal client request.
[2026-06-07 12:52:40] Accepted normal client request.
[2026-06-07 12:52:41] Accepted normal client request.
[2026-06-07 12:52:42] Accepted normal client request.
[2026-06-07 12:52:43] Accepted normal client request.
[2026-06-07 12:52:44] Accepted normal client request.
[2026-06-07 12:52:45] Accepted normal client request.
[2026-06-07 12:52:46] Accepted normal client request.
[2026-06-07 12:52:47] Accepted normal client request.
[2026-06-07 12:52:48] Accepted normal client request.
[2026-06-07 12:52:49] Accepted normal client request.
[2026-06-07 12:52:50] Accepted normal client request.
[2026-06-07 12:52:51] Accepted normal client request.
[2026-06-07 12:52:52] Accepted normal client request.
[2026-06-07 12:52:53] Accepted normal client request.
[2026-06-07 12:52:54] Accepted normal client request.
[2026-06-07 12:52:55] Accepted normal client request.
[2026-06-07 12:52:56] Accepted normal client request.
[2026-06-07 12:52:57] Accepted normal client request.
[2026-06-07 12:52:58] Accepted normal client request.
[2026-06-07 12:52:59] Accepted normal client request.
[2026-06-07 12:53:00] Accepted normal client request.
[2026-06-07 12:53:01] Accepted normal client request.
[2026-06-07 12:53:02] Accepted normal client request.
[2026-06-07 12:53:03] Accepted normal client request.
[2026-06-07 12:53:04] Accepted normal client request.
[2026-06-07 12:53:05] Accepted normal client request.
[2026-06-07 12:53:06] Accepted normal client request.
[2026-06-07 12:53:07] Accepted normal client request.
[2026-06-07 12:53:08] Accepted normal client request.
[2026-06-07 12:53:09] Accepted normal client request.
[2026-06-07 12:53:10] Accepted normal client request.
[2026-06-07 12:53:11] Accepted normal client request.
[2026-06-07 12:53:12] Accepted normal client request.
[2026-06-07 12:53:13] Accepted normal client request.
[2026-06-07 12:53:14] Accepted normal client request.
[2026-06-07 12:53:15] Accepted normal client request.
[2026-06-07 12:53:16] Accepted normal client request.
[2026-06-07 12:53:17] Accepted normal client request.
[2026-06-07 12:53:18] Accepted normal client request.
[2026-06-07 12:53:19] Accepted normal client request.
[2026-06-07 12:53:20] Accepted normal client request.
[2026-06-07 12:53:21] Accepted normal client request.
[2026-06-07 12:53:22] Accepted normal client request.
[2026-06-07 12:53:23] Accepted normal client request.
[2026-06-07 12:53:24] Accepted normal client request.
[2026-06-07 12:53:25] Accepted normal client request.
[2026-06-07 12:53:26] Accepted normal client request.
[2026-06-07 12:53:27] Accepted normal client request.
[2026-06-07 12:53:28] Accepted normal client request.
[2026-06-07 12:53:29] Accepted normal client request.
[2026-06-07 12:53:30] Accepted normal client request.
[2026-06-07 12:53:31] Accepted normal client request.
[2026-06-07 12:53:32] Accepted normal client request.
[2026-06-07 12:53:33] Accepted normal client request.
[2026-06-07 12:53:34] Accepted normal client request.
[2026-06-07 12:53:35] Accepted normal client request.
[2026-06-07 12:53:36] Accepted normal client request.
[2026-06-07 12:53:37] Accepted normal client request.
[2026-06-07 12:53:38] Accepted normal client request.
[2026-06-07 12:53:39] Accepted normal client request.
[2026-06-07 12:53:40] Accepted normal client request.
[2026-06-07 12:53:41] Accepted normal client request.
[2026-06-07 12:53:42] Accepted normal client request.
[2026-06-07 12:53:43] Accepted normal client request.
[2026-06-07 12:53:44] Accepted normal client request.
[2026-06-07 12:53:45] Accepted normal client request.
[2026-06-07 12:53:46] Accepted normal client request.
[2026-06-07 12:53:46] Accepted normal client request.
[2026-06-07 12:53:47] Accepted normal client request.
[2026-06-07 12:53:48] Accepted normal client request.
[2026-06-07 12:53:48] Accepted normal client request.
[2026-06-07 12:53:48] Accepted normal client request.
[2026-06-07 12:53:49] Accepted normal client request.
[2026-06-07 12:53:50] Accepted normal client request.
[2026-06-07 12:53:51] Accepted normal client request.
[2026-06-07 12:53:52] Accepted normal client request.
[2026-06-07 12:53:53] Accepted normal client request.
[2026-06-07 12:53:54] Accepted normal client request.
[2026-06-07 12:53:55] Accepted normal client request.
[2026-06-07 12:53:56] Accepted normal client request.
[2026-06-07 12:53:57] Accepted normal client request.
[2026-06-07 12:53:58] Accepted normal client request.
[2026-06-07 12:53:59] Accepted normal client request.
[2026-06-07 12:54:00] Accepted normal client request.
[2026-06-07 12:54:01] Accepted normal client request.
[2026-06-07 12:54:02] Accepted normal client request.
[2026-06-07 12:54:03] Accepted normal client request.
[2026-06-07 12:54:04] Accepted normal client request.
[2026-06-07 12:54:07] Accepted normal client request.
[2026-06-07 12:54:08] Accepted normal client request.
[2026-06-07 12:54:09] Accepted normal client request.
[2026-06-07 12:54:10] Accepted normal client request.
[2026-06-07 12:54:11] Accepted normal client request.
[2026-06-07 12:54:12] Accepted normal client request.
[2026-06-07 12:54:13] Accepted normal client request.
[2026-06-07 12:54:14] Accepted normal client request.
[2026-06-07 12:54:15] Accepted normal client request.
[2026-06-07 12:54:16] Accepted normal client request.
[2026-06-07 12:54:17] Accepted normal client request.
[2026-06-07 12:54:18] Accepted normal client request.
[2026-06-07 12:54:19] Accepted normal client request.
[2026-06-07 12:54:21] Accepted normal client request.
[2026-06-07 12:54:22] Accepted normal client request.
[2026-06-07 12:54:23] Accepted normal client request.
[2026-06-07 12:54:24] Accepted normal client request.
[2026-06-07 12:54:25] Accepted normal client request.
[2026-06-07 12:54:26] Accepted normal client request.
[2026-06-07 12:54:27] Accepted normal client request.
[2026-06-07 12:54:28] Accepted normal client request.
[2026-06-07 12:54:29] Accepted normal client request.
[2026-06-07 12:54:30] Accepted normal client request.
[2026-06-07 12:54:31] Accepted normal client request.
[2026-06-07 12:54:32] Accepted normal client request.
[2026-06-07 12:54:33] Accepted normal client request.
[2026-06-07 12:54:34] Accepted normal client request.
[2026-06-07 12:54:35] Accepted normal client request.
[2026-06-07 12:54:36] Accepted normal client request.
[2026-06-07 12:54:37] Accepted normal client request.
[2026-06-07 12:54:38] Accepted normal client request.
[2026-06-07 12:54:39] Accepted normal client request.
[2026-06-07 12:54:40] Accepted normal client request.
[2026-06-07 12:54:41] Accepted normal client request.
[2026-06-07 12:54:42] Accepted normal client request.
[2026-06-07 12:54:43] Accepted normal client request.
[2026-06-07 12:54:44] Accepted normal client request.
[2026-06-07 12:54:45] Accepted normal client request.
[2026-06-07 12:54:46] Accepted normal client request.
[2026-06-07 12:54:47] Accepted normal client request.
[2026-06-07 12:54:48] Accepted normal client request.
[2026-06-07 12:54:49] Accepted normal client request.
[2026-06-07 12:54:50] Accepted normal client request.
[2026-06-07 12:54:51] Accepted normal client request.
[2026-06-07 12:54:52] Accepted normal client request.
[2026-06-07 12:54:53] Accepted normal client request.
[2026-06-07 12:54:54] Accepted normal client request.
[2026-06-07 12:54:55] Accepted normal client request.
[2026-06-07 12:54:56] Accepted normal client request.
[2026-06-07 12:54:57] Accepted normal client request.
[2026-06-07 12:54:58] Accepted normal client request.
[2026-06-07 12:54:59] Accepted normal client request.
[2026-06-07 12:55:00] Accepted normal client request.
[2026-06-07 12:55:01] Accepted normal client request.
[2026-06-07 12:55:02] Accepted normal client request.
[2026-06-07 12:55:03] Accepted normal client request.
[2026-06-07 12:55:04] Accepted normal client request.
[2026-06-07 12:55:05] Accepted normal client request.
[2026-06-07 12:55:06] Accepted normal client request.
[2026-06-07 12:55:07] Accepted normal client request.
[2026-06-07 12:55:08] Accepted normal client request.
[2026-06-07 12:55:09] Accepted normal client request.
[2026-06-07 12:55:10] Accepted normal client request.
[2026-06-07 12:55:11] Accepted normal client request.
[2026-06-07 12:55:12] Accepted normal client request.
[2026-06-07 12:55:13] Accepted normal client request.
[2026-06-07 12:55:14] Accepted normal client request.
[2026-06-07 12:55:15] Accepted normal client request.
[2026-06-07 12:55:16] Accepted normal client request.
[2026-06-07 12:55:17] Accepted normal client request.
[2026-06-07 12:55:18] Accepted normal client request.
[2026-06-07 12:55:19] Accepted normal client request.
[2026-06-07 12:55:20] Accepted normal client request.
[2026-06-07 12:55:21] Accepted normal client request.
[2026-06-07 12:55:22] Accepted normal client request.
[2026-06-07 12:55:23] Accepted normal client request.
[2026-06-07 12:55:24] Accepted normal client request.
[2026-06-07 12:55:25] Accepted normal client request.
[2026-06-07 12:55:26] Accepted normal client request.
[2026-06-07 12:55:27] Accepted normal client request.
[2026-06-07 12:55:28] Accepted normal client request.
[2026-06-07 12:55:29] Accepted normal client request.
[2026-06-07 12:55:30] Accepted normal client request.
[2026-06-07 12:55:31] Accepted normal client request.
[2026-06-07 12:55:32] Accepted normal client request.
[2026-06-07 12:55:33] Accepted normal client request.
[2026-06-07 12:55:34] Accepted normal client request.
[2026-06-07 12:55:35] Accepted normal client request.
[2026-06-07 12:55:36] Accepted normal client request.
[2026-06-07 12:55:37] Accepted normal client request.
[2026-06-07 12:55:38] Accepted normal client request.
[2026-06-07 12:55:39] Accepted normal client request.
[2026-06-07 12:55:40] Accepted normal client request.
[2026-06-07 12:55:41] Accepted normal client request.
[2026-06-07 12:55:42] Accepted normal client request.
[2026-06-07 12:55:43] Accepted normal client request.
[2026-06-07 12:55:44] Accepted normal client request.
[2026-06-07 12:55:45] Accepted normal client request.
[2026-06-07 12:55:46] Accepted normal client request.
[2026-06-07 12:55:47] Accepted normal client request.
[2026-06-07 12:55:48] Accepted normal client request.
[2026-06-07 12:55:49] Accepted normal client request.
[2026-06-07 12:55:50] Accepted normal client request.
[2026-06-07 12:55:51] Accepted normal client request.
[2026-06-07 12:55:52] Accepted normal client request.
[2026-06-07 12:55:53] Accepted normal client request.
[2026-06-07 12:55:54] Accepted normal client request.
[2026-06-07 12:55:55] Accepted normal client request.
[2026-06-07 12:55:56] Accepted normal client request.
[2026-06-07 12:55:57] Accepted normal client request.
[2026-06-07 12:55:58] Accepted normal client request.
[2026-06-07 12:55:59] Accepted normal client request.
[2026-06-07 12:56:00] Accepted normal client request.
[2026-06-07 12:56:01] Accepted normal client request.
[2026-06-07 12:56:02] Accepted normal client request.
[2026-06-07 12:56:03] Accepted normal client request.
[2026-06-07 12:56:04] Accepted normal client request.
[2026-06-07 12:56:05] Accepted normal client request.
[2026-06-07 12:56:06] Accepted normal client request.
[2026-06-07 12:56:07] Accepted normal client request.
[2026-06-07 12:56:08] Accepted normal client request.
[2026-06-07 12:56:09] Accepted normal client request.
[2026-06-07 12:56:10] Accepted normal client request.
[2026-06-07 12:56:11] Accepted normal client request.
[2026-06-07 12:56:12] Accepted normal client request.
[2026-06-07 12:56:13] Accepted normal client request.
[2026-06-07 12:56:14] Accepted normal client request.
[2026-06-07 12:56:15] Accepted normal client request.
[2026-06-07 12:56:16] Accepted normal client request.
[2026-06-07 12:56:17] Accepted normal client request.
[2026-06-07 12:56:18] Accepted normal client request.
[2026-06-07 12:56:19] Accepted normal client request.
[2026-06-07 12:56:20] Accepted normal client request.
[2026-06-07 12:56:21] Accepted normal client request.
[2026-06-07 12:56:22] Accepted normal client request.
[2026-06-07 12:56:23] Accepted normal client request.
[2026-06-07 12:56:24] Accepted normal client request.
[2026-06-07 12:56:25] Accepted normal client request.
[2026-06-07 12:56:26] Accepted normal client request.
[2026-06-07 12:56:27] Accepted normal client request.
[2026-06-07 12:56:28] Accepted normal client request.
[2026-06-07 12:56:29] Accepted normal client request.
[2026-06-07 12:56:30] Accepted normal client request.
[2026-06-07 12:56:31] Accepted normal client request.
[2026-06-07 12:56:32] Accepted normal client request.
[2026-06-07 12:56:33] Accepted normal client request.
[2026-06-07 12:56:34] Accepted normal client request.
[2026-06-07 12:56:35] Accepted normal client request.
[2026-06-07 12:56:36] Accepted normal client request.
[2026-06-07 12:56:37] Accepted normal client request.
[2026-06-07 12:56:38] Accepted normal client request.
[2026-06-07 12:56:39] Accepted normal client request.
[2026-06-07 12:56:40] Accepted normal client request.
[2026-06-07 12:56:41] Accepted normal client request.
[2026-06-07 12:56:42] Accepted normal client request.
[2026-06-07 12:56:43] Accepted normal client request.
[2026-06-07 12:56:44] Accepted normal client request.
[2026-06-07 12:56:45] Accepted normal client request.
[2026-06-07 12:56:46] Accepted normal client request.
[2026-06-07 12:56:47] Accepted normal client request.
[2026-06-07 12:56:48] Accepted normal client request.
[2026-06-07 12:56:49] Accepted normal client request.
[2026-06-07 12:56:50] Accepted normal client request.
[2026-06-07 12:56:51] Accepted normal client request.
[2026-06-07 12:56:52] Accepted normal client request.
[2026-06-07 12:56:53] Accepted normal client request.
[2026-06-07 12:56:54] Accepted normal client request.
[2026-06-07 12:56:55] Accepted normal client request.
[2026-06-07 12:56:56] Accepted normal client request.
[2026-06-07 12:56:57] Accepted normal client request.
[2026-06-07 12:56:58] Accepted normal client request.
[2026-06-07 12:56:59] Accepted normal client request.
[2026-06-07 12:57:00] Accepted normal client request.
[2026-06-07 12:57:01] Accepted normal client request.
[2026-06-07 12:57:02] Accepted normal client request.
[2026-06-07 12:57:03] Accepted normal client request.
[2026-06-07 12:57:04] Accepted normal client request.
[2026-06-07 12:57:05] Accepted normal client request.
[2026-06-07 12:57:06] Accepted normal client request.
[2026-06-07 12:57:07] Accepted normal client request.
[2026-06-07 12:57:08] Accepted normal client request.
[2026-06-07 12:57:09] Accepted normal client request.
[2026-06-07 12:57:10] Accepted normal client request.
[2026-06-07 12:57:11] Accepted normal client request.
[2026-06-07 12:57:12] Accepted normal client request.
[2026-06-07 12:57:13] Accepted normal client request.
[2026-06-07 12:57:14] Accepted normal client request.
[2026-06-07 12:57:15] Accepted normal client request.
[2026-06-07 12:57:16] Accepted normal client request.
[2026-06-07 12:57:17] Accepted normal client request.
[2026-06-07 12:57:18] Accepted normal client request.
[2026-06-07 12:57:19] Accepted normal client request.
[2026-06-07 12:57:20] Accepted normal client request.
[2026-06-07 12:57:21] Accepted normal client request.
[2026-06-07 12:57:22] Accepted normal client request.
[2026-06-07 12:57:23] Accepted normal client request.
[2026-06-07 12:57:24] Accepted normal client request.
[2026-06-07 12:57:25] Accepted normal client request.
[2026-06-07 12:57:26] Accepted normal client request.
[2026-06-07 12:57:27] Accepted normal client request.
[2026-06-07 12:57:28] Accepted normal client request.
[2026-06-07 12:57:29] Accepted normal client request.
[2026-06-07 12:57:30] Accepted normal client request.
[2026-06-07 12:57:31] Accepted normal client request.
[2026-06-07 12:57:32] Accepted normal client request.
[2026-06-07 12:57:33] Accepted normal client request.
[2026-06-07 12:57:34] Accepted normal client request.
[2026-06-07 12:57:35] Accepted normal client request.
[2026-06-07 12:57:36] Accepted normal client request.
[2026-06-07 12:57:37] Accepted normal client request.
[2026-06-07 12:57:38] Accepted normal client request.
[2026-06-07 12:57:39] Accepted normal client request.
[2026-06-07 12:57:40] Accepted normal client request.
[2026-06-07 12:57:41] Accepted normal client request.
[2026-06-07 12:57:42] Accepted normal client request.
[2026-06-07 12:57:43] Accepted normal client request.
[2026-06-07 12:57:44] Accepted normal client request.
[2026-06-07 12:57:45] Accepted normal client request.
[2026-06-07 12:57:46] Accepted normal client request.
[2026-06-07 12:57:47] Accepted normal client request.
[2026-06-07 12:57:48] Accepted normal client request.
[2026-06-07 12:57:49] Accepted normal client request.
[2026-06-07 12:57:50] Accepted normal client request.
[2026-06-07 12:57:51] Accepted normal client request.
[2026-06-07 12:57:52] Accepted normal client request.
[2026-06-07 12:57:53] Accepted normal client request.
[2026-06-07 12:57:54] Accepted normal client request.
[2026-06-07 12:57:55] Accepted normal client request.
[2026-06-07 12:57:56] Accepted normal client request.
[2026-06-07 12:57:57] Accepted normal client request.
[2026-06-07 12:57:58] Accepted normal client request.
[2026-06-07 12:57:59] Accepted normal client request.
[2026-06-07 12:58:00] Accepted normal client request.
[2026-06-07 12:58:01] Accepted normal client request.
[2026-06-07 12:58:02] Accepted normal client request.
[2026-06-07 12:58:03] Accepted normal client request.
[2026-06-07 12:58:04] Accepted normal client request.
[2026-06-07 12:58:05] Accepted normal client request.
[2026-06-07 12:58:06] Accepted normal client request.
[2026-06-07 12:58:07] Accepted normal client request.
[2026-06-07 12:58:08] Accepted normal client request.
[2026-06-07 12:58:09] Accepted normal client request.
[2026-06-07 12:58:10] Accepted normal client request.
[2026-06-07 12:58:11] Accepted normal client request.
[2026-06-07 12:58:12] Accepted normal client request.
[2026-06-07 12:58:13] Accepted normal client request.
[2026-06-07 12:58:14] Accepted normal client request.
[2026-06-07 12:58:15] Accepted normal client request.
[2026-06-07 12:58:16] Accepted normal client request.
[2026-06-07 12:58:17] Accepted normal client request.
[2026-06-07 12:58:18] Accepted normal client request.
[2026-06-07 12:58:19] Accepted normal client request.
[2026-06-07 12:58:20] Accepted normal client request.
[2026-06-07 12:58:21] Accepted normal client request.
[2026-06-07 12:58:22] Accepted normal client request.
[2026-06-07 12:58:23] Accepted normal client request.
[2026-06-07 12:58:24] Accepted normal client request.
[2026-06-07 12:58:25] Accepted normal client request.
[2026-06-07 12:58:26] Accepted normal client request.
[2026-06-07 12:58:27] Accepted normal client request.
[2026-06-07 12:58:28] Accepted normal client request.
[2026-06-07 12:58:29] Accepted normal client request.
[2026-06-07 12:58:30] Accepted normal client request.
[2026-06-07 12:58:32] Accepted normal client request.
[2026-06-07 12:58:33] Accepted normal client request.
[2026-06-07 12:58:34] Accepted normal client request.
[2026-06-07 12:58:35] Accepted normal client request.
[2026-06-07 12:58:36] Accepted normal client request.
[2026-06-07 12:58:37] Accepted normal client request.
[2026-06-07 12:58:38] Accepted normal client request.
[2026-06-07 12:58:39] Accepted normal client request.
[2026-06-07 12:58:40] Accepted normal client request.
[2026-06-07 12:58:41] Accepted normal client request.
[2026-06-07 12:58:42] Accepted normal client request.
[2026-06-07 12:58:43] Accepted normal client request.
[2026-06-07 12:58:44] Accepted normal client request.
[2026-06-07 12:58:45] Accepted normal client request.
[2026-06-07 12:58:46] Accepted normal client request.
[2026-06-07 12:58:47] Accepted normal client request.
[2026-06-07 12:58:48] Accepted normal client request.
[2026-06-07 12:58:49] Accepted normal client request.
[2026-06-07 12:58:50] Accepted normal client request.
[2026-06-07 12:58:51] Accepted normal client request.
[2026-06-07 12:58:52] Accepted normal client request.
[2026-06-07 12:58:53] Accepted normal client request.
[2026-06-07 12:58:54] Accepted normal client request.
[2026-06-07 12:58:55] Accepted normal client request.
[2026-06-07 12:58:56] Accepted normal client request.
[2026-06-07 12:58:57] Accepted normal client request.
[2026-06-07 12:58:58] Accepted normal client request.
[2026-06-07 12:58:59] Accepted normal client request.
[2026-06-07 12:59:00] Accepted normal client request.
[2026-06-07 12:59:01] Accepted normal client request.
[2026-06-07 12:59:02] Accepted normal client request.
[2026-06-07 12:59:03] Accepted normal client request.
[2026-06-07 12:59:04] Accepted normal client request.
[2026-06-07 12:59:05] Accepted normal client request.
[2026-06-07 12:59:06] Accepted normal client request.
[2026-06-07 12:59:07] Accepted normal client request.
[2026-06-07 12:59:08] Accepted normal client request.
[2026-06-07 12:59:09] Accepted normal client request.
[2026-06-07 12:59:10] Accepted normal client request.
[2026-06-07 12:59:11] Accepted normal client request.
[2026-06-07 12:59:12] Accepted normal client request.
[2026-06-07 12:59:13] Accepted normal client request.
[2026-06-07 12:59:14] Accepted normal client request.
[2026-06-07 12:59:15] Accepted normal client request.
[2026-06-07 12:59:16] Accepted normal client request.
[2026-06-07 12:59:17] Accepted normal client request.
[2026-06-07 12:59:18] Accepted normal client request.
[2026-06-07 12:59:19] Accepted normal client request.
[2026-06-07 12:59:20] Accepted normal client request.
[2026-06-07 12:59:21] Accepted normal client request.
[2026-06-07 12:59:22] Accepted normal client request.
[2026-06-07 12:59:23] Accepted normal client request.
[2026-06-07 12:59:24] Accepted normal client request.
[2026-06-07 12:59:25] Accepted normal client request.
[2026-06-07 12:59:26] Accepted normal client request.
[2026-06-07 12:59:27] Accepted normal client request.
[2026-06-07 12:59:28] Accepted normal client request.
[2026-06-07 12:59:29] Accepted normal client request.
[2026-06-07 12:59:30] Accepted normal client request.
[2026-06-07 12:59:31] Accepted normal client request.
[2026-06-07 12:59:32] Accepted normal client request.
[2026-06-07 12:59:33] Accepted normal client request.
[2026-06-07 12:59:34] Accepted normal client request.
[2026-06-07 12:59:35] Accepted normal client request.
[2026-06-07 12:59:36] Accepted normal client request.
[2026-06-07 12:59:37] Accepted normal client request.
[2026-06-07 12:59:38] Accepted normal client request.
[2026-06-07 12:59:39] Accepted normal client request.
[2026-06-07 12:59:40] Accepted normal client request.
[2026-06-07 12:59:41] Accepted normal client request.
[2026-06-07 12:59:42] Accepted normal client request.
[2026-06-07 12:59:43] Accepted normal client request.
[2026-06-07 12:59:44] Accepted normal client request.
[2026-06-07 12:59:45] Accepted normal client request.
[2026-06-07 12:59:46] Accepted normal client request.
[2026-06-07 12:59:47] Accepted normal client request.
[2026-06-07 12:59:48] Accepted normal client request.
[2026-06-07 12:59:49] Accepted normal client request.
[2026-06-07 12:59:50] Accepted normal client request.
[2026-06-07 12:59:51] Accepted normal client request.
[2026-06-07 12:59:52] Accepted normal client request.
[2026-06-07 12:59:53] Accepted normal client request.
[2026-06-07 12:59:54] Accepted normal client request.
[2026-06-07 12:59:55] Accepted normal client request.
[2026-06-07 12:59:56] Accepted normal client request.
[2026-06-07 12:59:57] Accepted normal client request.
[2026-06-07 12:59:58] Accepted normal client request.
[2026-06-07 12:59:59] Accepted normal client request.
[2026-06-07 13:00:00] Accepted normal client request.
[2026-06-07 13:00:01] Accepted normal client request.
[2026-06-07 13:00:02] Accepted normal client request.
[2026-06-07 13:00:03] Accepted normal client request.
[2026-06-07 13:00:04] Accepted normal client request.
[2026-06-07 13:00:05] Accepted normal client request.
[2026-06-07 13:00:06] Accepted normal client request.
[2026-06-07 13:00:07] Accepted normal client request.
[2026-06-07 13:00:08] Accepted normal client request.
[2026-06-07 13:00:09] Accepted normal client request.
[2026-06-07 13:00:10] Accepted normal client request.
[2026-06-07 13:00:11] Accepted normal client request.
[2026-06-07 13:00:12] Accepted normal client request.
[2026-06-07 13:00:13] Accepted normal client request.
[2026-06-07 13:00:14] Accepted normal client request.
[2026-06-07 13:00:15] Accepted normal client request.
[2026-06-07 13:00:16] Accepted normal client request.
[2026-06-07 13:00:17] Accepted normal client request.
[2026-06-07 13:00:18] Accepted normal client request.
[2026-06-07 13:00:19] Accepted normal client request.
[2026-06-07 13:00:20] Accepted normal client request.
[2026-06-07 13:00:21] Accepted normal client request.
[2026-06-07 13:00:22] Accepted normal client request.
[2026-06-07 13:00:23] Accepted normal client request.
[2026-06-07 13:00:24] Accepted normal client request.
[2026-06-07 13:00:25] Accepted normal client request.
[2026-06-07 13:00:26] Accepted normal client request.
[2026-06-07 13:00:27] Accepted normal client request.
[2026-06-07 13:00:28] Accepted normal client request.
[2026-06-07 13:00:29] Accepted normal client request.
[2026-06-07 13:00:30] Accepted normal client request.
[2026-06-07 13:00:31] Accepted normal client request.
[2026-06-07 13:00:32] Accepted normal client request.
[2026-06-07 13:00:33] Accepted normal client request.
[2026-06-07 13:00:34] Accepted normal client request.
[2026-06-07 13:00:35] Accepted normal client request.
[2026-06-07 13:00:36] Accepted normal client request.
[2026-06-07 13:00:37] Accepted normal client request.
[2026-06-07 13:00:38] Accepted normal client request.
[2026-06-07 13:00:39] Accepted normal client request.
[2026-06-07 13:00:40] Accepted normal client request.
[2026-06-07 13:00:41] Accepted normal client request.
[2026-06-07 13:00:42] Accepted normal client request.
[2026-06-07 13:00:43] Accepted normal client request.
[2026-06-07 13:00:44] Accepted normal client request.
[2026-06-07 13:00:45] Accepted normal client request.
[2026-06-07 13:00:46] Accepted normal client request.
[2026-06-07 13:00:47] Accepted normal client request.
[2026-06-07 13:00:48] Accepted normal client request.
[2026-06-07 13:00:49] Accepted normal client request.
[2026-06-07 13:00:50] Accepted normal client request.
[2026-06-07 13:00:51] Accepted normal client request.
[2026-06-07 13:00:52] Accepted normal client request.
[2026-06-07 13:00:53] Accepted normal client request.
[2026-06-07 13:00:54] Accepted normal client request.
[2026-06-07 13:00:55] Accepted normal client request.
[2026-06-07 13:00:56] Accepted normal client request.
[2026-06-07 13:00:57] Accepted normal client request.
[2026-06-07 13:00:58] Accepted normal client request.
[2026-06-07 13:00:59] Accepted normal client request.
[2026-06-07 13:01:00] Accepted normal client request.
[2026-06-07 13:01:01] Accepted normal client request.
[2026-06-07 13:01:02] Accepted normal client request.
[2026-06-07 13:01:03] Accepted normal client request.
[2026-06-07 13:01:04] Accepted normal client request.
[2026-06-07 13:01:05] Accepted normal client request.
[2026-06-07 13:01:06] Accepted normal client request.
[2026-06-07 13:01:07] Accepted normal client request.
[2026-06-07 13:01:08] Accepted normal client request.
[2026-06-07 13:01:09] Accepted normal client request.
[2026-06-07 13:01:10] Accepted normal client request.
[2026-06-07 13:01:11] Accepted normal client request.
[2026-06-07 13:01:12] Accepted normal client request.
[2026-06-07 13:01:13] Accepted normal client request.
[2026-06-07 13:01:14] Accepted normal client request.
[2026-06-07 13:01:15] Accepted normal client request.
[2026-06-07 13:01:16] Accepted normal client request.
[2026-06-07 13:01:17] Accepted normal client request.
[2026-06-07 13:01:18] Accepted normal client request.
[2026-06-07 13:01:19] Accepted normal client request.
[2026-06-07 13:01:20] Accepted normal client request.
[2026-06-07 13:01:21] Accepted normal client request.
[2026-06-07 13:01:22] Accepted normal client request.
[2026-06-07 13:01:23] Accepted normal client request.
[2026-06-07 13:01:24] Accepted normal client request.
[2026-06-07 13:01:25] Accepted normal client request.
[2026-06-07 13:01:26] Accepted normal client request.
[2026-06-07 13:01:27] Accepted normal client request.
[2026-06-07 13:01:28] Accepted normal client request.
[2026-06-07 13:01:29] Accepted normal client request.
[2026-06-07 13:01:30] Accepted normal client request.
[2026-06-07 13:01:31] Accepted normal client request.
[2026-06-07 13:01:32] Accepted normal client request.
[2026-06-07 13:01:33] Accepted normal client request.
[2026-06-07 13:01:34] Accepted normal client request.
[2026-06-07 13:01:35] Accepted normal client request.
[2026-06-07 13:01:36] Accepted normal client request.
[2026-06-07 13:01:37] Accepted normal client request.
[2026-06-07 13:01:38] Accepted normal client request.
[2026-06-07 13:01:39] Accepted normal client request.
[2026-06-07 13:01:40] Accepted normal client request.
[2026-06-07 13:01:41] Accepted normal client request.
[2026-06-07 13:01:42] Accepted normal client request.
[2026-06-07 13:01:43] Accepted normal client request.
[2026-06-07 13:01:44] Accepted normal client request.
[2026-06-07 13:01:45] Accepted normal client request.
[2026-06-07 13:01:46] Accepted normal client request.
[2026-06-07 13:01:47] Accepted normal client request.
[2026-06-07 13:01:48] Accepted normal client request.
[2026-06-07 13:01:49] Accepted normal client request.
[2026-06-07 13:01:50] Accepted normal client request.
[2026-06-07 13:01:51] Accepted normal client request.
[2026-06-07 13:01:52] Accepted normal client request.
[2026-06-07 13:01:53] Accepted normal client request.
[2026-06-07 13:01:54] Accepted normal client request.
[2026-06-07 13:01:55] Accepted normal client request.
[2026-06-07 13:01:56] Accepted normal client request.
[2026-06-07 13:01:57] Accepted normal client request.
[2026-06-07 13:01:58] Accepted normal client request.
[2026-06-07 13:01:59] Accepted normal client request.
[2026-06-07 13:02:00] Accepted normal client request.
[2026-06-07 13:02:01] Accepted normal client request.
[2026-06-07 13:02:02] Accepted normal client request.
[2026-06-07 13:02:03] Accepted normal client request.
[2026-06-07 13:02:04] Accepted normal client request.
[2026-06-07 13:02:05] Accepted normal client request.
[2026-06-07 13:02:06] Accepted normal client request.
[2026-06-07 13:02:07] Accepted normal client request.
[2026-06-07 13:02:08] Accepted normal client request.
[2026-06-07 13:02:09] Accepted normal client request.
[2026-06-07 13:02:10] Accepted normal client request.
[2026-06-07 13:02:11] Accepted normal client request.
[2026-06-07 13:02:12] Accepted normal client request.
[2026-06-07 13:02:13] Accepted normal client request.
[2026-06-07 13:02:14] Accepted normal client request.
[2026-06-07 13:02:15] Accepted normal client request.
[2026-06-07 13:02:16] Accepted normal client request.
[2026-06-07 13:02:17] Accepted normal client request.
[2026-06-07 13:02:18] Accepted normal client request.
[2026-06-07 13:02:19] Accepted normal client request.
[2026-06-07 13:02:20] Accepted normal client request.
[2026-06-07 13:02:21] Accepted normal client request.
[2026-06-07 13:02:22] Accepted normal client request.
[2026-06-07 13:02:23] Accepted normal client request.
[2026-06-07 13:02:24] Accepted normal client request.
[2026-06-07 13:02:25] Accepted normal client request.
[2026-06-07 13:02:26] Accepted normal client request.
[2026-06-07 13:02:27] Accepted normal client request.
[2026-06-07 13:02:28] Accepted normal client request.
[2026-06-07 13:02:29] Accepted normal client request.
[2026-06-07 13:02:30] Accepted normal client request.
[2026-06-07 13:02:31] Accepted normal client request.
[2026-06-07 13:02:32] Accepted normal client request.
[2026-06-07 13:02:33] Accepted normal client request.
[2026-06-07 13:02:34] Accepted normal client request.
[2026-06-07 13:02:35] Accepted normal client request.
[2026-06-07 13:02:36] Accepted normal client request.
[2026-06-07 13:02:37] Accepted normal client request.
[2026-06-07 13:02:38] Accepted normal client request.
[2026-06-07 13:02:39] Accepted normal client request.
[2026-06-07 13:02:40] Accepted normal client request.
[2026-06-07 13:02:41] Accepted normal client request.
[2026-06-07 13:02:43] Accepted normal client request.
[2026-06-07 13:02:44] Accepted normal client request.
[2026-06-07 13:02:45] Accepted normal client request.
[2026-06-07 13:02:46] Accepted normal client request.
[2026-06-07 13:02:47] Accepted normal client request.
[2026-06-07 13:02:48] Accepted normal client request.
[2026-06-07 13:02:49] Accepted normal client request.
[2026-06-07 13:02:50] Accepted normal client request.
[2026-06-07 13:02:51] Accepted normal client request.
[2026-06-07 13:02:52] Accepted normal client request.
[2026-06-07 13:02:53] Accepted normal client request.
[2026-06-07 13:02:54] Accepted normal client request.
[2026-06-07 13:02:55] Accepted normal client request.
[2026-06-07 13:02:56] Accepted normal client request.
[2026-06-07 13:02:57] Accepted normal client request.
[2026-06-07 13:02:58] Accepted normal client request.
[2026-06-07 13:02:59] Accepted normal client request.
[2026-06-07 13:03:00] Accepted normal client request.
[2026-06-07 13:03:01] Accepted normal client request.
[2026-06-07 13:03:02] Accepted normal client request.
[2026-06-07 13:03:03] Accepted normal client request.
[2026-06-07 13:03:04] Accepted normal client request.
[2026-06-07 13:03:05] Accepted normal client request.
[2026-06-07 13:03:06] Accepted normal client request.
[2026-06-07 13:03:07] Accepted normal client request.
[2026-06-07 13:03:08] Accepted normal client request.
[2026-06-07 13:03:09] Accepted normal client request.
[2026-06-07 13:03:10] Accepted normal client request.
[2026-06-07 13:03:11] Accepted normal client request.
[2026-06-07 13:03:12] Accepted normal client request.
[2026-06-07 13:03:13] Accepted normal client request.
[2026-06-07 13:03:14] Accepted normal client request.
[2026-06-07 13:03:15] Accepted normal client request.
[2026-06-07 13:03:16] Accepted normal client request.
[2026-06-07 13:03:17] Accepted normal client request.
[2026-06-07 13:03:18] Accepted normal client request.
[2026-06-07 13:03:19] Accepted normal client request.
[2026-06-07 13:03:20] Accepted normal client request.
[2026-06-07 13:03:21] Accepted normal client request.
[2026-06-07 13:03:22] Accepted normal client request.
[2026-06-07 13:03:23] Accepted normal client request.
[2026-06-07 13:03:24] Accepted normal client request.
[2026-06-07 13:03:25] Accepted normal client request.
[2026-06-07 13:03:26] Accepted normal client request.
[2026-06-07 13:03:27] Accepted normal client request.
[2026-06-07 13:03:28] Accepted normal client request.
[2026-06-07 13:03:29] Accepted normal client request.
[2026-06-07 13:03:30] Accepted normal client request.
[2026-06-07 13:03:31] Accepted normal client request.
[2026-06-07 13:03:32] Accepted normal client request.
[2026-06-07 13:03:33] Accepted normal client request.
[2026-06-07 13:03:34] Accepted normal client request.
[2026-06-07 13:03:35] Accepted normal client request.
[2026-06-07 13:03:36] Accepted normal client request.
[2026-06-07 13:03:37] Accepted normal client request.
[2026-06-07 13:03:38] Accepted normal client request.
[2026-06-07 13:03:39] Accepted normal client request.
[2026-06-07 13:03:40] Accepted normal client request.
[2026-06-07 13:03:41] Accepted normal client request.
[2026-06-07 13:03:42] Accepted normal client request.
[2026-06-07 13:03:43] Accepted normal client request.
[2026-06-07 13:03:44] Accepted normal client request.
[2026-06-07 13:03:45] Accepted normal client request.
[2026-06-07 13:03:46] Accepted normal client request.
[2026-06-07 13:03:47] Accepted normal client request.
[2026-06-07 13:03:48] Accepted normal client request.
[2026-06-07 13:03:49] Accepted normal client request.
[2026-06-07 13:03:50] Accepted normal client request.
[2026-06-07 13:03:51] Accepted normal client request.
[2026-06-07 13:03:52] Accepted normal client request.
[2026-06-07 13:03:53] Accepted normal client request.
[2026-06-07 13:03:54] Accepted normal client request.
[2026-06-07 13:03:55] Accepted normal client request.
[2026-06-07 13:03:56] Accepted normal client request.
[2026-06-07 13:03:57] Accepted normal client request.
[2026-06-07 13:03:58] Accepted normal client request.
[2026-06-07 13:03:59] Accepted normal client request.
[2026-06-07 13:04:00] Accepted normal client request.
[2026-06-07 13:04:01] Accepted normal client request.
[2026-06-07 13:04:02] Accepted normal client request.
[2026-06-07 13:04:03] Accepted normal client request.
[2026-06-07 13:04:04] Accepted normal client request.
[2026-06-07 13:04:05] Accepted normal client request.
[2026-06-07 13:04:06] Accepted normal client request.
[2026-06-07 13:04:07] Accepted normal client request.
[2026-06-07 13:04:08] Accepted normal client request.
[2026-06-07 13:04:09] Accepted normal client request.
[2026-06-07 13:04:10] Accepted normal client request.
[2026-06-07 13:04:11] Accepted normal client request.
[2026-06-07 13:04:12] Accepted normal client request.
[2026-06-07 13:04:13] Accepted normal client request.
[2026-06-07 13:04:14] Accepted normal client request.
[2026-06-07 13:04:15] Accepted normal client request.
[2026-06-07 13:04:16] Accepted normal client request.
[2026-06-07 13:04:17] Accepted normal client request.
[2026-06-07 13:04:18] Accepted normal client request.
[2026-06-07 13:04:19] Accepted normal client request.
[2026-06-07 13:04:20] Accepted normal client request.
[2026-06-07 13:04:21] Accepted normal client request.
[2026-06-07 13:04:22] Accepted normal client request.
[2026-06-07 13:04:23] Accepted normal client request.
[2026-06-07 13:04:24] Accepted normal client request.
[2026-06-07 13:04:25] Accepted normal client request.
[2026-06-07 13:04:26] Accepted normal client request.
[2026-06-07 13:04:27] Accepted normal client request.
[2026-06-07 13:04:28] Accepted normal client request.
[2026-06-07 13:04:29] Accepted normal client request.
[2026-06-07 13:04:30] Accepted normal client request.
[2026-06-07 13:04:31] Accepted normal client request.
[2026-06-07 13:04:32] Accepted normal client request.
[2026-06-07 13:04:33] Accepted normal client request.
[2026-06-07 13:04:34] Accepted normal client request.
[2026-06-07 13:04:35] Accepted normal client request.
[2026-06-07 13:04:36] Accepted normal client request.
[2026-06-07 13:04:37] Accepted normal client request.
[2026-06-07 13:04:38] Accepted normal client request.
[2026-06-07 13:04:39] Accepted normal client request.
[2026-06-07 13:04:40] Accepted normal client request.
[2026-06-07 13:04:41] Accepted normal client request.
[2026-06-07 13:04:42] Accepted normal client request.
[2026-06-07 13:04:43] Accepted normal client request.
[2026-06-07 13:04:44] Accepted normal client request.
[2026-06-07 13:04:45] Accepted normal client request.
[2026-06-07 13:04:46] Accepted normal client request.
[2026-06-07 13:04:47] Accepted normal client request.
[2026-06-07 13:04:48] Accepted normal client request.
[2026-06-07 13:04:49] Accepted normal client request.
[2026-06-07 13:04:50] Accepted normal client request.
[2026-06-07 13:04:51] Accepted normal client request.
[2026-06-07 13:04:52] Accepted normal client request.
[2026-06-07 13:04:53] Accepted normal client request.
[2026-06-07 13:04:54] Accepted normal client request.
[2026-06-07 13:04:55] Accepted normal client request.
[2026-06-07 13:04:56] Accepted normal client request.
[2026-06-07 13:04:57] Accepted normal client request.
[2026-06-07 13:04:58] Accepted normal client request.
[2026-06-07 13:04:59] Accepted normal client request.
[2026-06-07 13:05:00] Accepted normal client request.
[2026-06-07 13:05:01] Accepted normal client request.
[2026-06-07 13:05:02] Accepted normal client request.
[2026-06-07 13:05:03] Accepted normal client request.
[2026-06-07 13:05:04] Accepted normal client request.
[2026-06-07 13:05:05] Accepted normal client request.
[2026-06-07 13:05:06] Accepted normal client request.
[2026-06-07 13:05:07] Accepted normal client request.
[2026-06-07 13:05:08] Accepted normal client request.
[2026-06-07 13:05:09] Accepted normal client request.
[2026-06-07 13:05:10] Accepted normal client request.
[2026-06-07 13:05:11] Accepted normal client request.
[2026-06-07 13:05:12] Accepted normal client request.
[2026-06-07 13:05:13] Accepted normal client request.
[2026-06-07 13:05:14] Accepted normal client request.
[2026-06-07 13:05:15] Accepted normal client request.
[2026-06-07 13:05:16] Accepted normal client request.
[2026-06-07 13:05:17] Accepted normal client request.
[2026-06-07 13:05:18] Accepted normal client request.
[2026-06-07 13:05:19] Accepted normal client request.
[2026-06-07 13:05:20] Accepted normal client request.
[2026-06-07 13:05:21] Accepted normal client request.
[2026-06-07 13:05:22] Accepted normal client request.
[2026-06-07 13:05:23] Accepted normal client request.
[2026-06-07 13:05:24] Accepted normal client request.
[2026-06-07 13:05:25] Accepted normal client request.
[2026-06-07 13:05:26] Accepted normal client request.
[2026-06-07 13:05:27] Accepted normal client request.
[2026-06-07 13:05:28] Accepted normal client request.
[2026-06-07 13:05:29] Accepted normal client request.
[2026-06-07 13:05:30] Accepted normal client request.
[2026-06-07 13:05:31] Accepted normal client request.
[2026-06-07 13:05:32] Accepted normal client request.
[2026-06-07 13:05:33] Accepted normal client request.
[2026-06-07 13:05:34] Accepted normal client request.
[2026-06-07 13:05:35] Accepted normal client request.
[2026-06-07 13:05:36] Accepted normal client request.
[2026-06-07 13:05:37] Accepted normal client request.
[2026-06-07 13:05:38] Accepted normal client request.
[2026-06-07 13:05:39] Accepted normal client request.
[2026-06-07 13:05:40] Accepted normal client request.
[2026-06-07 13:05:41] Accepted normal client request.
[2026-06-07 13:05:42] Accepted normal client request.
[2026-06-07 13:05:43] Accepted normal client request.
[2026-06-07 13:05:44] Accepted normal client request.
[2026-06-07 13:05:45] Accepted normal client request.
[2026-06-07 13:05:46] Accepted normal client request.
[2026-06-07 13:05:47] Accepted normal client request.
[2026-06-07 13:05:48] Accepted normal client request.
[2026-06-07 13:05:49] Accepted normal client request.
[2026-06-07 13:05:50] Accepted normal client request.
[2026-06-07 13:05:51] Accepted normal client request.
[2026-06-07 13:05:52] Accepted normal client request.
[2026-06-07 13:05:53] Accepted normal client request.
[2026-06-07 13:05:54] Accepted normal client request.
[2026-06-07 13:05:55] Accepted normal client request.
[2026-06-07 13:05:56] Accepted normal client request.
[2026-06-07 13:05:57] Accepted normal client request.
[2026-06-07 13:05:58] Accepted normal client request.
[2026-06-07 13:05:59] Accepted normal client request.
[2026-06-07 13:06:00] Accepted normal client request.
[2026-06-07 13:06:01] Accepted normal client request.
[2026-06-07 13:06:02] Accepted normal client request.
[2026-06-07 13:06:03] Accepted normal client request.
[2026-06-07 13:06:04] Accepted normal client request.
[2026-06-07 13:06:05] Accepted normal client request.
[2026-06-07 13:06:06] Accepted normal client request.
[2026-06-07 13:06:07] Accepted normal client request.
[2026-06-07 13:06:08] Accepted normal client request.
[2026-06-07 13:06:09] Accepted normal client request.
[2026-06-07 13:06:10] Accepted normal client request.
[2026-06-07 13:06:11] Accepted normal client request.
[2026-06-07 13:06:12] Accepted normal client request.
[2026-06-07 13:06:13] Accepted normal client request.
[2026-06-07 13:06:14] Accepted normal client request.
[2026-06-07 13:06:15] Accepted normal client request.
[2026-06-07 13:06:16] Accepted normal client request.
[2026-06-07 13:06:17] Accepted normal client request.
[2026-06-07 13:06:18] Accepted normal client request.
[2026-06-07 13:06:19] Accepted normal client request.
[2026-06-07 13:06:20] Accepted normal client request.
[2026-06-07 13:06:21] Accepted normal client request.
[2026-06-07 13:06:22] Accepted normal client request.
[2026-06-07 13:06:23] Accepted normal client request.
[2026-06-07 13:06:24] Accepted normal client request.
[2026-06-07 13:06:25] Accepted normal client request.
[2026-06-07 13:06:26] Accepted normal client request.
[2026-06-07 13:06:27] Accepted normal client request.
[2026-06-07 13:06:28] Accepted normal client request.
[2026-06-07 13:06:29] Accepted normal client request.
[2026-06-07 13:06:30] Accepted normal client request.
[2026-06-07 13:06:31] Accepted normal client request.
[2026-06-07 13:06:32] Accepted normal client request.
[2026-06-07 13:06:33] Accepted normal client request.
[2026-06-07 13:06:34] Accepted normal client request.
[2026-06-07 13:06:35] Accepted normal client request.
[2026-06-07 13:06:36] Accepted normal client request.
[2026-06-07 13:06:37] Accepted normal client request.
[2026-06-07 13:06:38] Accepted normal client request.
[2026-06-07 13:06:39] Accepted normal client request.
[2026-06-07 13:06:40] Accepted normal client request.
[2026-06-07 13:06:41] Accepted normal client request.
[2026-06-07 13:06:42] Accepted normal client request.
[2026-06-07 13:06:43] Accepted normal client request.
[2026-06-07 13:06:44] Accepted normal client request.
[2026-06-07 13:06:45] Accepted normal client request.
[2026-06-07 13:06:46] Accepted normal client request.
[2026-06-07 13:06:47] Accepted normal client request.
[2026-06-07 13:06:48] Accepted normal client request.
[2026-06-07 13:06:49] Accepted normal client request.
[2026-06-07 13:06:50] Accepted normal client request.
[2026-06-07 13:06:51] Accepted normal client request.
[2026-06-07 13:06:52] Accepted normal client request.
[2026-06-07 13:06:53] Accepted normal client request.
[2026-06-07 13:06:54] Accepted normal client request.
[2026-06-07 13:06:55] Accepted normal client request.
[2026-06-07 13:06:56] Accepted normal client request.
[2026-06-07 13:06:57] Accepted normal client request.
[2026-06-07 13:06:58] Accepted normal client request.
[2026-06-07 13:07:00] Accepted normal client request.
[2026-06-07 13:07:01] Accepted normal client request.
[2026-06-07 13:07:02] Accepted normal client request.
[2026-06-07 13:07:03] Accepted normal client request.
[2026-06-07 13:07:04] Accepted normal client request.
[2026-06-07 13:07:05] Accepted normal client request.
[2026-06-07 13:07:06] Accepted normal client request.
[2026-06-07 13:07:07] Accepted normal client request.
[2026-06-07 13:07:08] Accepted normal client request.
[2026-06-07 13:07:09] Accepted normal client request.
[2026-06-07 13:07:10] Accepted normal client request.
[2026-06-07 13:07:11] Accepted normal client request.
[2026-06-07 13:07:12] Accepted normal client request.
[2026-06-07 13:07:13] Accepted normal client request.
[2026-06-07 13:07:14] Accepted normal client request.
[2026-06-07 13:07:15] Accepted normal client request.
[2026-06-07 13:07:16] Accepted normal client request.
[2026-06-07 13:07:17] Accepted normal client request.
[2026-06-07 13:07:18] Accepted normal client request.
[2026-06-07 13:07:19] Accepted normal client request.
[2026-06-07 13:07:20] Accepted normal client request.
[2026-06-07 13:07:21] Accepted normal client request.
[2026-06-07 13:07:22] Accepted normal client request.
[2026-06-07 13:07:23] Accepted normal client request.
[2026-06-07 13:07:24] Accepted normal client request.
[2026-06-07 13:07:25] Accepted normal client request.
[2026-06-07 13:07:26] Accepted normal client request.
[2026-06-07 13:07:27] Accepted normal client request.
[2026-06-07 13:07:28] Accepted normal client request.
[2026-06-07 13:07:29] Accepted normal client request.
[2026-06-07 13:07:30] Accepted normal client request.
[2026-06-07 13:07:31] Accepted normal client request.
[2026-06-07 13:07:32] Accepted normal client request.
[2026-06-07 13:07:33] Accepted normal client request.
[2026-06-07 13:07:34] Accepted normal client request.
[2026-06-07 13:07:35] Accepted normal client request.
[2026-06-07 13:07:36] Accepted normal client request.
[2026-06-07 13:07:37] Accepted normal client request.
[2026-06-07 13:07:38] Accepted normal client request.
[2026-06-07 13:07:39] Accepted normal client request.
[2026-06-07 13:07:40] Accepted normal client request.
[2026-06-07 13:07:41] Accepted normal client request.
[2026-06-07 13:07:42] Accepted normal client request.
[2026-06-07 13:07:43] Accepted normal client request.
[2026-06-07 13:07:44] Accepted normal client request.
[2026-06-07 13:07:45] Accepted normal client request.
[2026-06-07 13:07:46] Accepted normal client request.
[2026-06-07 13:07:47] Accepted normal client request.
[2026-06-07 13:07:48] Accepted normal client request.
[2026-06-07 13:07:49] Accepted normal client request.
[2026-06-07 13:07:50] Accepted normal client request.
[2026-06-07 13:07:51] Accepted normal client request.
[2026-06-07 13:07:52] Accepted normal client request.
[2026-06-07 13:07:53] Accepted normal client request.
[2026-06-07 13:07:54] Accepted normal client request.
[2026-06-07 13:07:55] Accepted normal client request.
[2026-06-07 13:07:56] Accepted normal client request.
[2026-06-07 13:07:57] Accepted normal client request.
[2026-06-07 13:07:58] Accepted normal client request.
[2026-06-07 13:07:59] Accepted normal client request.
[2026-06-07 13:08:00] Accepted normal client request.
[2026-06-07 13:08:01] Accepted normal client request.
[2026-06-07 13:08:02] Accepted normal client request.
[2026-06-07 13:08:03] Accepted normal client request.
[2026-06-07 13:08:04] Accepted normal client request.
[2026-06-07 13:08:05] Accepted normal client request.
[2026-06-07 13:08:06] Accepted normal client request.
[2026-06-07 13:08:07] Accepted normal client request.
[2026-06-07 13:08:08] Accepted normal client request.
[2026-06-07 13:08:09] Accepted normal client request.
[2026-06-07 13:08:10] Accepted normal client request.
[2026-06-07 13:08:11] Accepted normal client request.
[2026-06-07 13:08:12] Accepted normal client request.
[2026-06-07 13:08:13] Accepted normal client request.
[2026-06-07 13:08:14] Accepted normal client request.
[2026-06-07 13:08:15] Accepted normal client request.
[2026-06-07 13:08:16] Accepted normal client request.
[2026-06-07 13:08:17] Accepted normal client request.
[2026-06-07 13:08:18] Accepted normal client request.
[2026-06-07 13:08:19] Accepted normal client request.
[2026-06-07 13:08:20] Accepted normal client request.
[2026-06-07 13:08:21] Accepted normal client request.
[2026-06-07 13:08:22] Accepted normal client request.
[2026-06-07 13:08:23] Accepted normal client request.
[2026-06-07 13:08:24] Accepted normal client request.
[2026-06-07 13:08:25] Accepted normal client request.
[2026-06-07 13:08:26] Accepted normal client request.
[2026-06-07 13:08:27] Accepted normal client request.
[2026-06-07 13:08:28] Accepted normal client request.
[2026-06-07 13:08:29] Accepted normal client request.
[2026-06-07 13:08:30] Accepted normal client request.
[2026-06-07 13:08:31] Accepted normal client request.
[2026-06-07 13:08:32] Accepted normal client request.
[2026-06-07 13:08:33] Accepted normal client request.
[2026-06-07 13:08:34] Accepted normal client request.
[2026-06-07 13:08:35] Accepted normal client request.
[2026-06-07 13:08:36] Accepted normal client request.
[2026-06-07 13:08:37] Accepted normal client request.
[2026-06-07 13:08:38] Accepted normal client request.
[2026-06-07 13:08:39] Accepted normal client request.
[2026-06-07 13:08:40] Accepted normal client request.
[2026-06-07 13:08:41] Accepted normal client request.
[2026-06-07 13:08:42] Accepted normal client request.
[2026-06-07 13:08:43] Accepted normal client request.
[2026-06-07 13:08:44] Accepted normal client request.
[2026-06-07 13:08:45] Accepted normal client request.
[2026-06-07 13:08:46] Accepted normal client request.
[2026-06-07 13:08:47] Accepted normal client request.
[2026-06-07 13:08:48] Accepted normal client request.
[2026-06-07 13:08:49] Accepted normal client request.
[2026-06-07 13:08:50] Accepted normal client request.
[2026-06-07 13:08:51] Accepted normal client request.
[2026-06-07 13:08:52] Accepted normal client request.
[2026-06-07 13:08:53] Accepted normal client request.
[2026-06-07 13:08:54] Accepted normal client request.
[2026-06-07 13:08:55] Accepted normal client request.
[2026-06-07 13:08:56] Accepted normal client request.
[2026-06-07 13:08:57] Accepted normal client request.
[2026-06-07 13:08:58] Accepted normal client request.
[2026-06-07 13:08:59] Accepted normal client request.
[2026-06-07 13:09:00] Accepted normal client request.
[2026-06-07 13:09:01] Accepted normal client request.
[2026-06-07 13:09:02] Accepted normal client request.
[2026-06-07 13:09:03] Accepted normal client request.
[2026-06-07 13:09:04] Accepted normal client request.
[2026-06-07 13:09:05] Accepted normal client request.
[2026-06-07 13:09:06] Accepted normal client request.
[2026-06-07 13:09:07] Accepted normal client request.
[2026-06-07 13:09:08] Accepted normal client request.
[2026-06-07 13:09:09] Accepted normal client request.
[2026-06-07 13:09:10] Accepted normal client request.
[2026-06-07 13:09:11] Accepted normal client request.
[2026-06-07 13:09:12] Accepted normal client request.
[2026-06-07 13:09:13] Accepted normal client request.
[2026-06-07 13:09:14] Accepted normal client request.
[2026-06-07 13:09:15] Accepted normal client request.
[2026-06-07 13:09:16] Accepted normal client request.
[2026-06-07 13:09:17] Accepted normal client request.
[2026-06-07 13:09:18] Accepted normal client request.
[2026-06-07 13:09:19] Accepted normal client request.
[2026-06-07 13:09:20] Accepted normal client request.
[2026-06-07 13:09:21] Accepted normal client request.
[2026-06-07 13:09:22] Accepted normal client request.
[2026-06-07 13:09:23] Accepted normal client request.
[2026-06-07 13:09:24] Accepted normal client request.
[2026-06-07 13:09:25] Accepted normal client request.
[2026-06-07 13:09:26] Accepted normal client request.
[2026-06-07 13:09:27] Accepted normal client request.
[2026-06-07 13:09:28] Accepted normal client request.
[2026-06-07 13:09:29] Accepted normal client request.
[2026-06-07 13:09:30] Accepted normal client request.
[2026-06-07 13:09:31] Accepted normal client request.
[2026-06-07 13:09:32] Accepted normal client request.
[2026-06-07 13:09:33] Accepted normal client request.
[2026-06-07 13:09:34] Accepted normal client request.
[2026-06-07 13:09:35] Accepted normal client request.
[2026-06-07 13:09:36] Accepted normal client request.
[2026-06-07 13:09:37] Accepted normal client request.
[2026-06-07 13:09:38] Accepted normal client request.
[2026-06-07 13:09:39] Accepted normal client request.
[2026-06-07 13:09:40] Accepted normal client request.
[2026-06-07 13:09:41] Accepted normal client request.
[2026-06-07 13:09:42] Accepted normal client request.
[2026-06-07 13:09:43] Accepted normal client request.
[2026-06-07 13:09:44] Accepted normal client request.
[2026-06-07 13:09:45] Accepted normal client request.
[2026-06-07 13:09:46] Accepted normal client request.
[2026-06-07 13:09:47] Accepted normal client request.
[2026-06-07 13:09:48] Accepted normal client request.
[2026-06-07 13:09:49] Accepted normal client request.
[2026-06-07 13:09:50] Accepted normal client request.
[2026-06-07 13:09:51] Accepted normal client request.
[2026-06-07 13:09:52] Accepted normal client request.
[2026-06-07 13:09:53] Accepted normal client request.
[2026-06-07 13:09:54] Accepted normal client request.
[2026-06-07 13:09:55] Accepted normal client request.
[2026-06-07 13:09:56] Accepted normal client request.
[2026-06-07 13:09:57] Accepted normal client request.
[2026-06-07 13:09:58] Accepted normal client request.
[2026-06-07 13:09:59] Accepted normal client request.
[2026-06-07 13:10:00] Accepted normal client request.
[2026-06-07 13:10:01] Accepted normal client request.
[2026-06-07 13:10:02] Accepted normal client request.
[2026-06-07 13:10:03] Accepted normal client request.
[2026-06-07 13:10:04] Accepted normal client request.
[2026-06-07 13:10:05] Accepted normal client request.
[2026-06-07 13:10:06] Accepted normal client request.
[2026-06-07 13:10:07] Accepted normal client request.
[2026-06-07 13:10:08] Accepted normal client request.
[2026-06-07 13:10:09] Accepted normal client request.
[2026-06-07 13:10:10] Accepted normal client request.
[2026-06-07 13:10:11] Accepted normal client request.
[2026-06-07 13:10:12] Accepted normal client request.
[2026-06-07 13:10:13] Accepted normal client request.
[2026-06-07 13:10:14] Accepted normal client request.
[2026-06-07 13:10:15] Accepted normal client request.
[2026-06-07 13:10:16] Accepted normal client request.
[2026-06-07 13:10:17] Accepted normal client request.
[2026-06-07 13:10:18] Accepted normal client request.
[2026-06-07 13:10:19] Accepted normal client request.
[2026-06-07 13:10:20] Accepted normal client request.
[2026-06-07 13:10:21] Accepted normal client request.
[2026-06-07 13:10:22] Accepted normal client request.
[2026-06-07 13:10:23] Accepted normal client request.
[2026-06-07 13:10:24] Accepted normal client request.
[2026-06-07 13:10:25] Accepted normal client request.
[2026-06-07 13:10:26] Accepted normal client request.
[2026-06-07 13:10:27] Accepted normal client request.
[2026-06-07 13:10:28] Accepted normal client request.
[2026-06-07 13:10:29] Accepted normal client request.
[2026-06-07 13:10:30] Accepted normal client request.
[2026-06-07 13:10:31] Accepted normal client request.
[2026-06-07 13:10:32] Accepted normal client request.
[2026-06-07 13:10:33] Accepted normal client request.
[2026-06-07 13:10:34] Accepted normal client request.
[2026-06-07 13:10:35] Accepted normal client request.
[2026-06-07 13:10:36] Accepted normal client request.
[2026-06-07 13:10:37] Accepted normal client request.
[2026-06-07 13:10:38] Accepted normal client request.
[2026-06-07 13:10:39] Accepted normal client request.
[2026-06-07 13:10:40] Accepted normal client request.
[2026-06-07 13:10:41] Accepted normal client request.
[2026-06-07 13:10:42] Accepted normal client request.
[2026-06-07 13:10:43] Accepted normal client request.
[2026-06-07 13:10:44] Accepted normal client request.
[2026-06-07 13:10:45] Accepted normal client request.
[2026-06-07 13:10:46] Accepted normal client request.
[2026-06-07 13:10:47] Accepted normal client request.
[2026-06-07 13:10:48] Accepted normal client request.
[2026-06-07 13:10:49] Accepted normal client request.
[2026-06-07 13:10:50] Accepted normal client request.
[2026-06-07 13:10:51] Accepted normal client request.
[2026-06-07 13:10:52] Accepted normal client request.
[2026-06-07 13:10:53] Accepted normal client request.
[2026-06-07 13:10:54] Accepted normal client request.
[2026-06-07 13:10:55] Accepted normal client request.
[2026-06-07 13:10:56] Accepted normal client request.
[2026-06-07 13:10:57] Accepted normal client request.
[2026-06-07 13:10:58] Accepted normal client request.
[2026-06-07 13:10:59] Accepted normal client request.
[2026-06-07 13:11:00] Accepted normal client request.
[2026-06-07 13:11:01] Accepted normal client request.
[2026-06-07 13:11:02] Accepted normal client request.
[2026-06-07 13:11:03] Accepted normal client request.
[2026-06-07 13:11:04] Accepted normal client request.
[2026-06-07 13:11:05] Accepted normal client request.
[2026-06-07 13:11:06] Accepted normal client request.
[2026-06-07 13:11:07] Accepted normal client request.
[2026-06-07 13:11:08] Accepted normal client request.
[2026-06-07 13:11:09] Accepted normal client request.
[2026-06-07 13:11:10] Accepted normal client request.
[2026-06-07 13:11:12] Accepted normal client request.
[2026-06-07 13:11:13] Accepted normal client request.
[2026-06-07 13:11:14] Accepted normal client request.
[2026-06-07 13:11:15] Accepted normal client request.
[2026-06-07 13:11:16] Accepted normal client request.
[2026-06-07 13:11:17] Accepted normal client request.
[2026-06-07 13:11:18] Accepted normal client request.
[2026-06-07 13:11:19] Accepted normal client request.
[2026-06-07 13:11:20] Accepted normal client request.
[2026-06-07 13:11:21] Accepted normal client request.
[2026-06-07 13:11:22] Accepted normal client request.
[2026-06-07 13:11:23] Accepted normal client request.
[2026-06-07 13:11:24] Accepted normal client request.
[2026-06-07 13:11:25] Accepted normal client request.
[2026-06-07 13:11:26] Accepted normal client request.
[2026-06-07 13:11:27] Accepted normal client request.
[2026-06-07 13:11:28] Accepted normal client request.
[2026-06-07 13:11:29] Accepted normal client request.
[2026-06-07 13:11:30] Accepted normal client request.
[2026-06-07 13:11:31] Accepted normal client request.
[2026-06-07 13:11:32] Accepted normal client request.
[2026-06-07 13:11:33] Accepted normal client request.
[2026-06-07 13:11:34] Accepted normal client request.
[2026-06-07 13:11:35] Accepted normal client request.
[2026-06-07 13:11:36] Accepted normal client request.
[2026-06-07 13:11:37] Accepted normal client request.
[2026-06-07 13:11:38] Accepted normal client request.
[2026-06-07 13:11:39] Accepted normal client request.
[2026-06-07 13:11:40] Accepted normal client request.
[2026-06-07 13:11:41] Accepted normal client request.
[2026-06-07 13:11:42] Accepted normal client request.
[2026-06-07 13:11:43] Accepted normal client request.
[2026-06-07 13:11:44] Accepted normal client request.
[2026-06-07 13:11:45] Accepted normal client request.
[2026-06-07 13:11:46] Accepted normal client request.
[2026-06-07 13:11:47] Accepted normal client request.
[2026-06-07 13:11:48] Accepted normal client request.
[2026-06-07 13:11:49] Accepted normal client request.
[2026-06-07 13:11:50] Accepted normal client request.
[2026-06-07 13:11:51] Accepted normal client request.
[2026-06-07 13:11:52] Accepted normal client request.
[2026-06-07 13:11:53] Accepted normal client request.
[2026-06-07 13:11:54] Accepted normal client request.
[2026-06-07 13:11:55] Accepted normal client request.
[2026-06-07 13:11:56] Accepted normal client request.
[2026-06-07 13:11:57] Accepted normal client request.
[2026-06-07 13:11:58] Accepted normal client request.
[2026-06-07 13:11:59] Accepted normal client request.
[2026-06-07 13:12:00] Accepted normal client request.
[2026-06-07 13:12:01] Accepted normal client request.
[2026-06-07 13:12:02] Accepted normal client request.
[2026-06-07 13:12:03] Accepted normal client request.
[2026-06-07 13:12:04] Accepted normal client request.
[2026-06-07 13:12:05] Accepted normal client request.
[2026-06-07 13:12:06] Accepted normal client request.
[2026-06-07 13:12:07] Accepted normal client request.
[2026-06-07 13:12:08] Accepted normal client request.
[2026-06-07 13:12:09] Accepted normal client request.
[2026-06-07 13:12:10] Accepted normal client request.
[2026-06-07 13:12:11] Accepted normal client request.
[2026-06-07 13:12:12] Accepted normal client request.
[2026-06-07 13:12:13] Accepted normal client request.
[2026-06-07 13:12:14] Accepted normal client request.
[2026-06-07 13:12:15] Accepted normal client request.
[2026-06-07 13:12:16] Accepted normal client request.
[2026-06-07 13:12:17] Accepted normal client request.
[2026-06-07 13:12:18] Accepted normal client request.
[2026-06-07 13:12:19] Accepted normal client request.
[2026-06-07 13:12:20] Accepted normal client request.
[2026-06-07 13:12:21] Accepted normal client request.
[2026-06-07 13:12:22] Accepted normal client request.
[2026-06-07 13:12:23] Accepted normal client request.
[2026-06-07 13:12:24] Accepted normal client request.
[2026-06-07 13:12:25] Accepted normal client request.
[2026-06-07 13:12:26] Accepted normal client request.
[2026-06-07 13:12:27] Accepted normal client request.
[2026-06-07 13:12:28] Accepted normal client request.
[2026-06-07 13:12:29] Accepted normal client request.
[2026-06-07 13:12:30] Accepted normal client request.
[2026-06-07 13:12:31] Accepted normal client request.
[2026-06-07 13:12:32] Accepted normal client request.
[2026-06-07 13:12:33] Accepted normal client request.
[2026-06-07 13:12:34] Accepted normal client request.
[2026-06-07 13:12:35] Accepted normal client request.
[2026-06-07 13:12:36] Accepted normal client request.
[2026-06-07 13:12:37] Accepted normal client request.
[2026-06-07 13:12:38] Accepted normal client request.
[2026-06-07 13:12:39] Accepted normal client request.
[2026-06-07 13:12:40] Accepted normal client request.
[2026-06-07 13:12:41] Accepted normal client request.
[2026-06-07 13:12:42] Accepted normal client request.
[2026-06-07 13:12:43] Accepted normal client request.
[2026-06-07 13:12:44] Accepted normal client request.
[2026-06-07 13:12:45] Accepted normal client request.
[2026-06-07 13:12:46] Accepted normal client request.
[2026-06-07 13:12:47] Accepted normal client request.
[2026-06-07 13:12:48] Accepted normal client request.
[2026-06-07 13:12:49] Accepted normal client request.
[2026-06-07 13:12:50] Accepted normal client request.
[2026-06-07 13:12:51] Accepted normal client request.
[2026-06-07 13:12:52] Accepted normal client request.
[2026-06-07 13:12:53] Accepted normal client request.
[2026-06-07 13:12:54] Accepted normal client request.
[2026-06-07 13:12:55] Accepted normal client request.
[2026-06-07 13:12:56] Accepted normal client request.
[2026-06-07 13:12:57] Accepted normal client request.
[2026-06-07 13:12:58] Accepted normal client request.
[2026-06-07 13:12:59] Accepted normal client request.
[2026-06-07 13:13:00] Accepted normal client request.
[2026-06-07 13:13:01] Accepted normal client request.
[2026-06-07 13:13:02] Accepted normal client request.
[2026-06-07 13:13:03] Accepted normal client request.
[2026-06-07 13:13:04] Accepted normal client request.
[2026-06-07 13:13:05] Accepted normal client request.
[2026-06-07 13:13:06] Accepted normal client request.
[2026-06-07 13:13:07] Accepted normal client request.
[2026-06-07 13:13:08] Accepted normal client request.
[2026-06-07 13:13:09] Accepted normal client request.
[2026-06-07 13:13:10] Accepted normal client request.
[2026-06-07 13:13:11] Accepted normal client request.
[2026-06-07 13:13:12] Accepted normal client request.
[2026-06-07 13:13:13] Accepted normal client request.
[2026-06-07 13:13:14] Accepted normal client request.
[2026-06-07 13:13:15] Accepted normal client request.
[2026-06-07 13:13:16] Accepted normal client request.
[2026-06-07 13:13:17] Accepted normal client request.
[2026-06-07 13:13:18] Accepted normal client request.
[2026-06-07 13:13:19] Accepted normal client request.
[2026-06-07 13:13:20] Accepted normal client request.
[2026-06-07 13:13:21] Accepted normal client request.
[2026-06-07 13:13:22] Accepted normal client request.
[2026-06-07 13:13:23] Accepted normal client request.
[2026-06-07 13:13:24] Accepted normal client request.
[2026-06-07 13:13:25] Accepted normal client request.
[2026-06-07 13:13:26] Accepted normal client request.
[2026-06-07 13:13:27] Accepted normal client request.
[2026-06-07 13:13:28] Accepted normal client request.
[2026-06-07 13:13:29] Accepted normal client request.
[2026-06-07 13:13:30] Accepted normal client request.
[2026-06-07 13:13:31] Accepted normal client request.
[2026-06-07 13:13:32] Accepted normal client request.
[2026-06-07 13:13:33] Accepted normal client request.
[2026-06-07 13:13:34] Accepted normal client request.
[2026-06-07 13:13:35] Accepted normal client request.
[2026-06-07 13:13:36] Accepted normal client request.
[2026-06-07 13:13:37] Accepted normal client request.
[2026-06-07 13:13:38] Accepted normal client request.
[2026-06-07 13:13:39] Accepted normal client request.
[2026-06-07 13:13:40] Accepted normal client request.
[2026-06-07 13:13:41] Accepted normal client request.
[2026-06-07 13:13:42] Accepted normal client request.
[2026-06-07 13:13:43] Accepted normal client request.
[2026-06-07 13:13:44] Accepted normal client request.
[2026-06-07 13:13:45] Accepted normal client request.
[2026-06-07 13:13:46] Accepted normal client request.
[2026-06-07 13:13:47] Accepted normal client request.
[2026-06-07 13:13:48] Accepted normal client request.
[2026-06-07 13:13:49] Accepted normal client request.
[2026-06-07 13:13:50] Accepted normal client request.
[2026-06-07 13:13:51] Accepted normal client request.
[2026-06-07 13:13:52] Accepted normal client request.
[2026-06-07 13:13:53] Accepted normal client request.
[2026-06-07 13:13:54] Accepted normal client request.
[2026-06-07 13:13:55] Accepted normal client request.
[2026-06-07 13:13:56] Accepted normal client request.
[2026-06-07 13:13:57] Accepted normal client request.
[2026-06-07 13:13:58] Accepted normal client request.
[2026-06-07 13:13:59] Accepted normal client request.
[2026-06-07 13:14:00] Accepted normal client request.
[2026-06-07 13:14:01] Accepted normal client request.
[2026-06-07 13:14:02] Accepted normal client request.
[2026-06-07 13:14:03] Accepted normal client request.
[2026-06-07 13:14:04] Accepted normal client request.
[2026-06-07 13:14:05] Accepted normal client request.
[2026-06-07 13:14:06] Accepted normal client request.
[2026-06-07 13:14:07] Accepted normal client request.
[2026-06-07 13:14:08] Accepted normal client request.
[2026-06-07 13:14:09] Accepted normal client request.
[2026-06-07 13:14:10] Accepted normal client request.
[2026-06-07 13:14:11] Accepted normal client request.
[2026-06-07 13:14:12] Accepted normal client request.
[2026-06-07 13:14:13] Accepted normal client request.
[2026-06-07 13:14:14] Accepted normal client request.
[2026-06-07 13:14:15] Accepted normal client request.
[2026-06-07 13:14:16] Accepted normal client request.
[2026-06-07 13:14:17] Accepted normal client request.
[2026-06-07 13:14:18] Accepted normal client request.
[2026-06-07 13:14:19] Accepted normal client request.
[2026-06-07 13:14:20] Accepted normal client request.
[2026-06-07 13:14:21] Accepted normal client request.
[2026-06-07 13:14:22] Accepted normal client request.
[2026-06-07 13:14:23] Accepted normal client request.
[2026-06-07 13:14:24] Accepted normal client request.
[2026-06-07 13:14:25] Accepted normal client request.
[2026-06-07 13:14:26] Accepted normal client request.
[2026-06-07 13:14:27] Accepted normal client request.
[2026-06-07 13:14:28] Accepted normal client request.
[2026-06-07 13:14:29] Accepted normal client request.
[2026-06-07 13:14:30] Accepted normal client request.
[2026-06-07 13:14:31] Accepted normal client request.
[2026-06-07 13:14:32] Accepted normal client request.
[2026-06-07 13:14:33] Accepted normal client request.
[2026-06-07 13:14:34] Accepted normal client request.
[2026-06-07 13:14:35] Accepted normal client request.
[2026-06-07 13:14:36] Accepted normal client request.
[2026-06-07 13:14:37] Accepted normal client request.
[2026-06-07 13:14:38] Accepted normal client request.
[2026-06-07 13:14:39] Accepted normal client request.
[2026-06-07 13:14:40] Accepted normal client request.
[2026-06-07 13:14:41] Accepted normal client request.
[2026-06-07 13:14:42] Accepted normal client request.
[2026-06-07 13:14:43] Accepted normal client request.
[2026-06-07 13:14:44] Accepted normal client request.
[2026-06-07 13:14:45] Accepted normal client request.
[2026-06-07 13:14:46] Accepted normal client request.
[2026-06-07 13:14:47] Accepted normal client request.
[2026-06-07 13:14:48] Accepted normal client request.
[2026-06-07 13:14:49] Accepted normal client request.
[2026-06-07 13:14:50] Accepted normal client request.
[2026-06-07 13:14:51] Accepted normal client request.
[2026-06-07 13:14:52] Accepted normal client request.
[2026-06-07 13:14:53] Accepted normal client request.
[2026-06-07 13:14:54] Accepted normal client request.
[2026-06-07 13:14:55] Accepted normal client request.
[2026-06-07 13:14:56] Accepted normal client request.
[2026-06-07 13:14:57] Accepted normal client request.
[2026-06-07 13:14:58] Accepted normal client request.
[2026-06-07 13:14:59] Accepted normal client request.
[2026-06-07 13:15:00] Accepted normal client request.
[2026-06-07 13:15:01] Accepted normal client request.
[2026-06-07 13:15:02] Accepted normal client request.
[2026-06-07 13:15:03] Accepted normal client request.
[2026-06-07 13:15:04] Accepted normal client request.
[2026-06-07 13:15:05] Accepted normal client request.
[2026-06-07 13:15:06] Accepted normal client request.
[2026-06-07 13:15:07] Accepted normal client request.
[2026-06-07 13:15:08] Accepted normal client request.
[2026-06-07 13:15:09] Accepted normal client request.
[2026-06-07 13:15:10] Accepted normal client request.
[2026-06-07 13:15:11] Accepted normal client request.
[2026-06-07 13:15:12] Accepted normal client request.
[2026-06-07 13:15:13] Accepted normal client request.
[2026-06-07 13:15:14] Accepted normal client request.
[2026-06-07 13:15:15] Accepted normal client request.
[2026-06-07 13:15:16] Accepted normal client request.
[2026-06-07 13:15:17] Accepted normal client request.
[2026-06-07 13:15:18] Accepted normal client request.
[2026-06-07 13:15:19] Accepted normal client request.
[2026-06-07 13:15:20] Accepted normal client request.
[2026-06-07 13:15:21] Accepted normal client request.
[2026-06-07 13:15:23] Accepted normal client request.
[2026-06-07 13:15:24] Accepted normal client request.
[2026-06-07 13:15:25] Accepted normal client request.
[2026-06-07 13:15:26] Accepted normal client request.
[2026-06-07 13:15:27] Accepted normal client request.
[2026-06-07 13:15:28] Accepted normal client request.
[2026-06-07 13:15:29] Accepted normal client request.
[2026-06-07 13:15:30] Accepted normal client request.
[2026-06-07 13:15:31] Accepted normal client request.
[2026-06-07 13:15:32] Accepted normal client request.
[2026-06-07 13:15:33] Accepted normal client request.
[2026-06-07 13:15:34] Accepted normal client request.
[2026-06-07 13:15:35] Accepted normal client request.
[2026-06-07 13:15:36] Accepted normal client request.
[2026-06-07 13:15:37] Accepted normal client request.
[2026-06-07 13:15:38] Accepted normal client request.
[2026-06-07 13:15:39] Accepted normal client request.
[2026-06-07 13:15:40] Accepted normal client request.
[2026-06-07 13:15:41] Accepted normal client request.
[2026-06-07 13:15:42] Accepted normal client request.
[2026-06-07 13:15:43] Accepted normal client request.
[2026-06-07 13:15:44] Accepted normal client request.
[2026-06-07 13:15:45] Accepted normal client request.
[2026-06-07 13:15:46] Accepted normal client request.
[2026-06-07 13:15:47] Accepted normal client request.
[2026-06-07 13:15:48] Accepted normal client request.
[2026-06-07 13:15:49] Accepted normal client request.
[2026-06-07 13:15:50] Accepted normal client request.
[2026-06-07 13:15:51] Accepted normal client request.
[2026-06-07 13:15:52] Accepted normal client request.
[2026-06-07 13:15:53] Accepted normal client request.
[2026-06-07 13:15:54] Accepted normal client request.
[2026-06-07 13:15:55] Accepted normal client request.
[2026-06-07 13:15:56] Accepted normal client request.
[2026-06-07 13:15:57] Accepted normal client request.
[2026-06-07 13:15:58] Accepted normal client request.
[2026-06-07 13:15:59] Accepted normal client request.
[2026-06-07 13:16:00] Accepted normal client request.
[2026-06-07 13:16:01] Accepted normal client request.
[2026-06-07 13:16:02] Accepted normal client request.
[2026-06-07 13:16:03] Accepted normal client request.
[2026-06-07 13:16:04] Accepted normal client request.
[2026-06-07 13:16:05] Accepted normal client request.
[2026-06-07 13:16:06] Accepted normal client request.
[2026-06-07 13:16:07] Accepted normal client request.
[2026-06-07 13:16:08] Accepted normal client request.
[2026-06-07 13:16:09] Accepted normal client request.
[2026-06-07 13:16:10] Accepted normal client request.
[2026-06-07 13:16:11] Accepted normal client request.
[2026-06-07 13:16:12] Accepted normal client request.
[2026-06-07 13:16:13] Accepted normal client request.
[2026-06-07 13:16:14] Accepted normal client request.
[2026-06-07 13:16:15] Accepted normal client request.
[2026-06-07 13:16:16] Accepted normal client request.
[2026-06-07 13:16:17] Accepted normal client request.
[2026-06-07 13:16:18] Accepted normal client request.
[2026-06-07 13:16:19] Accepted normal client request.
[2026-06-07 13:16:20] Accepted normal client request.
[2026-06-07 13:16:21] Accepted normal client request.
[2026-06-07 13:16:22] Accepted normal client request.
[2026-06-07 13:16:23] Accepted normal client request.
[2026-06-07 13:16:24] Accepted normal client request.
[2026-06-07 13:16:25] Accepted normal client request.
[2026-06-07 13:16:26] Accepted normal client request.
[2026-06-07 13:16:27] Accepted normal client request.
[2026-06-07 13:16:28] Accepted normal client request.
[2026-06-07 13:16:29] Accepted normal client request.
[2026-06-07 13:16:30] Accepted normal client request.
[2026-06-07 13:16:31] Accepted normal client request.
[2026-06-07 13:16:32] Accepted normal client request.
[2026-06-07 13:16:33] Accepted normal client request.
[2026-06-07 13:16:34] Accepted normal client request.
[2026-06-07 13:16:35] Accepted normal client request.
[2026-06-07 13:16:36] Accepted normal client request.
[2026-06-07 13:16:37] Accepted normal client request.
[2026-06-07 13:16:38] Accepted normal client request.
[2026-06-07 13:16:39] Accepted normal client request.
[2026-06-07 13:16:40] Accepted normal client request.
[2026-06-07 13:16:41] Accepted normal client request.
[2026-06-07 13:16:42] Accepted normal client request.
[2026-06-07 13:16:43] Accepted normal client request.
[2026-06-07 13:16:44] Accepted normal client request.
[2026-06-07 13:16:45] Accepted normal client request.
[2026-06-07 13:16:46] Accepted normal client request.
[2026-06-07 13:16:47] Accepted normal client request.
[2026-06-07 13:16:48] Accepted normal client request.
[2026-06-07 13:16:49] Accepted normal client request.
[2026-06-07 13:16:50] Accepted normal client request.
[2026-06-07 13:16:51] Accepted normal client request.
[2026-06-07 13:16:52] Accepted normal client request.
[2026-06-07 13:16:53] Accepted normal client request.
[2026-06-07 13:16:54] Accepted normal client request.
[2026-06-07 13:16:55] Accepted normal client request.
[2026-06-07 13:16:56] Accepted normal client request.
[2026-06-07 13:16:57] Accepted normal client request.
[2026-06-07 13:16:58] Accepted normal client request.
[2026-06-07 13:16:59] Accepted normal client request.
[2026-06-07 13:17:00] Accepted normal client request.
[2026-06-07 13:17:01] Accepted normal client request.
[2026-06-07 13:17:02] Accepted normal client request.
[2026-06-07 13:17:03] Accepted normal client request.
[2026-06-07 13:17:04] Accepted normal client request.
[2026-06-07 13:17:05] Accepted normal client request.
[2026-06-07 13:17:06] Accepted normal client request.
[2026-06-07 13:17:07] Accepted normal client request.
[2026-06-07 13:17:08] Accepted normal client request.
[2026-06-07 13:17:09] Accepted normal client request.
[2026-06-07 13:17:10] Accepted normal client request.
[2026-06-07 13:17:11] Accepted normal client request.
[2026-06-07 13:17:12] Accepted normal client request.
[2026-06-07 13:17:13] Accepted normal client request.
[2026-06-07 13:17:14] Accepted normal client request.
[2026-06-07 13:17:15] Accepted normal client request.
[2026-06-07 13:17:16] Accepted normal client request.
[2026-06-07 13:17:17] Accepted normal client request.
[2026-06-07 13:17:18] Accepted normal client request.
[2026-06-07 13:17:19] Accepted normal client request.
[2026-06-07 13:17:20] Accepted normal client request.
[2026-06-07 13:17:21] Accepted normal client request.
[2026-06-07 13:17:22] Accepted normal client request.
[2026-06-07 13:17:23] Accepted normal client request.
[2026-06-07 13:17:24] Accepted normal client request.
[2026-06-07 13:17:25] Accepted normal client request.
[2026-06-07 13:17:26] Accepted normal client request.
[2026-06-07 13:17:27] Accepted normal client request.
[2026-06-07 13:17:28] Accepted normal client request.
[2026-06-07 13:17:29] Accepted normal client request.
[2026-06-07 13:17:30] Accepted normal client request.
[2026-06-07 13:17:31] Accepted normal client request.
[2026-06-07 13:17:32] Accepted normal client request.
[2026-06-07 13:17:33] Accepted normal client request.
[2026-06-07 13:17:34] Accepted normal client request.
[2026-06-07 13:17:35] Accepted normal client request.
[2026-06-07 13:17:36] Accepted normal client request.
[2026-06-07 13:17:37] Accepted normal client request.
[2026-06-07 13:17:38] Accepted normal client request.
[2026-06-07 13:17:39] Accepted normal client request.
[2026-06-07 13:17:40] Accepted normal client request.
[2026-06-07 13:17:41] Accepted normal client request.
[2026-06-07 13:17:42] Accepted normal client request.
[2026-06-07 13:17:43] Accepted normal client request.
[2026-06-07 13:17:44] Accepted normal client request.
[2026-06-07 13:17:45] Accepted normal client request.
[2026-06-07 13:17:46] Accepted normal client request.
[2026-06-07 13:17:47] Accepted normal client request.
[2026-06-07 13:17:48] Accepted normal client request.
[2026-06-07 13:17:49] Accepted normal client request.
[2026-06-07 13:17:50] Accepted normal client request.
[2026-06-07 13:17:51] Accepted normal client request.
[2026-06-07 13:17:52] Accepted normal client request.
[2026-06-07 13:17:53] Accepted normal client request.
[2026-06-07 13:17:54] Accepted normal client request.
[2026-06-07 13:17:55] Accepted normal client request.
[2026-06-07 13:17:56] Accepted normal client request.
[2026-06-07 13:17:57] Accepted normal client request.
[2026-06-07 13:17:58] Accepted normal client request.
[2026-06-07 13:17:59] Accepted normal client request.
[2026-06-07 13:18:00] Accepted normal client request.
[2026-06-07 13:18:01] Accepted normal client request.
[2026-06-07 13:18:02] Accepted normal client request.
[2026-06-07 13:18:03] Accepted normal client request.
[2026-06-07 13:18:04] Accepted normal client request.
[2026-06-07 13:18:05] Accepted normal client request.
[2026-06-07 13:18:06] Accepted normal client request.
[2026-06-07 13:18:07] Accepted normal client request.
[2026-06-07 13:18:08] Accepted normal client request.
[2026-06-07 13:18:09] Accepted normal client request.
[2026-06-07 13:18:10] Accepted normal client request.
[2026-06-07 13:18:11] Accepted normal client request.
[2026-06-07 13:18:12] Accepted normal client request.
[2026-06-07 13:18:13] Accepted normal client request.
[2026-06-07 13:18:14] Accepted normal client request.
[2026-06-07 13:18:15] Accepted normal client request.
[2026-06-07 13:18:16] Accepted normal client request.
[2026-06-07 13:18:17] Accepted normal client request.
[2026-06-07 13:18:18] Accepted normal client request.
[2026-06-07 13:18:19] Accepted normal client request.
[2026-06-07 13:18:20] Accepted normal client request.
[2026-06-07 13:18:21] Accepted normal client request.
[2026-06-07 13:18:22] Accepted normal client request.
[2026-06-07 13:18:23] Accepted normal client request.
[2026-06-07 13:18:24] Accepted normal client request.
[2026-06-07 13:18:25] Accepted normal client request.
[2026-06-07 13:18:26] Accepted normal client request.
[2026-06-07 13:18:27] Accepted normal client request.
[2026-06-07 13:18:28] Accepted normal client request.
[2026-06-07 13:18:29] Accepted normal client request.
[2026-06-07 13:18:30] Accepted normal client request.
[2026-06-07 13:18:31] Accepted normal client request.
[2026-06-07 13:18:32] Accepted normal client request.
[2026-06-07 13:18:33] Accepted normal client request.
[2026-06-07 13:18:34] Accepted normal client request.
[2026-06-07 13:18:35] Accepted normal client request.
[2026-06-07 13:18:36] Accepted normal client request.
[2026-06-07 13:18:37] Accepted normal client request.
[2026-06-07 13:18:38] Accepted normal client request.
[2026-06-07 13:18:39] Accepted normal client request.
[2026-06-07 13:18:40] Accepted normal client request.
[2026-06-07 13:18:41] Accepted normal client request.
[2026-06-07 13:18:42] Accepted normal client request.
[2026-06-07 13:18:43] Accepted normal client request.
[2026-06-07 13:18:44] Accepted normal client request.
[2026-06-07 13:18:45] Accepted normal client request.
[2026-06-07 13:18:46] Accepted normal client request.
[2026-06-07 13:18:47] Accepted normal client request.
[2026-06-07 13:18:48] Accepted normal client request.
[2026-06-07 13:18:49] Accepted normal client request.
[2026-06-07 13:18:50] Accepted normal client request.
[2026-06-07 13:18:51] Accepted normal client request.
[2026-06-07 13:18:52] Accepted normal client request.
[2026-06-07 13:18:53] Accepted normal client request.
[2026-06-07 13:18:54] Accepted normal client request.
[2026-06-07 13:18:55] Accepted normal client request.
[2026-06-07 13:18:56] Accepted normal client request.
[2026-06-07 13:18:57] Accepted normal client request.
[2026-06-07 13:18:58] Accepted normal client request.
[2026-06-07 13:18:59] Accepted normal client request.
[2026-06-07 13:19:00] Accepted normal client request.
[2026-06-07 13:19:01] Accepted normal client request.
[2026-06-07 13:19:02] Accepted normal client request.
[2026-06-07 13:19:03] Accepted normal client request.
[2026-06-07 13:19:04] Accepted normal client request.
[2026-06-07 13:19:05] Accepted normal client request.
[2026-06-07 13:19:06] Accepted normal client request.
[2026-06-07 13:19:07] Accepted normal client request.
[2026-06-07 13:19:08] Accepted normal client request.
[2026-06-07 13:19:09] Accepted normal client request.
[2026-06-07 13:19:10] Accepted normal client request.
[2026-06-07 13:19:11] Accepted normal client request.
[2026-06-07 13:19:12] Accepted normal client request.
[2026-06-07 13:19:13] Accepted normal client request.
[2026-06-07 13:19:14] Accepted normal client request.
[2026-06-07 13:19:15] Accepted normal client request.
[2026-06-07 13:19:16] Accepted normal client request.
[2026-06-07 13:19:17] Accepted normal client request.
[2026-06-07 13:19:18] Accepted normal client request.
[2026-06-07 13:19:19] Accepted normal client request.
[2026-06-07 13:19:20] Accepted normal client request.
[2026-06-07 13:19:21] Accepted normal client request.
[2026-06-07 13:19:22] Accepted normal client request.
[2026-06-07 13:19:23] Accepted normal client request.
[2026-06-07 13:19:24] Accepted normal client request.
[2026-06-07 13:19:25] Accepted normal client request.
[2026-06-07 13:19:26] Accepted normal client request.
[2026-06-07 13:19:27] Accepted normal client request.
[2026-06-07 13:19:28] Accepted normal client request.
[2026-06-07 13:19:29] Accepted normal client request.
[2026-06-07 13:19:30] Accepted normal client request.
[2026-06-07 13:19:31] Accepted normal client request.
[2026-06-07 13:19:32] Accepted normal client request.
[2026-06-07 13:19:33] Accepted normal client request.
[2026-06-07 13:19:34] Accepted normal client request.
[2026-06-07 13:19:36] Accepted normal client request.
[2026-06-07 13:19:37] Accepted normal client request.
[2026-06-07 13:19:38] Accepted normal client request.
[2026-06-07 13:19:39] Accepted normal client request.
[2026-06-07 13:19:40] Accepted normal client request.
[2026-06-07 13:19:41] Accepted normal client request.
[2026-06-07 13:19:42] Accepted normal client request.
[2026-06-07 13:19:43] Accepted normal client request.
[2026-06-07 13:19:44] Accepted normal client request.
[2026-06-07 13:19:45] Accepted normal client request.
[2026-06-07 13:19:46] Accepted normal client request.
[2026-06-07 13:19:47] Accepted normal client request.
[2026-06-07 13:19:48] Accepted normal client request.
[2026-06-07 13:19:49] Accepted normal client request.
[2026-06-07 13:19:50] Accepted normal client request.
[2026-06-07 13:19:51] Accepted normal client request.
[2026-06-07 13:19:52] Accepted normal client request.
[2026-06-07 13:19:53] Accepted normal client request.
[2026-06-07 13:19:54] Accepted normal client request.
[2026-06-07 13:19:55] Accepted normal client request.
[2026-06-07 13:19:56] Accepted normal client request.
[2026-06-07 13:19:57] Accepted normal client request.
[2026-06-07 13:19:58] Accepted normal client request.
[2026-06-07 13:19:59] Accepted normal client request.
[2026-06-07 13:20:00] Accepted normal client request.
[2026-06-07 13:20:01] Accepted normal client request.
[2026-06-07 13:20:02] Accepted normal client request.
[2026-06-07 13:20:03] Accepted normal client request.
[2026-06-07 13:20:04] Accepted normal client request.
[2026-06-07 13:20:05] Accepted normal client request.
[2026-06-07 13:20:06] Accepted normal client request.
[2026-06-07 13:20:07] Accepted normal client request.
[2026-06-07 13:20:08] Accepted normal client request.
[2026-06-07 13:20:09] Accepted normal client request.
[2026-06-07 13:20:10] Accepted normal client request.
[2026-06-07 13:20:11] Accepted normal client request.
[2026-06-07 13:20:12] Accepted normal client request.
[2026-06-07 13:20:13] Accepted normal client request.
[2026-06-07 13:20:14] Accepted normal client request.
[2026-06-07 13:20:15] Accepted normal client request.
[2026-06-07 13:20:16] Accepted normal client request.
[2026-06-07 13:20:17] Accepted normal client request.
[2026-06-07 13:20:18] Accepted normal client request.
[2026-06-07 13:20:19] Accepted normal client request.
[2026-06-07 13:20:20] Accepted normal client request.
[2026-06-07 13:20:21] Accepted normal client request.
[2026-06-07 13:20:22] Accepted normal client request.
[2026-06-07 13:20:23] Accepted normal client request.
[2026-06-07 13:20:24] Accepted normal client request.
[2026-06-07 13:20:25] Accepted normal client request.
[2026-06-07 13:20:26] Accepted normal client request.
[2026-06-07 13:20:27] Accepted normal client request.
[2026-06-07 13:20:28] Accepted normal client request.
[2026-06-07 13:20:29] Accepted normal client request.
[2026-06-07 13:20:30] Accepted normal client request.
[2026-06-07 13:20:31] Accepted normal client request.
[2026-06-07 13:20:32] Accepted normal client request.
[2026-06-07 13:20:33] Accepted normal client request.
[2026-06-07 13:20:34] Accepted normal client request.
[2026-06-07 13:20:35] Accepted normal client request.
[2026-06-07 13:20:36] Accepted normal client request.
[2026-06-07 13:20:37] Accepted normal client request.
[2026-06-07 13:20:38] Accepted normal client request.
[2026-06-07 13:20:39] Accepted normal client request.
[2026-06-07 13:20:40] Accepted normal client request.
[2026-06-07 13:20:41] Accepted normal client request.
[2026-06-07 13:20:42] Accepted normal client request.
[2026-06-07 13:20:43] Accepted normal client request.
[2026-06-07 13:20:44] Accepted normal client request.
[2026-06-07 13:20:45] Accepted normal client request.
[2026-06-07 13:20:46] Accepted normal client request.
[2026-06-07 13:20:47] Accepted normal client request.
[2026-06-07 13:20:48] Accepted normal client request.
[2026-06-07 13:20:49] Accepted normal client request.
[2026-06-07 13:20:50] Accepted normal client request.
[2026-06-07 13:20:51] Accepted normal client request.
[2026-06-07 13:20:52] Accepted normal client request.
[2026-06-07 13:20:53] Accepted normal client request.
[2026-06-07 13:20:54] Accepted normal client request.
[2026-06-07 13:20:55] Accepted normal client request.
[2026-06-07 13:20:56] Accepted normal client request.
[2026-06-07 13:20:57] Accepted normal client request.
[2026-06-07 13:20:58] Accepted normal client request.
[2026-06-07 13:20:59] Accepted normal client request.
[2026-06-07 13:21:00] Accepted normal client request.
[2026-06-07 13:21:01] Accepted normal client request.
[2026-06-07 13:21:02] Accepted normal client request.
[2026-06-07 13:21:03] Accepted normal client request.
[2026-06-07 13:21:04] Accepted normal client request.
[2026-06-07 13:21:05] Accepted normal client request.
[2026-06-07 13:21:06] Accepted normal client request.
[2026-06-07 13:21:07] Accepted normal client request.
[2026-06-07 13:21:08] Accepted normal client request.
[2026-06-07 13:21:09] Accepted normal client request.
[2026-06-07 13:21:10] Accepted normal client request.
[2026-06-07 13:21:11] Accepted normal client request.
[2026-06-07 13:21:12] Accepted normal client request.
[2026-06-07 13:21:13] Accepted normal client request.
[2026-06-07 13:21:14] Accepted normal client request.
[2026-06-07 13:21:15] Accepted normal client request.
[2026-06-07 13:21:16] Accepted normal client request.
[2026-06-07 13:21:17] Accepted normal client request.
[2026-06-07 13:21:18] Accepted normal client request.
[2026-06-07 13:21:19] Accepted normal client request.
[2026-06-07 13:21:20] Accepted normal client request.
[2026-06-07 13:21:21] Accepted normal client request.
[2026-06-07 13:21:22] Accepted normal client request.
[2026-06-07 13:21:23] Accepted normal client request.
[2026-06-07 13:21:24] Accepted normal client request.
[2026-06-07 13:21:25] Accepted normal client request.
[2026-06-07 13:21:26] Accepted normal client request.
[2026-06-07 13:21:27] Accepted normal client request.
[2026-06-07 13:21:28] Accepted normal client request.
[2026-06-07 13:21:29] Accepted normal client request.
[2026-06-07 13:21:30] Accepted normal client request.
[2026-06-07 13:21:31] Accepted normal client request.
[2026-06-07 13:21:32] Accepted normal client request.
[2026-06-07 13:21:33] Accepted normal client request.
[2026-06-07 13:21:34] Accepted normal client request.
[2026-06-07 13:21:35] Accepted normal client request.
[2026-06-07 13:21:36] Accepted normal client request.
[2026-06-07 13:21:37] Accepted normal client request.
[2026-06-07 13:21:38] Accepted normal client request.
[2026-06-07 13:21:39] Accepted normal client request.
[2026-06-07 13:21:40] Accepted normal client request.
[2026-06-07 13:21:41] Accepted normal client request.
[2026-06-07 13:21:42] Accepted normal client request.
[2026-06-07 13:21:43] Accepted normal client request.
[2026-06-07 13:21:44] Accepted normal client request.
[2026-06-07 13:21:45] Accepted normal client request.
[2026-06-07 13:21:46] Accepted normal client request.
[2026-06-07 13:21:47] Accepted normal client request.
[2026-06-07 13:21:48] Accepted normal client request.
[2026-06-07 13:21:49] Accepted normal client request.
[2026-06-07 13:21:50] Accepted normal client request.
[2026-06-07 13:21:51] Accepted normal client request.
[2026-06-07 13:21:52] Accepted normal client request.
[2026-06-07 13:21:53] Accepted normal client request.
[2026-06-07 13:21:54] Accepted normal client request.
[2026-06-07 13:21:55] Accepted normal client request.
[2026-06-07 13:21:56] Accepted normal client request.
[2026-06-07 13:21:57] Accepted normal client request.
[2026-06-07 13:21:58] Accepted normal client request.
[2026-06-07 13:21:59] Accepted normal client request.
[2026-06-07 13:22:00] Accepted normal client request.
[2026-06-07 13:22:01] Accepted normal client request.
[2026-06-07 13:22:02] Accepted normal client request.
[2026-06-07 13:22:03] Accepted normal client request.
[2026-06-07 13:22:04] Accepted normal client request.
[2026-06-07 13:22:05] Accepted normal client request.
[2026-06-07 13:22:06] Accepted normal client request.
[2026-06-07 13:22:07] Accepted normal client request.
[2026-06-07 13:22:08] Accepted normal client request.
[2026-06-07 13:22:09] Accepted normal client request.
[2026-06-07 13:22:10] Accepted normal client request.
[2026-06-07 13:22:11] Accepted normal client request.
[2026-06-07 13:22:12] Accepted normal client request.
[2026-06-07 13:22:13] Accepted normal client request.
[2026-06-07 13:22:14] Accepted normal client request.
[2026-06-07 13:22:15] Accepted normal client request.
[2026-06-07 13:22:16] Accepted normal client request.
[2026-06-07 13:22:17] Accepted normal client request.
[2026-06-07 13:22:18] Accepted normal client request.
[2026-06-07 13:22:19] Accepted normal client request.
[2026-06-07 13:22:20] Accepted normal client request.
[2026-06-07 13:22:21] Accepted normal client request.
[2026-06-07 13:22:22] Accepted normal client request.
[2026-06-07 13:22:23] Accepted normal client request.
[2026-06-07 13:22:24] Accepted normal client request.
[2026-06-07 13:22:25] Accepted normal client request.
[2026-06-07 13:22:26] Accepted normal client request.
[2026-06-07 13:22:27] Accepted normal client request.
[2026-06-07 13:22:28] Accepted normal client request.
[2026-06-07 13:22:29] Accepted normal client request.
[2026-06-07 13:22:30] Accepted normal client request.
[2026-06-07 13:22:31] Accepted normal client request.
[2026-06-07 13:22:32] Accepted normal client request.
[2026-06-07 13:22:33] Accepted normal client request.
[2026-06-07 13:22:34] Accepted normal client request.
[2026-06-07 13:22:35] Accepted normal client request.
[2026-06-07 13:22:36] Accepted normal client request.
[2026-06-07 13:22:37] Accepted normal client request.
[2026-06-07 13:22:38] Accepted normal client request.
[2026-06-07 13:22:39] Accepted normal client request.
[2026-06-07 13:22:40] Accepted normal client request.
[2026-06-07 13:22:41] Accepted normal client request.
[2026-06-07 13:22:42] Accepted normal client request.
[2026-06-07 13:22:43] Accepted normal client request.
[2026-06-07 13:22:44] Accepted normal client request.
[2026-06-07 13:22:45] Accepted normal client request.
[2026-06-07 13:22:46] Accepted normal client request.
[2026-06-07 13:22:47] Accepted normal client request.
[2026-06-07 13:22:48] Accepted normal client request.
[2026-06-07 13:22:49] Accepted normal client request.
[2026-06-07 13:22:50] Accepted normal client request.
[2026-06-07 13:22:51] Accepted normal client request.
[2026-06-07 13:22:52] Accepted normal client request.
[2026-06-07 13:22:53] Accepted normal client request.
[2026-06-07 13:22:54] Accepted normal client request.
[2026-06-07 13:22:55] Accepted normal client request.
[2026-06-07 13:22:56] Accepted normal client request.
[2026-06-07 13:22:57] Accepted normal client request.
[2026-06-07 13:22:58] Accepted normal client request.
[2026-06-07 13:22:59] Accepted normal client request.
[2026-06-07 13:23:00] Accepted normal client request.
[2026-06-07 13:23:01] Accepted normal client request.
[2026-06-07 13:23:02] Accepted normal client request.
[2026-06-07 13:23:03] Accepted normal client request.
[2026-06-07 13:23:04] Accepted normal client request.
[2026-06-07 13:23:05] Accepted normal client request.
[2026-06-07 13:23:06] Accepted normal client request.
[2026-06-07 13:23:07] Accepted normal client request.
[2026-06-07 13:23:08] Accepted normal client request.
[2026-06-07 13:23:09] Accepted normal client request.
[2026-06-07 13:23:10] Accepted normal client request.
[2026-06-07 13:23:11] Accepted normal client request.
[2026-06-07 13:23:12] Accepted normal client request.
[2026-06-07 13:23:13] Accepted normal client request.
[2026-06-07 13:23:14] Accepted normal client request.
[2026-06-07 13:23:15] Accepted normal client request.
[2026-06-07 13:23:16] Accepted normal client request.
[2026-06-07 13:23:17] Accepted normal client request.
[2026-06-07 13:23:18] Accepted normal client request.
[2026-06-07 13:23:19] Accepted normal client request.
[2026-06-07 13:23:20] Accepted normal client request.
[2026-06-07 13:23:21] Accepted normal client request.
[2026-06-07 13:23:22] Accepted normal client request.
[2026-06-07 13:23:23] Accepted normal client request.
[2026-06-07 13:23:24] Accepted normal client request.
[2026-06-07 13:23:25] Accepted normal client request.
[2026-06-07 13:23:26] Accepted normal client request.
[2026-06-07 13:23:27] Accepted normal client request.
[2026-06-07 13:23:28] Accepted normal client request.
[2026-06-07 13:23:29] Accepted normal client request.
[2026-06-07 13:23:30] Accepted normal client request.
[2026-06-07 13:23:31] Accepted normal client request.
[2026-06-07 13:23:32] Accepted normal client request.
[2026-06-07 13:23:33] Accepted normal client request.
[2026-06-07 13:23:34] Accepted normal client request.
[2026-06-07 13:23:35] Accepted normal client request.
[2026-06-07 13:23:36] Accepted normal client request.
[2026-06-07 13:23:37] Accepted normal client request.
[2026-06-07 13:23:38] Accepted normal client request.
[2026-06-07 13:23:39] Accepted normal client request.
[2026-06-07 13:23:40] Accepted normal client request.
[2026-06-07 13:23:41] Accepted normal client request.
[2026-06-07 13:23:42] Accepted normal client request.
[2026-06-07 13:23:43] Accepted normal client request.
[2026-06-07 13:23:44] Accepted normal client request.
[2026-06-07 13:23:46] Accepted normal client request.
[2026-06-07 13:23:47] Accepted normal client request.
[2026-06-07 13:23:48] Accepted normal client request.
[2026-06-07 13:23:49] Accepted normal client request.
[2026-06-07 13:23:50] Accepted normal client request.
[2026-06-07 13:23:51] Accepted normal client request.
[2026-06-07 13:23:52] Accepted normal client request.
[2026-06-07 13:23:53] Accepted normal client request.
[2026-06-07 13:23:54] Accepted normal client request.
[2026-06-07 13:23:55] Accepted normal client request.
[2026-06-07 13:23:56] Accepted normal client request.
[2026-06-07 13:23:57] Accepted normal client request.
[2026-06-07 13:23:58] Accepted normal client request.
[2026-06-07 13:23:59] Accepted normal client request.
[2026-06-07 13:24:00] Accepted normal client request.
[2026-06-07 13:24:01] Accepted normal client request.
[2026-06-07 13:24:02] Accepted normal client request.
[2026-06-07 13:24:03] Accepted normal client request.
[2026-06-07 13:24:04] Accepted normal client request.
[2026-06-07 13:24:05] Accepted normal client request.
[2026-06-07 13:24:06] Accepted normal client request.
[2026-06-07 13:24:07] Accepted normal client request.
[2026-06-07 13:24:08] Accepted normal client request.
[2026-06-07 13:24:09] Accepted normal client request.
[2026-06-07 13:24:10] Accepted normal client request.
[2026-06-07 13:24:11] Accepted normal client request.
[2026-06-07 13:24:12] Accepted normal client request.
[2026-06-07 13:24:13] Accepted normal client request.
[2026-06-07 13:24:14] Accepted normal client request.
[2026-06-07 13:24:15] Accepted normal client request.
[2026-06-07 13:24:16] Accepted normal client request.
[2026-06-07 13:24:17] Accepted normal client request.
[2026-06-07 13:24:18] Accepted normal client request.
[2026-06-07 13:24:19] Accepted normal client request.
[2026-06-07 13:24:20] Accepted normal client request.
[2026-06-07 13:24:21] Accepted normal client request.
[2026-06-07 13:24:22] Accepted normal client request.
[2026-06-07 13:24:23] Accepted normal client request.
[2026-06-07 13:24:24] Accepted normal client request.
[2026-06-07 13:24:25] Accepted normal client request.
[2026-06-07 13:24:26] Accepted normal client request.
[2026-06-07 13:24:27] Accepted normal client request.
[2026-06-07 13:24:28] Accepted normal client request.
[2026-06-07 13:24:29] Accepted normal client request.
[2026-06-07 13:24:30] Accepted normal client request.
[2026-06-07 13:24:31] Accepted normal client request.
[2026-06-07 13:24:32] Accepted normal client request.
[2026-06-07 13:24:33] Accepted normal client request.
[2026-06-07 13:24:34] Accepted normal client request.
[2026-06-07 13:24:35] Accepted normal client request.
[2026-06-07 13:24:36] Accepted normal client request.
[2026-06-07 13:24:37] Accepted normal client request.
[2026-06-07 13:24:38] Accepted normal client request.
[2026-06-07 13:24:39] Accepted normal client request.
[2026-06-07 13:24:40] Accepted normal client request.
[2026-06-07 13:24:41] Accepted normal client request.
[2026-06-07 13:24:42] Accepted normal client request.
[2026-06-07 13:24:43] Accepted normal client request.
[2026-06-07 13:24:44] Accepted normal client request.
[2026-06-07 13:24:45] Accepted normal client request.
[2026-06-07 13:24:46] Accepted normal client request.
[2026-06-07 13:24:47] Accepted normal client request.
[2026-06-07 13:24:48] Accepted normal client request.
[2026-06-07 13:24:49] Accepted normal client request.
[2026-06-07 13:24:50] Accepted normal client request.
[2026-06-07 13:24:51] Accepted normal client request.
[2026-06-07 13:24:52] Accepted normal client request.
[2026-06-07 13:24:53] Accepted normal client request.
[2026-06-07 13:24:54] Accepted normal client request.
[2026-06-07 13:24:55] Accepted normal client request.
[2026-06-07 13:24:56] Accepted normal client request.
[2026-06-07 13:24:57] Accepted normal client request.
[2026-06-07 13:24:58] Accepted normal client request.
[2026-06-07 13:24:59] Accepted normal client request.
[2026-06-07 13:25:00] Accepted normal client request.
[2026-06-07 13:25:01] Accepted normal client request.
[2026-06-07 13:25:02] Accepted normal client request.
[2026-06-07 13:25:03] Accepted normal client request.
[2026-06-07 13:25:04] Accepted normal client request.
[2026-06-07 13:25:05] Accepted normal client request.
[2026-06-07 13:25:06] Accepted normal client request.
[2026-06-07 13:25:07] Accepted normal client request.
[2026-06-07 13:25:08] Accepted normal client request.
[2026-06-07 13:25:09] Accepted normal client request.
[2026-06-07 13:25:10] Accepted normal client request.
[2026-06-07 13:25:11] Accepted normal client request.
[2026-06-07 13:25:12] Accepted normal client request.
[2026-06-07 13:25:13] Accepted normal client request.
[2026-06-07 13:25:14] Accepted normal client request.
[2026-06-07 13:25:15] Accepted normal client request.
[2026-06-07 13:25:16] Accepted normal client request.
[2026-06-07 13:25:17] Accepted normal client request.
[2026-06-07 13:25:18] Accepted normal client request.
[2026-06-07 13:25:19] Accepted normal client request.
[2026-06-07 13:25:20] Accepted normal client request.
[2026-06-07 13:25:21] Accepted normal client request.
[2026-06-07 13:25:22] Accepted normal client request.
[2026-06-07 13:25:23] Accepted normal client request.
[2026-06-07 13:25:24] Accepted normal client request.
[2026-06-07 13:25:25] Accepted normal client request.
[2026-06-07 13:25:26] Accepted normal client request.
[2026-06-07 13:25:27] Accepted normal client request.
[2026-06-07 13:25:28] Accepted normal client request.
[2026-06-07 13:25:29] Accepted normal client request.
[2026-06-07 13:25:30] Accepted normal client request.
[2026-06-07 13:25:31] Accepted normal client request.
[2026-06-07 13:25:32] Accepted normal client request.
[2026-06-07 13:25:33] Accepted normal client request.
[2026-06-07 13:25:34] Accepted normal client request.
[2026-06-07 13:25:35] Accepted normal client request.
[2026-06-07 13:25:36] Accepted normal client request.
[2026-06-07 13:25:37] Accepted normal client request.
[2026-06-07 13:25:38] Accepted normal client request.
[2026-06-07 13:25:39] Accepted normal client request.
[2026-06-07 13:25:40] Accepted normal client request.
[2026-06-07 13:25:41] Accepted normal client request.
[2026-06-07 13:25:42] Accepted normal client request.
[2026-06-07 13:25:43] Accepted normal client request.
[2026-06-07 13:25:44] Accepted normal client request.
[2026-06-07 13:25:45] Accepted normal client request.
[2026-06-07 13:25:46] Accepted normal client request.
[2026-06-07 13:25:47] Accepted normal client request.
[2026-06-07 13:25:48] Accepted normal client request.
[2026-06-07 13:25:49] Accepted normal client request.
[2026-06-07 13:25:50] Accepted normal client request.
[2026-06-07 13:25:51] Accepted normal client request.
[2026-06-07 13:25:52] Accepted normal client request.
[2026-06-07 13:25:53] Accepted normal client request.
[2026-06-07 13:25:54] Accepted normal client request.
[2026-06-07 13:25:55] Accepted normal client request.
[2026-06-07 13:25:56] Accepted normal client request.
[2026-06-07 13:25:57] Accepted normal client request.
[2026-06-07 13:25:58] Accepted normal client request.
[2026-06-07 13:25:59] Accepted normal client request.
[2026-06-07 13:26:00] Accepted normal client request.
[2026-06-07 13:26:01] Accepted normal client request.
[2026-06-07 13:26:02] Accepted normal client request.
[2026-06-07 13:26:03] Accepted normal client request.
[2026-06-07 13:26:04] Accepted normal client request.
[2026-06-07 13:26:05] Accepted normal client request.
[2026-06-07 13:26:06] Accepted normal client request.
[2026-06-07 13:26:07] Accepted normal client request.
[2026-06-07 13:26:08] Accepted normal client request.
[2026-06-07 13:26:09] Accepted normal client request.
[2026-06-07 13:26:10] Accepted normal client request.
[2026-06-07 13:26:11] Accepted normal client request.
[2026-06-07 13:26:12] Accepted normal client request.
[2026-06-07 13:26:13] Accepted normal client request.
[2026-06-07 13:26:14] Accepted normal client request.
[2026-06-07 13:26:15] Accepted normal client request.
[2026-06-07 13:26:16] Accepted normal client request.
[2026-06-07 13:26:17] Accepted normal client request.
[2026-06-07 13:26:18] Accepted normal client request.
[2026-06-07 13:26:19] Accepted normal client request.
[2026-06-07 13:26:20] Accepted normal client request.
[2026-06-07 13:26:21] Accepted normal client request.
[2026-06-07 13:26:22] Accepted normal client request.
[2026-06-07 13:26:23] Accepted normal client request.
[2026-06-07 13:26:24] Accepted normal client request.
[2026-06-07 13:26:25] Accepted normal client request.
[2026-06-07 13:26:26] Accepted normal client request.
[2026-06-07 13:26:27] Accepted normal client request.
[2026-06-07 13:26:28] Accepted normal client request.
[2026-06-07 13:26:29] Accepted normal client request.
[2026-06-07 13:26:30] Accepted normal client request.
[2026-06-07 13:26:31] Accepted normal client request.
[2026-06-07 13:26:32] Accepted normal client request.
[2026-06-07 13:26:33] Accepted normal client request.
[2026-06-07 13:26:34] Accepted normal client request.
[2026-06-07 13:26:35] Accepted normal client request.
[2026-06-07 13:26:36] Accepted normal client request.
[2026-06-07 13:26:37] Accepted normal client request.
[2026-06-07 13:26:38] Accepted normal client request.
[2026-06-07 13:26:39] Accepted normal client request.
[2026-06-07 13:26:40] Accepted normal client request.
[2026-06-07 13:26:41] Accepted normal client request.
[2026-06-07 13:26:42] Accepted normal client request.
[2026-06-07 13:26:43] Accepted normal client request.
[2026-06-07 13:26:44] Accepted normal client request.
[2026-06-07 13:26:45] Accepted normal client request.
[2026-06-07 13:26:46] Accepted normal client request.
[2026-06-07 13:26:47] Accepted normal client request.
[2026-06-07 13:26:48] Accepted normal client request.
[2026-06-07 13:26:49] Accepted normal client request.
[2026-06-07 13:26:50] Accepted normal client request.
[2026-06-07 13:26:51] Accepted normal client request.
[2026-06-07 13:26:52] Accepted normal client request.
[2026-06-07 13:26:53] Accepted normal client request.
[2026-06-07 13:26:54] Accepted normal client request.
[2026-06-07 13:26:55] Accepted normal client request.
[2026-06-07 13:26:56] Accepted normal client request.
[2026-06-07 13:26:57] Accepted normal client request.
[2026-06-07 13:26:58] Accepted normal client request.
[2026-06-07 13:26:59] Accepted normal client request.
[2026-06-07 13:27:00] Accepted normal client request.
[2026-06-07 13:27:01] Accepted normal client request.
[2026-06-07 13:27:02] Accepted normal client request.
[2026-06-07 13:27:03] Accepted normal client request.
[2026-06-07 13:27:04] Accepted normal client request.
[2026-06-07 13:27:05] Accepted normal client request.
[2026-06-07 13:27:06] Accepted normal client request.
[2026-06-07 13:27:07] Accepted normal client request.
[2026-06-07 13:27:08] Accepted normal client request.
[2026-06-07 13:27:09] Accepted normal client request.
[2026-06-07 13:27:10] Accepted normal client request.
[2026-06-07 13:27:11] Accepted normal client request.
[2026-06-07 13:27:12] Accepted normal client request.
[2026-06-07 13:27:13] Accepted normal client request.
[2026-06-07 13:27:14] Accepted normal client request.
[2026-06-07 13:27:15] Accepted normal client request.
[2026-06-07 13:27:16] Accepted normal client request.
[2026-06-07 13:27:17] Accepted normal client request.
[2026-06-07 13:27:18] Accepted normal client request.
[2026-06-07 13:27:19] Accepted normal client request.
[2026-06-07 13:27:20] Accepted normal client request.
[2026-06-07 13:27:21] Accepted normal client request.
[2026-06-07 13:27:22] Accepted normal client request.
[2026-06-07 13:27:23] Accepted normal client request.
[2026-06-07 13:27:24] Accepted normal client request.
[2026-06-07 13:27:25] Accepted normal client request.
[2026-06-07 13:27:26] Accepted normal client request.
[2026-06-07 13:27:27] Accepted normal client request.
[2026-06-07 13:27:28] Accepted normal client request.
[2026-06-07 13:27:29] Accepted normal client request.
[2026-06-07 13:27:30] Accepted normal client request.
[2026-06-07 13:27:31] Accepted normal client request.
[2026-06-07 13:27:32] Accepted normal client request.
[2026-06-07 13:27:33] Accepted normal client request.
[2026-06-07 13:27:34] Accepted normal client request.
[2026-06-07 13:27:35] Accepted normal client request.
[2026-06-07 13:27:36] Accepted normal client request.
[2026-06-07 13:27:37] Accepted normal client request.
[2026-06-07 13:27:38] Accepted normal client request.
[2026-06-07 13:27:39] Accepted normal client request.
[2026-06-07 13:27:40] Accepted normal client request.
[2026-06-07 13:27:41] Accepted normal client request.
[2026-06-07 13:27:42] Accepted normal client request.
[2026-06-07 13:27:43] Accepted normal client request.
[2026-06-07 13:27:44] Accepted normal client request.
[2026-06-07 13:27:45] Accepted normal client request.
[2026-06-07 13:27:46] Accepted normal client request.
[2026-06-07 13:27:47] Accepted normal client request.
[2026-06-07 13:27:48] Accepted normal client request.
[2026-06-07 13:27:49] Accepted normal client request.
[2026-06-07 13:27:50] Accepted normal client request.
[2026-06-07 13:27:51] Accepted normal client request.
[2026-06-07 13:27:52] Accepted normal client request.
[2026-06-07 13:27:53] Accepted normal client request.
[2026-06-07 13:27:54] Accepted normal client request.
[2026-06-07 13:27:55] Accepted normal client request.
[2026-06-07 13:27:56] Accepted normal client request.
[2026-06-07 13:27:58] Accepted normal client request.
[2026-06-07 13:27:59] Accepted normal client request.
[2026-06-07 13:28:00] Accepted normal client request.
[2026-06-07 13:28:01] Accepted normal client request.
[2026-06-07 13:28:02] Accepted normal client request.
[2026-06-07 13:28:03] Accepted normal client request.
[2026-06-07 13:28:04] Accepted normal client request.
[2026-06-07 13:28:05] Accepted normal client request.
[2026-06-07 13:28:06] Accepted normal client request.
[2026-06-07 13:28:07] Accepted normal client request.
[2026-06-07 13:28:08] Accepted normal client request.
[2026-06-07 13:28:09] Accepted normal client request.
[2026-06-07 13:28:10] Accepted normal client request.
[2026-06-07 13:28:11] Accepted normal client request.
[2026-06-07 13:28:12] Accepted normal client request.
[2026-06-07 13:28:13] Accepted normal client request.
[2026-06-07 13:28:14] Accepted normal client request.
[2026-06-07 13:28:15] Accepted normal client request.
[2026-06-07 13:28:16] Accepted normal client request.
[2026-06-07 13:28:17] Accepted normal client request.
[2026-06-07 13:28:18] Accepted normal client request.
[2026-06-07 13:28:19] Accepted normal client request.
[2026-06-07 13:28:20] Accepted normal client request.
[2026-06-07 13:28:21] Accepted normal client request.
[2026-06-07 13:28:22] Accepted normal client request.
[2026-06-07 13:28:23] Accepted normal client request.
[2026-06-07 13:28:24] Accepted normal client request.
[2026-06-07 13:28:25] Accepted normal client request.
[2026-06-07 13:28:26] Accepted normal client request.
[2026-06-07 13:28:27] Accepted normal client request.
[2026-06-07 13:28:28] Accepted normal client request.
[2026-06-07 13:28:29] Accepted normal client request.
[2026-06-07 13:28:30] Accepted normal client request.
[2026-06-07 13:28:31] Accepted normal client request.
[2026-06-07 13:28:32] Accepted normal client request.
[2026-06-07 13:28:33] Accepted normal client request.
[2026-06-07 13:28:34] Accepted normal client request.
[2026-06-07 13:28:35] Accepted normal client request.
[2026-06-07 13:28:36] Accepted normal client request.
[2026-06-07 13:28:37] Accepted normal client request.
[2026-06-07 13:28:38] Accepted normal client request.
[2026-06-07 13:28:39] Accepted normal client request.
[2026-06-07 13:28:40] Accepted normal client request.
[2026-06-07 13:28:41] Accepted normal client request.
[2026-06-07 13:28:42] Accepted normal client request.
[2026-06-07 13:28:43] Accepted normal client request.
[2026-06-07 13:28:44] Accepted normal client request.
[2026-06-07 13:28:45] Accepted normal client request.
[2026-06-07 13:28:46] Accepted normal client request.
[2026-06-07 13:28:47] Accepted normal client request.
[2026-06-07 13:28:48] Accepted normal client request.
[2026-06-07 13:28:49] Accepted normal client request.
[2026-06-07 13:28:50] Accepted normal client request.
[2026-06-07 13:28:51] Accepted normal client request.
[2026-06-07 13:28:52] Accepted normal client request.
[2026-06-07 13:28:53] Accepted normal client request.
[2026-06-07 13:28:54] Accepted normal client request.
[2026-06-07 13:28:55] Accepted normal client request.
[2026-06-07 13:28:56] Accepted normal client request.
[2026-06-07 13:28:57] Accepted normal client request.
[2026-06-07 13:28:58] Accepted normal client request.
[2026-06-07 13:28:59] Accepted normal client request.
[2026-06-07 13:29:00] Accepted normal client request.
[2026-06-07 13:29:01] Accepted normal client request.
[2026-06-07 13:29:02] Accepted normal client request.
[2026-06-07 13:29:03] Accepted normal client request.
[2026-06-07 13:29:04] Accepted normal client request.
[2026-06-07 13:29:05] Accepted normal client request.
[2026-06-07 13:29:06] Accepted normal client request.
[2026-06-07 13:29:07] Accepted normal client request.
[2026-06-07 13:29:08] Accepted normal client request.
[2026-06-07 13:29:09] Accepted normal client request.
[2026-06-07 13:29:10] Accepted normal client request.
[2026-06-07 13:29:11] Accepted normal client request.
[2026-06-07 13:29:12] Accepted normal client request.
[2026-06-07 13:29:13] Accepted normal client request.
[2026-06-07 13:29:14] Accepted normal client request.
[2026-06-07 13:29:15] Accepted normal client request.
[2026-06-07 13:29:16] Accepted normal client request.
[2026-06-07 13:29:17] Accepted normal client request.
[2026-06-07 13:29:18] Accepted normal client request.
[2026-06-07 13:29:19] Accepted normal client request.
[2026-06-07 13:29:20] Accepted normal client request.
[2026-06-07 13:29:21] Accepted normal client request.
[2026-06-07 13:29:22] Accepted normal client request.
[2026-06-07 13:29:23] Accepted normal client request.
[2026-06-07 13:29:24] Accepted normal client request.
[2026-06-07 13:29:25] Accepted normal client request.
[2026-06-07 13:29:26] Accepted normal client request.
[2026-06-07 13:29:27] Accepted normal client request.
[2026-06-07 13:29:28] Accepted normal client request.
[2026-06-07 13:29:29] Accepted normal client request.
[2026-06-07 13:29:30] Accepted normal client request.
[2026-06-07 13:29:31] Accepted normal client request.
[2026-06-07 13:29:32] Accepted normal client request.
[2026-06-07 13:29:33] Accepted normal client request.
[2026-06-07 13:29:34] Accepted normal client request.
[2026-06-07 13:29:35] Accepted normal client request.
[2026-06-07 13:29:36] Accepted normal client request.
[2026-06-07 13:29:37] Accepted normal client request.
[2026-06-07 13:29:38] Accepted normal client request.
[2026-06-07 13:29:39] Accepted normal client request.
[2026-06-07 13:29:40] Accepted normal client request.
[2026-06-07 13:29:41] Accepted normal client request.
[2026-06-07 13:29:42] Accepted normal client request.
[2026-06-07 13:29:43] Accepted normal client request.
[2026-06-07 13:29:44] Accepted normal client request.
[2026-06-07 13:29:45] Accepted normal client request.
[2026-06-07 13:29:46] Accepted normal client request.
[2026-06-07 13:29:47] Accepted normal client request.
[2026-06-07 13:29:48] Accepted normal client request.
[2026-06-07 13:29:49] Accepted normal client request.
[2026-06-07 13:29:50] Accepted normal client request.
[2026-06-07 13:29:51] Accepted normal client request.
[2026-06-07 13:29:52] Accepted normal client request.
[2026-06-07 13:29:53] Accepted normal client request.
[2026-06-07 13:29:54] Accepted normal client request.
[2026-06-07 13:29:55] Accepted normal client request.
[2026-06-07 13:29:56] Accepted normal client request.
[2026-06-07 13:29:57] Accepted normal client request.
[2026-06-07 13:29:58] Accepted normal client request.
[2026-06-07 13:29:59] Accepted normal client request.
[2026-06-07 13:30:00] Accepted normal client request.
[2026-06-07 13:30:01] Accepted normal client request.
[2026-06-07 13:30:02] Accepted normal client request.
[2026-06-07 13:30:03] Accepted normal client request.
[2026-06-07 13:30:04] Accepted normal client request.
[2026-06-07 13:30:05] Accepted normal client request.
[2026-06-07 13:30:06] Accepted normal client request.
[2026-06-07 13:30:07] Accepted normal client request.
[2026-06-07 13:30:08] Accepted normal client request.
[2026-06-07 13:30:09] Accepted normal client request.
[2026-06-07 13:30:10] Accepted normal client request.
[2026-06-07 13:30:11] Accepted normal client request.
[2026-06-07 13:30:12] Accepted normal client request.
[2026-06-07 13:30:13] Accepted normal client request.
[2026-06-07 13:30:14] Accepted normal client request.
[2026-06-07 13:30:15] Accepted normal client request.
[2026-06-07 13:30:16] Accepted normal client request.
[2026-06-07 13:30:17] Accepted normal client request.
[2026-06-07 13:30:18] Accepted normal client request.
[2026-06-07 13:30:19] Accepted normal client request.
[2026-06-07 13:30:20] Accepted normal client request.
[2026-06-07 13:30:21] Accepted normal client request.
[2026-06-07 13:30:22] Accepted normal client request.
[2026-06-07 13:30:23] Accepted normal client request.
[2026-06-07 13:30:24] Accepted normal client request.
[2026-06-07 13:30:25] Accepted normal client request.
[2026-06-07 13:30:26] Accepted normal client request.
[2026-06-07 13:30:27] Accepted normal client request.
[2026-06-07 13:30:28] Accepted normal client request.
[2026-06-07 13:30:29] Accepted normal client request.
[2026-06-07 13:30:30] Accepted normal client request.
[2026-06-07 13:30:31] Accepted normal client request.
[2026-06-07 13:30:32] Accepted normal client request.
[2026-06-07 13:30:33] Accepted normal client request.
[2026-06-07 13:30:34] Accepted normal client request.
[2026-06-07 13:30:35] Accepted normal client request.
[2026-06-07 13:30:36] Accepted normal client request.
[2026-06-07 13:30:37] Accepted normal client request.
[2026-06-07 13:30:38] Accepted normal client request.
[2026-06-07 13:30:39] Accepted normal client request.
[2026-06-07 13:30:40] Accepted normal client request.
[2026-06-07 13:30:41] Accepted normal client request.
[2026-06-07 13:30:42] Accepted normal client request.
[2026-06-07 13:30:43] Accepted normal client request.
[2026-06-07 13:30:44] Accepted normal client request.
[2026-06-07 13:30:45] Accepted normal client request.
[2026-06-07 13:30:46] Accepted normal client request.
[2026-06-07 13:30:47] Accepted normal client request.
[2026-06-07 13:30:48] Accepted normal client request.
[2026-06-07 13:30:49] Accepted normal client request.
[2026-06-07 13:30:50] Accepted normal client request.
[2026-06-07 13:30:51] Accepted normal client request.
[2026-06-07 13:30:52] Accepted normal client request.
[2026-06-07 13:30:53] Accepted normal client request.
[2026-06-07 13:30:54] Accepted normal client request.
[2026-06-07 13:30:55] Accepted normal client request.
[2026-06-07 13:30:56] Accepted normal client request.
[2026-06-07 13:30:57] Accepted normal client request.
[2026-06-07 13:30:58] Accepted normal client request.
[2026-06-07 13:30:59] Accepted normal client request.
[2026-06-07 13:31:00] Accepted normal client request.
[2026-06-07 13:31:01] Accepted normal client request.
[2026-06-07 13:31:02] Accepted normal client request.
[2026-06-07 13:31:03] Accepted normal client request.
[2026-06-07 13:31:04] Accepted normal client request.
[2026-06-07 13:31:05] Accepted normal client request.
[2026-06-07 13:31:06] Accepted normal client request.
[2026-06-07 13:31:07] Accepted normal client request.
[2026-06-07 13:31:08] Accepted normal client request.
[2026-06-07 13:31:09] Accepted normal client request.
[2026-06-07 13:31:10] Accepted normal client request.
[2026-06-07 13:31:11] Accepted normal client request.
[2026-06-07 13:31:12] Accepted normal client request.
[2026-06-07 13:31:13] Accepted normal client request.
[2026-06-07 13:31:14] Accepted normal client request.
[2026-06-07 13:31:15] Accepted normal client request.
[2026-06-07 13:31:16] Accepted normal client request.
[2026-06-07 13:31:17] Accepted normal client request.
[2026-06-07 13:31:18] Accepted normal client request.
[2026-06-07 13:31:19] Accepted normal client request.
[2026-06-07 13:31:20] Accepted normal client request.
[2026-06-07 13:31:21] Accepted normal client request.
[2026-06-07 13:31:22] Accepted normal client request.
[2026-06-07 13:31:23] Accepted normal client request.
[2026-06-07 13:31:24] Accepted normal client request.
[2026-06-07 13:31:25] Accepted normal client request.
[2026-06-07 13:31:26] Accepted normal client request.
[2026-06-07 13:31:27] Accepted normal client request.
[2026-06-07 13:31:28] Accepted normal client request.
[2026-06-07 13:31:30] Accepted normal client request.
[2026-06-07 13:31:31] Accepted normal client request.
[2026-06-07 13:31:32] Accepted normal client request.
[2026-06-07 13:31:33] Accepted normal client request.
[2026-06-07 13:31:34] Accepted normal client request.
[2026-06-07 13:31:35] Accepted normal client request.
[2026-06-07 13:31:36] Accepted normal client request.
[2026-06-07 13:31:37] Accepted normal client request.
[2026-06-07 13:31:38] Accepted normal client request.
[2026-06-07 13:31:39] Accepted normal client request.
[2026-06-07 13:31:40] Accepted normal client request.
[2026-06-07 13:31:41] Accepted normal client request.
[2026-06-07 13:31:42] Accepted normal client request.
[2026-06-07 13:31:43] Accepted normal client request.
[2026-06-07 13:31:44] Accepted normal client request.
[2026-06-07 13:31:45] Accepted normal client request.
[2026-06-07 13:31:46] Accepted normal client request.
[2026-06-07 13:31:47] Accepted normal client request.
[2026-06-07 13:31:48] Accepted normal client request.
[2026-06-07 13:31:49] Accepted normal client request.
[2026-06-07 13:31:50] Accepted normal client request.
[2026-06-07 13:31:51] Accepted normal client request.
[2026-06-07 13:31:52] Accepted normal client request.
[2026-06-07 13:31:53] Accepted normal client request.
[2026-06-07 13:31:54] Accepted normal client request.
[2026-06-07 13:31:55] Accepted normal client request.
[2026-06-07 13:31:56] Accepted normal client request.
[2026-06-07 13:31:57] Accepted normal client request.
[2026-06-07 13:31:58] Accepted normal client request.
[2026-06-07 13:31:59] Accepted normal client request.
[2026-06-07 13:32:00] Accepted normal client request.
[2026-06-07 13:32:01] Accepted normal client request.
[2026-06-07 13:32:02] Accepted normal client request.
[2026-06-07 13:32:03] Accepted normal client request.
[2026-06-07 13:32:04] Accepted normal client request.
[2026-06-07 13:32:05] Accepted normal client request.
[2026-06-07 13:32:06] Accepted normal client request.
[2026-06-07 13:32:07] Accepted normal client request.
[2026-06-07 13:32:08] Accepted normal client request.
[2026-06-07 13:32:09] Accepted normal client request.
[2026-06-07 13:32:10] Accepted normal client request.
[2026-06-07 13:32:11] Accepted normal client request.
[2026-06-07 13:32:12] Accepted normal client request.
[2026-06-07 13:32:13] Accepted normal client request.
[2026-06-07 13:32:14] Accepted normal client request.
[2026-06-07 13:32:15] Accepted normal client request.
[2026-06-07 13:32:16] Accepted normal client request.
[2026-06-07 13:32:17] Accepted normal client request.
[2026-06-07 13:32:18] Accepted normal client request.
[2026-06-07 13:32:19] Accepted normal client request.
[2026-06-07 13:32:20] Accepted normal client request.
[2026-06-07 13:32:21] Accepted normal client request.
[2026-06-07 13:32:22] Accepted normal client request.
[2026-06-07 13:32:23] Accepted normal client request.
[2026-06-07 13:32:24] Accepted normal client request.
[2026-06-07 13:32:25] Accepted normal client request.
[2026-06-07 13:32:26] Accepted normal client request.
[2026-06-07 13:32:27] Accepted normal client request.
[2026-06-07 13:32:28] Accepted normal client request.
[2026-06-07 13:32:29] Accepted normal client request.
[2026-06-07 13:32:31] Accepted normal client request.
[2026-06-07 13:32:32] Accepted normal client request.
[2026-06-07 13:32:33] Accepted normal client request.
[2026-06-07 13:32:34] Accepted normal client request.
[2026-06-07 13:32:35] Accepted normal client request.
[2026-06-07 13:32:36] Accepted normal client request.
[2026-06-07 13:32:37] Accepted normal client request.
[2026-06-07 13:32:38] Accepted normal client request.
[2026-06-07 13:32:39] Accepted normal client request.
[2026-06-07 13:32:40] Accepted normal client request.
[2026-06-07 13:32:41] Accepted normal client request.
[2026-06-07 13:32:42] Accepted normal client request.
[2026-06-07 13:32:43] Accepted normal client request.
[2026-06-07 13:32:44] Accepted normal client request.
[2026-06-07 13:32:45] Accepted normal client request.
[2026-06-07 13:32:46] Accepted normal client request.
[2026-06-07 13:32:47] Accepted normal client request.
[2026-06-07 13:32:48] Accepted normal client request.
[2026-06-07 13:32:49] Accepted normal client request.
[2026-06-07 13:32:50] Accepted normal client request.
[2026-06-07 13:32:51] Accepted normal client request.
[2026-06-07 13:32:52] Accepted normal client request.
[2026-06-07 13:32:53] Accepted normal client request.
[2026-06-07 13:32:54] Accepted normal client request.
[2026-06-07 13:32:55] Accepted normal client request.
[2026-06-07 13:32:56] Accepted normal client request.
[2026-06-07 13:32:57] Accepted normal client request.
[2026-06-07 13:32:58] Accepted normal client request.
[2026-06-07 13:32:59] Accepted normal client request.
[2026-06-07 13:33:00] Accepted normal client request.
[2026-06-07 13:33:01] Accepted normal client request.
[2026-06-07 13:33:02] Accepted normal client request.
[2026-06-07 13:33:03] Accepted normal client request.
[2026-06-07 13:33:04] Accepted normal client request.
[2026-06-07 13:33:05] Accepted normal client request.
[2026-06-07 13:33:06] Accepted normal client request.
[2026-06-07 13:33:07] Accepted normal client request.
[2026-06-07 13:33:08] Accepted normal client request.
[2026-06-07 13:33:09] Accepted normal client request.
[2026-06-07 13:33:10] Accepted normal client request.
[2026-06-07 13:33:11] Accepted normal client request.
[2026-06-07 13:33:12] Accepted normal client request.
[2026-06-07 13:33:13] Accepted normal client request.
[2026-06-07 13:33:14] Accepted normal client request.
[2026-06-07 13:33:15] Accepted normal client request.
[2026-06-07 13:33:16] Accepted normal client request.
[2026-06-07 13:33:17] Accepted normal client request.
[2026-06-07 13:33:18] Accepted normal client request.
[2026-06-07 13:33:19] Accepted normal client request.
[2026-06-07 13:33:20] Accepted normal client request.
[2026-06-07 13:33:21] Accepted normal client request.
[2026-06-07 13:33:22] Accepted normal client request.
[2026-06-07 13:33:23] Accepted normal client request.
[2026-06-07 13:33:24] Accepted normal client request.
[2026-06-07 13:33:25] Accepted normal client request.
[2026-06-07 13:33:26] Accepted normal client request.
[2026-06-07 13:33:27] Accepted normal client request.
[2026-06-07 13:33:28] Accepted normal client request.
[2026-06-07 13:33:29] Accepted normal client request.
[2026-06-07 13:33:31] Accepted normal client request.
[2026-06-07 13:33:32] Accepted normal client request.
[2026-06-07 13:33:33] Accepted normal client request.
[2026-06-07 13:33:34] Accepted normal client request.
[2026-06-07 13:33:35] Accepted normal client request.
[2026-06-07 13:33:36] Accepted normal client request.
[2026-06-07 13:33:37] Accepted normal client request.
[2026-06-07 13:33:38] Accepted normal client request.
[2026-06-07 13:33:39] Accepted normal client request.
[2026-06-07 13:33:40] Accepted normal client request.
[2026-06-07 13:33:41] Accepted normal client request.
[2026-06-07 13:33:42] Accepted normal client request.
[2026-06-07 13:33:43] Accepted normal client request.
[2026-06-07 13:33:44] Accepted normal client request.
[2026-06-07 13:33:45] Accepted normal client request.
[2026-06-07 13:33:46] Accepted normal client request.
[2026-06-07 13:33:47] Accepted normal client request.
[2026-06-07 13:33:48] Accepted normal client request.
[2026-06-07 13:33:49] Accepted normal client request.
[2026-06-07 13:33:50] Accepted normal client request.
[2026-06-07 13:33:51] Accepted normal client request.
[2026-06-07 13:33:52] Accepted normal client request.
[2026-06-07 13:33:53] Accepted normal client request.
[2026-06-07 13:33:54] Accepted normal client request.
[2026-06-07 13:33:55] Accepted normal client request.
[2026-06-07 13:33:56] Accepted normal client request.
[2026-06-07 13:33:57] Accepted normal client request.
[2026-06-07 13:33:58] Accepted normal client request.
[2026-06-07 13:33:59] Accepted normal client request.
[2026-06-07 13:34:00] Accepted normal client request.
[2026-06-07 13:34:01] Accepted normal client request.
[2026-06-07 13:34:02] Accepted normal client request.
[2026-06-07 13:34:03] Accepted normal client request.
[2026-06-07 13:34:04] Accepted normal client request.
[2026-06-07 13:34:05] Accepted normal client request.
[2026-06-07 13:34:06] Accepted normal client request.
[2026-06-07 13:34:07] Accepted normal client request.
[2026-06-07 13:34:08] Accepted normal client request.
[2026-06-07 13:34:09] Accepted normal client request.
[2026-06-07 13:34:10] Accepted normal client request.
[2026-06-07 13:34:11] Accepted normal client request.
[2026-06-07 13:34:12] Accepted normal client request.
[2026-06-07 13:34:13] Accepted normal client request.
[2026-06-07 13:34:14] Accepted normal client request.
[2026-06-07 13:34:15] Accepted normal client request.
[2026-06-07 13:34:16] Accepted normal client request.
[2026-06-07 13:34:17] Accepted normal client request.
[2026-06-07 13:34:18] Accepted normal client request.
[2026-06-07 13:34:19] Accepted normal client request.
[2026-06-07 13:34:20] Accepted normal client request.
[2026-06-07 13:34:21] Accepted normal client request.
[2026-06-07 13:34:22] Accepted normal client request.
[2026-06-07 13:34:23] Accepted normal client request.
[2026-06-07 13:34:24] Accepted normal client request.
[2026-06-07 13:34:25] Accepted normal client request.
[2026-06-07 13:34:26] Accepted normal client request.
[2026-06-07 13:34:27] Accepted normal client request.
[2026-06-07 13:34:28] Accepted normal client request.
[2026-06-07 13:34:29] Accepted normal client request.
[2026-06-07 13:34:31] Accepted normal client request.
[2026-06-07 13:34:32] Accepted normal client request.
[2026-06-07 13:34:33] Accepted normal client request.
[2026-06-07 13:34:34] Accepted normal client request.
[2026-06-07 13:34:35] Accepted normal client request.
[2026-06-07 13:34:36] Accepted normal client request.
[2026-06-07 13:34:37] Accepted normal client request.
[2026-06-07 13:34:38] Accepted normal client request.
[2026-06-07 13:34:39] Accepted normal client request.
[2026-06-07 13:34:40] Accepted normal client request.
[2026-06-07 13:34:41] Accepted normal client request.
[2026-06-07 13:34:42] Accepted normal client request.
[2026-06-07 13:34:43] Accepted normal client request.
[2026-06-07 13:34:44] Accepted normal client request.
[2026-06-07 13:34:45] Accepted normal client request.
[2026-06-07 13:34:46] Accepted normal client request.
[2026-06-07 13:34:47] Accepted normal client request.
[2026-06-07 13:34:48] Accepted normal client request.
[2026-06-07 13:34:49] Accepted normal client request.
[2026-06-07 13:34:50] Accepted normal client request.
[2026-06-07 13:34:51] Accepted normal client request.
[2026-06-07 13:34:52] Accepted normal client request.
[2026-06-07 13:34:53] Accepted normal client request.
[2026-06-07 13:34:54] Accepted normal client request.
[2026-06-07 13:34:55] Accepted normal client request.
[2026-06-07 13:34:56] Accepted normal client request.
[2026-06-07 13:34:57] Accepted normal client request.
[2026-06-07 13:34:58] Accepted normal client request.
[2026-06-07 13:34:59] Accepted normal client request.
[2026-06-07 13:35:00] Accepted normal client request.
[2026-06-07 13:35:01] Accepted normal client request.
[2026-06-07 13:35:02] Accepted normal client request.
[2026-06-07 13:35:03] Accepted normal client request.
[2026-06-07 13:35:04] Accepted normal client request.
[2026-06-07 13:35:05] Accepted normal client request.
[2026-06-07 13:35:06] Accepted normal client request.
[2026-06-07 13:35:07] Accepted normal client request.
[2026-06-07 13:35:08] Accepted normal client request.
[2026-06-07 13:35:09] Accepted normal client request.
[2026-06-07 13:35:10] Accepted normal client request.
[2026-06-07 13:35:11] Accepted normal client request.
[2026-06-07 13:35:12] Accepted normal client request.
[2026-06-07 13:35:13] Accepted normal client request.
[2026-06-07 13:35:14] Accepted normal client request.
[2026-06-07 13:35:15] Accepted normal client request.
[2026-06-07 13:35:16] Accepted normal client request.
[2026-06-07 13:35:17] Accepted normal client request.
[2026-06-07 13:35:18] Accepted normal client request.
[2026-06-07 13:35:19] Accepted normal client request.
[2026-06-07 13:35:20] Accepted normal client request.
[2026-06-07 13:35:21] Accepted normal client request.
[2026-06-07 13:35:22] Accepted normal client request.
[2026-06-07 13:35:23] Accepted normal client request.
[2026-06-07 13:35:24] Accepted normal client request.
[2026-06-07 13:35:25] Accepted normal client request.
[2026-06-07 13:35:26] Accepted normal client request.
[2026-06-07 13:35:27] Accepted normal client request.
[2026-06-07 13:35:28] Accepted normal client request.
[2026-06-07 13:35:29] Accepted normal client request.
[2026-06-07 13:35:30] Accepted normal client request.
[2026-06-07 13:35:31] Accepted normal client request.
[2026-06-07 13:35:32] Accepted normal client request.
[2026-06-07 13:35:33] Accepted normal client request.
[2026-06-07 13:35:34] Accepted normal client request.
[2026-06-07 13:35:35] Accepted normal client request.
[2026-06-07 13:35:36] Accepted normal client request.
[2026-06-07 13:35:37] Accepted normal client request.
[2026-06-07 13:35:38] Accepted normal client request.
[2026-06-07 13:35:39] Accepted normal client request.
[2026-06-07 13:35:40] Accepted normal client request.
[2026-06-07 13:35:41] Accepted normal client request.
[2026-06-07 13:35:42] Accepted normal client request.
[2026-06-07 13:35:43] Accepted normal client request.
[2026-06-07 13:35:44] Accepted normal client request.
[2026-06-07 13:35:45] Accepted normal client request.
[2026-06-07 13:35:46] Accepted normal client request.
[2026-06-07 13:35:47] Accepted normal client request.
[2026-06-07 13:35:48] Accepted normal client request.
[2026-06-07 13:35:49] Accepted normal client request.
[2026-06-07 13:35:50] Accepted normal client request.
[2026-06-07 13:35:51] Accepted normal client request.
[2026-06-07 13:35:52] Accepted normal client request.
[2026-06-07 13:35:53] Accepted normal client request.
[2026-06-07 13:35:54] Accepted normal client request.
[2026-06-07 13:35:55] Accepted normal client request.
[2026-06-07 13:35:56] Accepted normal client request.
[2026-06-07 13:35:57] Accepted normal client request.
[2026-06-07 13:35:58] Accepted normal client request.
[2026-06-07 13:35:59] Accepted normal client request.
[2026-06-07 13:36:00] Accepted normal client request.
[2026-06-07 13:36:01] Accepted normal client request.
[2026-06-07 13:36:02] Accepted normal client request.
[2026-06-07 13:36:03] Accepted normal client request.
[2026-06-07 13:36:04] Accepted normal client request.
[2026-06-07 13:36:05] Accepted normal client request.
[2026-06-07 13:36:06] Accepted normal client request.
[2026-06-07 13:36:07] Accepted normal client request.
[2026-06-07 13:36:08] Accepted normal client request.
[2026-06-07 13:36:09] Accepted normal client request.
[2026-06-07 13:36:10] Accepted normal client request.
[2026-06-07 13:36:11] Accepted normal client request.
[2026-06-07 13:36:12] Accepted normal client request.
[2026-06-07 13:36:13] Accepted normal client request.
[2026-06-07 13:36:14] Accepted normal client request.
[2026-06-07 13:36:15] Accepted normal client request.
[2026-06-07 13:36:16] Accepted normal client request.
[2026-06-07 13:36:17] Accepted normal client request.
[2026-06-07 13:36:18] Accepted normal client request.
[2026-06-07 13:36:19] Accepted normal client request.
[2026-06-07 13:36:20] Accepted normal client request.
[2026-06-07 13:36:21] Accepted normal client request.
[2026-06-07 13:36:22] Accepted normal client request.
[2026-06-07 13:36:23] Accepted normal client request.
[2026-06-07 13:36:24] Accepted normal client request.
[2026-06-07 13:36:25] Accepted normal client request.
[2026-06-07 13:36:26] Accepted normal client request.
[2026-06-07 13:36:27] Accepted normal client request.
[2026-06-07 13:36:28] Accepted normal client request.
[2026-06-07 13:36:29] Accepted normal client request.
[2026-06-07 13:36:30] Accepted normal client request.
[2026-06-07 13:36:31] Accepted normal client request.
[2026-06-07 13:36:32] Accepted normal client request.
[2026-06-07 13:36:33] Accepted normal client request.
[2026-06-07 13:36:34] Accepted normal client request.
[2026-06-07 13:36:35] Accepted normal client request.
[2026-06-07 13:36:36] Accepted normal client request.
[2026-06-07 13:36:37] Accepted normal client request.
[2026-06-07 13:36:38] Accepted normal client request.
[2026-06-07 13:36:39] Accepted normal client request.
[2026-06-07 13:36:40] Accepted normal client request.
[2026-06-07 13:36:41] Accepted normal client request.
[2026-06-07 13:36:42] Accepted normal client request.
[2026-06-07 13:36:43] Accepted normal client request.
[2026-06-07 13:36:44] Accepted normal client request.
[2026-06-07 13:36:45] Accepted normal client request.
[2026-06-07 13:36:46] Accepted normal client request.
[2026-06-07 13:36:47] Accepted normal client request.
[2026-06-07 13:36:48] Accepted normal client request.
[2026-06-07 13:36:49] Accepted normal client request.
[2026-06-07 13:36:50] Accepted normal client request.
[2026-06-07 13:36:51] Accepted normal client request.
[2026-06-07 13:36:52] Accepted normal client request.
[2026-06-07 13:36:53] Accepted normal client request.
[2026-06-07 13:36:54] Accepted normal client request.
[2026-06-07 13:36:55] Accepted normal client request.
[2026-06-07 13:36:56] Accepted normal client request.
[2026-06-07 13:36:57] Accepted normal client request.
[2026-06-07 13:36:58] Accepted normal client request.
[2026-06-07 13:36:59] Accepted normal client request.
[2026-06-07 13:37:00] Accepted normal client request.
[2026-06-07 13:37:01] Accepted normal client request.
[2026-06-07 13:37:02] Accepted normal client request.
[2026-06-07 13:37:03] Accepted normal client request.
[2026-06-07 13:37:04] Accepted normal client request.
[2026-06-07 13:37:05] Accepted normal client request.
[2026-06-07 13:37:07] Accepted normal client request.
[2026-06-07 13:37:08] Accepted normal client request.
[2026-06-07 13:37:09] Accepted normal client request.
[2026-06-07 13:37:10] Accepted normal client request.
[2026-06-07 13:37:11] Accepted normal client request.
[2026-06-07 13:37:12] Accepted normal client request.
[2026-06-07 13:37:13] Accepted normal client request.
[2026-06-07 13:37:14] Accepted normal client request.
[2026-06-07 13:37:15] Accepted normal client request.
[2026-06-07 13:37:16] Accepted normal client request.
[2026-06-07 13:37:17] Accepted normal client request.
[2026-06-07 13:37:18] Accepted normal client request.
[2026-06-07 13:37:19] Accepted normal client request.
[2026-06-07 13:37:20] Accepted normal client request.
[2026-06-07 13:37:21] Accepted normal client request.
[2026-06-07 13:37:22] Accepted normal client request.
[2026-06-07 13:37:23] Accepted normal client request.
[2026-06-07 13:37:24] Accepted normal client request.
[2026-06-07 13:37:25] Accepted normal client request.
[2026-06-07 13:37:26] Accepted normal client request.
[2026-06-07 13:37:27] Accepted normal client request.
[2026-06-07 13:37:28] Accepted normal client request.
[2026-06-07 13:37:29] Accepted normal client request.
[2026-06-07 13:37:30] Accepted normal client request.
[2026-06-07 13:37:31] Accepted normal client request.
[2026-06-07 13:37:32] Accepted normal client request.
[2026-06-07 13:37:33] Accepted normal client request.
[2026-06-07 13:37:34] Accepted normal client request.
[2026-06-07 13:37:35] Accepted normal client request.
[2026-06-07 13:37:36] Accepted normal client request.
[2026-06-07 13:37:37] Accepted normal client request.
[2026-06-07 13:37:38] Accepted normal client request.
[2026-06-07 13:37:39] Accepted normal client request.
[2026-06-07 13:37:40] Accepted normal client request.
[2026-06-07 13:37:41] Accepted normal client request.
[2026-06-07 13:37:42] Accepted normal client request.
[2026-06-07 13:37:43] Accepted normal client request.
[2026-06-07 13:37:44] Accepted normal client request.
[2026-06-07 13:37:45] Accepted normal client request.
[2026-06-07 13:37:46] Accepted normal client request.
[2026-06-07 13:37:47] Accepted normal client request.
[2026-06-07 13:37:48] Accepted normal client request.
[2026-06-07 13:37:49] Accepted normal client request.
[2026-06-07 13:37:50] Accepted normal client request.
[2026-06-07 13:37:51] Accepted normal client request.
[2026-06-07 13:37:52] Accepted normal client request.
[2026-06-07 13:37:53] Accepted normal client request.
[2026-06-07 13:37:54] Accepted normal client request.
[2026-06-07 13:37:55] Accepted normal client request.
[2026-06-07 13:37:56] Accepted normal client request.
[2026-06-07 13:37:57] Accepted normal client request.
[2026-06-07 13:37:58] Accepted normal client request.
[2026-06-07 13:37:59] Accepted normal client request.
[2026-06-07 13:38:01] Accepted normal client request.
[2026-06-07 13:38:02] Accepted normal client request.
[2026-06-07 13:38:03] Accepted normal client request.
[2026-06-07 13:38:04] Accepted normal client request.
[2026-06-07 13:38:05] Accepted normal client request.
[2026-06-07 13:38:06] Accepted normal client request.
[2026-06-07 13:38:07] Accepted normal client request.
[2026-06-07 13:38:08] Accepted normal client request.
[2026-06-07 13:38:09] Accepted normal client request.
[2026-06-07 13:38:10] Accepted normal client request.
[2026-06-07 13:38:11] Accepted normal client request.
[2026-06-07 13:38:12] Accepted normal client request.
[2026-06-07 13:38:13] Accepted normal client request.
[2026-06-07 13:38:14] Accepted normal client request.
[2026-06-07 13:38:15] Accepted normal client request.
[2026-06-07 13:38:16] Accepted normal client request.
[2026-06-07 13:38:17] Accepted normal client request.
[2026-06-07 13:38:18] Accepted normal client request.
[2026-06-07 13:38:19] Accepted normal client request.
[2026-06-07 13:38:20] Accepted normal client request.
[2026-06-07 13:38:21] Accepted normal client request.
[2026-06-07 13:38:22] Accepted normal client request.
[2026-06-07 13:38:23] Accepted normal client request.
[2026-06-07 13:38:24] Accepted normal client request.
[2026-06-07 13:38:25] Accepted normal client request.
[2026-06-07 13:38:26] Accepted normal client request.
[2026-06-07 13:38:27] Accepted normal client request.
[2026-06-07 13:38:28] Accepted normal client request.
[2026-06-07 13:38:29] Accepted normal client request.
[2026-06-07 13:38:30] Accepted normal client request.
[2026-06-07 13:38:31] Accepted normal client request.
[2026-06-07 13:38:32] Accepted normal client request.
[2026-06-07 13:38:33] Accepted normal client request.
[2026-06-07 13:38:34] Accepted normal client request.
[2026-06-07 13:38:35] Accepted normal client request.
[2026-06-07 13:38:36] Accepted normal client request.
[2026-06-07 13:38:37] Accepted normal client request.
[2026-06-07 13:38:38] Accepted normal client request.
[2026-06-07 13:38:39] Accepted normal client request.
[2026-06-07 13:38:40] Accepted normal client request.
[2026-06-07 13:38:41] Accepted normal client request.
[2026-06-07 13:38:42] Accepted normal client request.
[2026-06-07 13:38:43] Accepted normal client request.
[2026-06-07 13:38:44] Accepted normal client request.
[2026-06-07 13:38:45] Accepted normal client request.
[2026-06-07 13:38:46] Accepted normal client request.
[2026-06-07 13:38:47] Accepted normal client request.
[2026-06-07 13:38:48] Accepted normal client request.
[2026-06-07 13:38:49] Accepted normal client request.
[2026-06-07 13:38:50] Accepted normal client request.
[2026-06-07 13:38:51] Accepted normal client request.
[2026-06-07 13:38:52] Accepted normal client request.
[2026-06-07 13:38:53] Accepted normal client request.
[2026-06-07 13:38:54] Accepted normal client request.
[2026-06-07 13:38:55] Accepted normal client request.
[2026-06-07 13:38:56] Accepted normal client request.
[2026-06-07 13:38:57] Accepted normal client request.
[2026-06-07 13:38:58] Accepted normal client request.
[2026-06-07 13:38:59] Accepted normal client request.
[2026-06-07 13:39:01] Accepted normal client request.
[2026-06-07 13:39:02] Accepted normal client request.
[2026-06-07 13:39:03] Accepted normal client request.
[2026-06-07 13:39:04] Accepted normal client request.
[2026-06-07 13:39:05] Accepted normal client request.
[2026-06-07 13:39:06] Accepted normal client request.
[2026-06-07 13:39:07] Accepted normal client request.
[2026-06-07 13:39:08] Accepted normal client request.
[2026-06-07 13:39:09] Accepted normal client request.
[2026-06-07 13:39:10] Accepted normal client request.
[2026-06-07 13:39:11] Accepted normal client request.
[2026-06-07 13:39:12] Accepted normal client request.
[2026-06-07 13:39:13] Accepted normal client request.
[2026-06-07 13:39:14] Accepted normal client request.
[2026-06-07 13:39:15] Accepted normal client request.
[2026-06-07 13:39:16] Accepted normal client request.
[2026-06-07 13:39:17] Accepted normal client request.
[2026-06-07 13:39:18] Accepted normal client request.
[2026-06-07 13:39:19] Accepted normal client request.
[2026-06-07 13:39:20] Accepted normal client request.
[2026-06-07 13:39:21] Accepted normal client request.
[2026-06-07 13:39:22] Accepted normal client request.
[2026-06-07 13:39:23] Accepted normal client request.
[2026-06-07 13:39:24] Accepted normal client request.
[2026-06-07 13:39:25] Accepted normal client request.
[2026-06-07 13:39:26] Accepted normal client request.
[2026-06-07 13:39:27] Accepted normal client request.
[2026-06-07 13:39:28] Accepted normal client request.
[2026-06-07 13:39:29] Accepted normal client request.
[2026-06-07 13:39:30] Accepted normal client request.
[2026-06-07 13:39:31] Accepted normal client request.
[2026-06-07 13:39:32] Accepted normal client request.
[2026-06-07 13:39:33] Accepted normal client request.
[2026-06-07 13:39:34] Accepted normal client request.
[2026-06-07 13:39:35] Accepted normal client request.
[2026-06-07 13:39:36] Accepted normal client request.
[2026-06-07 13:39:37] Accepted normal client request.
[2026-06-07 13:39:38] Accepted normal client request.
[2026-06-07 13:39:39] Accepted normal client request.
[2026-06-07 13:39:40] Accepted normal client request.
[2026-06-07 13:39:41] Accepted normal client request.
[2026-06-07 13:39:42] Accepted normal client request.
[2026-06-07 13:39:43] Accepted normal client request.
[2026-06-07 13:39:44] Accepted normal client request.
[2026-06-07 13:39:45] Accepted normal client request.
[2026-06-07 13:39:46] Accepted normal client request.
[2026-06-07 13:39:47] Accepted normal client request.
[2026-06-07 13:39:48] Accepted normal client request.
[2026-06-07 13:39:49] Accepted normal client request.
[2026-06-07 13:39:50] Accepted normal client request.
[2026-06-07 13:39:51] Accepted normal client request.
[2026-06-07 13:39:52] Accepted normal client request.
[2026-06-07 13:39:53] Accepted normal client request.
[2026-06-07 13:39:54] Accepted normal client request.
[2026-06-07 13:39:55] Accepted normal client request.
[2026-06-07 13:39:56] Accepted normal client request.
[2026-06-07 13:39:57] Accepted normal client request.
[2026-06-07 13:39:58] Accepted normal client request.
[2026-06-07 13:39:59] Accepted normal client request.
[2026-06-07 13:40:01] Accepted normal client request.
[2026-06-07 13:40:02] Accepted normal client request.
[2026-06-07 13:40:03] Accepted normal client request.
[2026-06-07 13:40:04] Accepted normal client request.
[2026-06-07 13:40:05] Accepted normal client request.
[2026-06-07 13:40:06] Accepted normal client request.
[2026-06-07 13:40:07] Accepted normal client request.
[2026-06-07 13:40:08] Accepted normal client request.
[2026-06-07 13:40:09] Accepted normal client request.
[2026-06-07 13:40:10] Accepted normal client request.
[2026-06-07 13:40:11] Accepted normal client request.
[2026-06-07 13:40:12] Accepted normal client request.
[2026-06-07 13:40:13] Accepted normal client request.
[2026-06-07 13:40:14] Accepted normal client request.
[2026-06-07 13:40:15] Accepted normal client request.
[2026-06-07 13:40:16] Accepted normal client request.
[2026-06-07 13:40:17] Accepted normal client request.
[2026-06-07 13:40:18] Accepted normal client request.
[2026-06-07 13:40:19] Accepted normal client request.
[2026-06-07 13:40:20] Accepted normal client request.
[2026-06-07 13:40:21] Accepted normal client request.
[2026-06-07 13:40:22] Accepted normal client request.
[2026-06-07 13:40:23] Accepted normal client request.
[2026-06-07 13:40:24] Accepted normal client request.
[2026-06-07 13:40:25] Accepted normal client request.
[2026-06-07 13:40:26] Accepted normal client request.
[2026-06-07 13:40:27] Accepted normal client request.
[2026-06-07 13:40:28] Accepted normal client request.
[2026-06-07 13:40:29] Accepted normal client request.
[2026-06-07 13:40:30] Accepted normal client request.
[2026-06-07 13:40:31] Accepted normal client request.
[2026-06-07 13:40:32] Accepted normal client request.
[2026-06-07 13:40:33] Accepted normal client request.
[2026-06-07 13:40:34] Accepted normal client request.
[2026-06-07 13:40:35] Accepted normal client request.
[2026-06-07 13:40:36] Accepted normal client request.
[2026-06-07 13:40:37] Accepted normal client request.
[2026-06-07 13:40:38] Accepted normal client request.
[2026-06-07 13:40:39] Accepted normal client request.
[2026-06-07 13:40:40] Accepted normal client request.
[2026-06-07 13:40:41] Accepted normal client request.
[2026-06-07 13:40:42] Accepted normal client request.
[2026-06-07 13:40:43] Accepted normal client request.
[2026-06-07 13:40:44] Accepted normal client request.
[2026-06-07 13:40:45] Accepted normal client request.
[2026-06-07 13:40:46] Accepted normal client request.
[2026-06-07 13:40:47] Accepted normal client request.
[2026-06-07 13:40:48] Accepted normal client request.
[2026-06-07 13:40:49] Accepted normal client request.
[2026-06-07 13:40:50] Accepted normal client request.
[2026-06-07 13:40:51] Accepted normal client request.
[2026-06-07 13:40:52] Accepted normal client request.
[2026-06-07 13:40:53] Accepted normal client request.
[2026-06-07 13:40:54] Accepted normal client request.
[2026-06-07 13:40:55] Accepted normal client request.
[2026-06-07 13:40:56] Accepted normal client request.
[2026-06-07 13:40:57] Accepted normal client request.
[2026-06-07 13:40:58] Accepted normal client request.
[2026-06-07 13:41:00] Accepted normal client request.
[2026-06-07 13:41:02] Accepted normal client request.
[2026-06-07 13:41:04] Accepted normal client request.
[2026-06-07 13:41:06] Accepted normal client request.
[2026-06-07 13:41:08] Accepted normal client request.
[2026-06-07 13:41:10] Accepted normal client request.
[2026-06-07 13:41:12] Accepted normal client request.
[2026-06-07 13:41:14] Accepted normal client request.
[2026-06-07 13:41:16] Accepted normal client request.
[2026-06-07 13:41:18] Accepted normal client request.
[2026-06-07 13:41:20] Accepted normal client request.
[2026-06-07 13:41:22] Accepted normal client request.
[2026-06-07 13:41:24] Accepted normal client request.
[2026-06-07 13:41:26] Accepted normal client request.
[2026-06-07 13:50:28] Accepted normal client request.
[2026-06-07 13:50:30] Accepted normal client request.
[2026-06-07 13:50:32] Accepted normal client request.
[2026-06-07 13:50:34] Accepted normal client request.
[2026-06-07 13:50:36] Accepted normal client request.
[2026-06-07 13:50:38] Accepted normal client request.
[2026-06-07 13:50:40] Accepted normal client request.
[2026-06-07 13:50:42] Accepted normal client request.
[2026-06-07 13:50:44] Accepted normal client request.
[2026-06-07 13:50:46] Accepted normal client request.
[2026-06-07 13:50:48] Accepted normal client request.
[2026-06-07 13:50:50] Accepted normal client request.
[2026-06-07 13:50:52] Accepted normal client request.
[2026-06-07 13:50:54] Accepted normal client request.
[2026-06-07 13:50:56] Accepted normal client request.
[2026-06-07 13:50:58] Accepted normal client request.
[2026-06-07 13:51:00] Accepted normal client request.
[2026-06-07 13:51:02] Accepted normal client request.
[2026-06-07 13:51:04] Accepted normal client request.
[2026-06-07 13:51:06] Accepted normal client request.
[2026-06-07 13:51:08] Accepted normal client request.
[2026-06-07 13:51:10] Accepted normal client request.
[2026-06-07 13:51:12] Accepted normal client request.
[2026-06-07 13:51:14] Accepted normal client request.
[2026-06-07 13:51:39] Accepted normal client request.
[2026-06-07 13:51:41] Accepted normal client request.
[2026-06-07 13:51:43] Accepted normal client request.
[2026-06-07 13:51:45] Accepted normal client request.
[2026-06-07 13:51:47] Accepted normal client request.
[2026-06-07 13:51:49] Accepted normal client request.
[2026-06-07 13:51:51] Accepted normal client request.
[2026-06-07 13:51:53] Accepted normal client request.
[2026-06-07 13:51:55] Accepted normal client request.
[2026-06-07 13:51:57] Accepted normal client request.
[2026-06-07 13:51:59] Accepted normal client request.
[2026-06-07 13:52:01] Accepted normal client request.
[2026-06-07 13:52:03] Accepted normal client request.
[2026-06-07 13:52:05] Accepted normal client request.
[2026-06-07 13:52:07] Accepted normal client request.
[2026-06-07 13:52:09] Accepted normal client request.
[2026-06-07 13:52:11] Accepted normal client request.
[2026-06-07 13:52:13] Accepted normal client request.
[2026-06-07 13:52:15] Accepted normal client request.
[2026-06-07 13:52:17] Accepted normal client request.
[2026-06-07 13:52:19] Accepted normal client request.
[2026-06-07 13:52:21] Accepted normal client request.
[2026-06-07 13:52:23] Accepted normal client request.
[2026-06-07 13:52:39] Accepted normal client request.
[2026-06-07 13:52:41] Accepted normal client request.
[2026-06-07 13:52:43] Accepted normal client request.
[2026-06-07 13:52:45] Accepted normal client request.
[2026-06-07 13:52:47] Accepted normal client request.
[2026-06-07 13:52:49] Accepted normal client request.
[2026-06-07 13:52:51] Accepted normal client request.
[2026-06-07 13:52:53] Accepted normal client request.
[2026-06-07 13:52:55] Accepted normal client request.
[2026-06-07 13:52:57] Accepted normal client request.
[2026-06-07 13:52:59] Accepted normal client request.
[2026-06-07 13:53:01] Accepted normal client request.
[2026-06-07 13:53:03] Accepted normal client request.
[2026-06-07 13:53:05] Accepted normal client request.
[2026-06-07 13:53:07] Accepted normal client request.
[2026-06-07 13:53:09] Accepted normal client request.
[2026-06-07 13:53:11] Accepted normal client request.
[2026-06-07 13:53:13] Accepted normal client request.
[2026-06-07 13:53:15] Accepted normal client request.
[2026-06-07 13:53:17] Accepted normal client request.
[2026-06-07 13:53:19] Accepted normal client request.
[2026-06-07 13:53:21] Accepted normal client request.
[2026-06-07 13:53:23] Accepted normal client request.
[2026-06-07 13:53:25] Accepted normal client request.
[2026-06-07 13:54:58] Accepted normal client request.
[2026-06-07 13:55:00] Accepted normal client request.
[2026-06-07 13:55:02] Accepted normal client request.
[2026-06-07 13:55:04] Accepted normal client request.
[2026-06-07 13:55:06] Accepted normal client request.
[2026-06-07 13:55:08] Accepted normal client request.
[2026-06-07 13:55:10] Accepted normal client request.
[2026-06-07 13:55:12] Accepted normal client request.
[2026-06-07 13:55:14] Accepted normal client request.
[2026-06-07 13:55:16] Accepted normal client request.
[2026-06-07 13:55:18] Accepted normal client request.
[2026-06-07 13:55:20] Accepted normal client request.
[2026-06-07 13:55:22] Accepted normal client request.
[2026-06-07 13:55:24] Accepted normal client request.
[2026-06-07 13:55:26] Accepted normal client request.
[2026-06-07 13:55:28] Accepted normal client request.
[2026-06-07 13:55:30] Accepted normal client request.
[2026-06-07 13:55:32] Accepted normal client request.
[2026-06-07 13:55:34] Accepted normal client request.
[2026-06-07 13:55:36] Accepted normal client request.
[2026-06-07 13:55:38] Accepted normal client request.
[2026-06-07 13:55:40] Accepted normal client request.
[2026-06-07 13:55:42] Accepted normal client request.
[2026-06-07 13:58:37] Accepted normal client request.
[2026-06-07 13:58:39] Accepted normal client request.
[2026-06-07 13:58:41] Accepted normal client request.
[2026-06-07 13:58:43] Accepted normal client request.
[2026-06-07 13:58:45] Accepted normal client request.
[2026-06-07 13:58:47] Accepted normal client request.
[2026-06-07 13:58:49] Accepted normal client request.
[2026-06-07 13:58:51] Accepted normal client request.
[2026-06-07 13:58:53] Accepted normal client request.
[2026-06-07 13:58:55] Accepted normal client request.
[2026-06-07 13:58:57] Accepted normal client request.
[2026-06-07 13:58:59] Accepted normal client request.
[2026-06-07 13:59:01] Accepted normal client request.
[2026-06-07 13:59:03] Accepted normal client request.
[2026-06-07 13:59:05] Accepted normal client request.
[2026-06-07 13:59:07] Accepted normal client request.
[2026-06-07 13:59:09] Accepted normal client request.
[2026-06-07 13:59:11] Accepted normal client request.
[2026-06-07 13:59:13] Accepted normal client request.
[2026-06-07 13:59:15] Accepted normal client request.
[2026-06-07 13:59:17] Accepted normal client request.
[2026-06-07 13:59:19] Accepted normal client request.
[2026-06-07 13:59:21] Accepted normal client request.
[2026-06-07 13:59:23] Accepted normal client request.
[2026-06-07 13:59:27] Accepted normal client request.
[2026-06-07 13:59:29] Accepted normal client request.
[2026-06-07 13:59:31] Accepted normal client request.
[2026-06-07 13:59:33] Accepted normal client request.
[2026-06-07 13:59:35] Accepted normal client request.
[2026-06-07 13:59:37] Accepted normal client request.
[2026-06-07 13:59:39] Accepted normal client request.
[2026-06-07 13:59:41] Accepted normal client request.
[2026-06-07 13:59:43] Accepted normal client request.
[2026-06-07 13:59:45] Accepted normal client request.
[2026-06-07 13:59:47] Accepted normal client request.
[2026-06-07 13:59:49] Accepted normal client request.
[2026-06-07 13:59:51] Accepted normal client request.
[2026-06-07 13:59:53] Accepted normal client request.
[2026-06-07 13:59:55] Accepted normal client request.
[2026-06-07 13:59:57] Accepted normal client request.
[2026-06-07 13:59:59] Accepted normal client request.
[2026-06-07 14:00:01] Accepted normal client request.
[2026-06-07 14:00:03] Accepted normal client request.
[2026-06-07 14:00:05] Accepted normal client request.
[2026-06-07 14:00:07] Accepted normal client request.
[2026-06-07 14:00:09] Accepted normal client request.
[2026-06-07 14:00:11] Accepted normal client request.
[2026-06-07 14:00:13] Accepted normal client request.
[2026-06-07 14:00:14] Accepted normal client request.
[2026-06-07 14:00:15] Accepted normal client request.
[2026-06-07 14:00:16] Accepted normal client request.
[2026-06-07 14:00:17] Accepted normal client request.
[2026-06-07 14:00:18] Accepted normal client request.
[2026-06-07 14:00:19] Accepted normal client request.
[2026-06-07 14:00:20] Accepted normal client request.
[2026-06-07 14:00:21] Accepted normal client request.
[2026-06-07 14:00:22] Accepted normal client request.
[2026-06-07 14:00:23] Accepted normal client request.
[2026-06-07 14:00:24] Accepted normal client request.
[2026-06-07 14:00:25] Accepted normal client request.
[2026-06-07 14:00:26] Accepted normal client request.
[2026-06-07 14:00:27] Accepted normal client request.
[2026-06-07 14:00:28] Accepted normal client request.
[2026-06-07 14:00:29] Accepted normal client request.
[2026-06-07 14:00:30] Accepted normal client request.
[2026-06-07 14:00:31] Accepted normal client request.
[2026-06-07 14:00:32] Accepted normal client request.
[2026-06-07 14:00:33] Accepted normal client request.
[2026-06-07 14:00:34] Accepted normal client request.
[2026-06-07 14:00:35] Accepted normal client request.
[2026-06-07 14:00:36] Accepted normal client request.
[2026-06-07 14:00:37] Accepted normal client request.
[2026-06-07 14:00:38] Accepted normal client request.
[2026-06-07 14:00:39] Accepted normal client request.
[2026-06-07 14:00:40] Accepted normal client request.
[2026-06-07 14:00:41] Accepted normal client request.
[2026-06-07 14:00:42] Accepted normal client request.
[2026-06-07 14:00:43] Accepted normal client request.
[2026-06-07 14:00:44] Accepted normal client request.
[2026-06-07 14:00:45] Accepted normal client request.
[2026-06-07 14:00:46] Accepted normal client request.
[2026-06-07 14:00:47] Accepted normal client request.
[2026-06-07 14:00:48] Accepted normal client request.
[2026-06-07 14:00:49] Accepted normal client request.
[2026-06-07 14:00:50] Accepted normal client request.
[2026-06-07 14:00:51] Accepted normal client request.
[2026-06-07 14:00:52] Accepted normal client request.
[2026-06-07 14:00:53] Accepted normal client request.
[2026-06-07 14:00:54] Accepted normal client request.
[2026-06-07 14:00:55] Accepted normal client request.
[2026-06-07 14:00:56] Accepted normal client request.
[2026-06-07 14:00:57] Accepted normal client request.
[2026-06-07 14:00:58] Accepted normal client request.
[2026-06-07 14:00:59] Accepted normal client request.
[2026-06-07 14:01:00] Accepted normal client request.
[2026-06-07 14:01:01] Accepted normal client request.
[2026-06-07 14:01:02] Accepted normal client request.
[2026-06-07 14:01:03] Accepted normal client request.
[2026-06-07 14:01:04] Accepted normal client request.
[2026-06-07 14:01:05] Accepted normal client request.
[2026-06-07 14:01:06] Accepted normal client request.
[2026-06-07 14:01:08] Accepted normal client request.
[2026-06-07 14:01:11] Accepted normal client request.
[2026-06-07 14:01:15] Accepted normal client request.
[2026-06-07 14:01:25] Accepted normal client request.
[2026-06-07 14:01:27] Accepted normal client request.
[2026-06-07 14:01:44] Accepted normal client request.
[2026-06-07 14:02:08] Accepted normal client request.
[2026-06-07 14:02:43] Accepted normal client request.
[2026-06-07 14:02:45] Accepted normal client request.
[2026-06-07 14:03:56] Accepted normal client request.
[2026-06-07 14:04:07] Accepted normal client request.
[2026-06-07 14:06:27] Accepted normal client request.
[2026-06-07 14:07:25] Accepted normal client request.
[2026-06-07 14:11:44] Accepted normal client request.
[2026-06-07 14:16:04] Accepted normal client request.
[2026-06-07 14:17:10] Accepted normal client request.
[2026-06-07 14:17:11] Accepted normal client request.
[2026-06-07 14:17:12] Accepted normal client request.
[2026-06-07 14:17:13] Accepted normal client request.
[2026-06-07 14:17:14] Accepted normal client request.
[2026-06-07 14:17:15] Accepted normal client request.
[2026-06-07 14:17:16] Accepted normal client request.
[2026-06-07 14:17:17] Accepted normal client request.
[2026-06-07 14:17:18] Accepted normal client request.
[2026-06-07 14:17:19] Accepted normal client request.
[2026-06-07 14:17:20] Accepted normal client request.
[2026-06-07 14:17:21] Accepted normal client request.
[2026-06-07 14:17:22] Accepted normal client request.
[2026-06-07 14:17:23] Accepted normal client request.
[2026-06-07 14:17:24] Accepted normal client request.
[2026-06-07 14:17:25] Accepted normal client request.
[2026-06-07 14:17:26] Accepted normal client request.
[2026-06-07 14:17:27] Accepted normal client request.
[2026-06-07 14:17:28] Accepted normal client request.
[2026-06-07 14:17:29] Accepted normal client request.
[2026-06-07 14:17:30] Accepted normal client request.
[2026-06-07 14:17:31] Accepted normal client request.
[2026-06-07 14:17:32] Accepted normal client request.
[2026-06-07 14:17:33] Accepted normal client request.
[2026-06-07 14:17:34] Accepted normal client request.
[2026-06-07 14:17:35] Accepted normal client request.
[2026-06-07 14:17:36] Accepted normal client request.
[2026-06-07 14:17:37] Accepted normal client request.
[2026-06-07 14:17:38] Accepted normal client request.
[2026-06-07 14:17:39] Accepted normal client request.
[2026-06-07 14:17:40] Accepted normal client request.
[2026-06-07 14:17:41] Accepted normal client request.
[2026-06-07 14:17:42] Accepted normal client request.
[2026-06-07 14:17:43] Accepted normal client request.
[2026-06-07 14:17:44] Accepted normal client request.
[2026-06-07 14:17:45] Accepted normal client request.
[2026-06-07 14:17:46] Accepted normal client request.
[2026-06-07 14:17:47] Accepted normal client request.
[2026-06-07 14:17:48] Accepted normal client request.
[2026-06-07 14:17:49] Accepted normal client request.
[2026-06-07 14:17:50] Accepted normal client request.
[2026-06-07 14:17:51] Accepted normal client request.
[2026-06-07 14:17:52] Accepted normal client request.
[2026-06-07 14:17:53] Accepted normal client request.
[2026-06-07 14:17:54] Accepted normal client request.
[2026-06-07 14:17:55] Accepted normal client request.
[2026-06-07 14:17:56] Accepted normal client request.
[2026-06-07 14:17:57] Accepted normal client request.
[2026-06-07 14:17:58] Accepted normal client request.
[2026-06-07 14:17:59] Accepted normal client request.
[2026-06-07 14:18:00] Accepted normal client request.
[2026-06-07 14:18:01] Accepted normal client request.
[2026-06-07 14:18:02] Accepted normal client request.
[2026-06-07 14:18:03] Accepted normal client request.
[2026-06-07 14:18:04] Accepted normal client request.
[2026-06-07 14:18:05] Accepted normal client request.
[2026-06-07 14:18:06] Accepted normal client request.
[2026-06-07 14:18:07] Accepted normal client request.
[2026-06-07 14:18:08] Accepted normal client request.
[2026-06-07 14:18:09] Accepted normal client request.
[2026-06-07 14:18:10] Accepted normal client request.
[2026-06-07 14:18:11] Accepted normal client request.
[2026-06-07 14:18:12] Accepted normal client request.
[2026-06-07 14:18:13] Accepted normal client request.
[2026-06-07 14:18:14] Accepted normal client request.
[2026-06-07 14:18:15] Accepted normal client request.
[2026-06-07 14:18:16] Accepted normal client request.
[2026-06-07 14:18:17] Accepted normal client request.
[2026-06-07 14:18:18] Accepted normal client request.
[2026-06-07 14:18:19] Accepted normal client request.
[2026-06-07 14:18:20] Accepted normal client request.
[2026-06-07 14:18:21] Accepted normal client request.
[2026-06-07 14:18:22] Accepted normal client request.
[2026-06-07 14:18:23] Accepted normal client request.
[2026-06-07 14:18:24] Accepted normal client request.
[2026-06-07 14:18:25] Accepted normal client request.
[2026-06-07 14:18:26] Accepted normal client request.
[2026-06-07 14:18:27] Accepted normal client request.
[2026-06-07 14:18:28] Accepted normal client request.
[2026-06-07 14:18:29] Accepted normal client request.
[2026-06-07 14:18:30] Accepted normal client request.
[2026-06-07 14:18:31] Accepted normal client request.
[2026-06-07 14:18:32] Accepted normal client request.
[2026-06-07 14:18:33] Accepted normal client request.
[2026-06-07 14:18:34] Accepted normal client request.
[2026-06-07 14:18:35] Accepted normal client request.
[2026-06-07 14:18:36] Accepted normal client request.
[2026-06-07 14:18:37] Accepted normal client request.
[2026-06-07 14:18:38] Accepted normal client request.
[2026-06-07 14:18:39] Accepted normal client request.
[2026-06-07 14:18:40] Accepted normal client request.
[2026-06-07 14:18:41] Accepted normal client request.
[2026-06-07 14:18:42] Accepted normal client request.
[2026-06-07 14:18:43] Accepted normal client request.
[2026-06-07 14:18:44] Accepted normal client request.
[2026-06-07 14:18:45] Accepted normal client request.
[2026-06-07 14:18:46] Accepted normal client request.
[2026-06-07 14:18:47] Accepted normal client request.
[2026-06-07 14:18:48] Accepted normal client request.
[2026-06-07 14:18:49] Accepted normal client request.
[2026-06-07 14:18:50] Accepted normal client request.
[2026-06-07 14:18:51] Accepted normal client request.
[2026-06-07 14:18:52] Accepted normal client request.
[2026-06-07 14:18:53] Accepted normal client request.
[2026-06-07 14:18:54] Accepted normal client request.
[2026-06-07 14:18:55] Accepted normal client request.
[2026-06-07 14:18:56] Accepted normal client request.
[2026-06-07 14:18:57] Accepted normal client request.
[2026-06-07 14:18:58] Accepted normal client request.
[2026-06-07 14:18:59] Accepted normal client request.
[2026-06-07 14:19:00] Accepted normal client request.
[2026-06-07 14:19:01] Accepted normal client request.
[2026-06-07 14:19:02] Accepted normal client request.
[2026-06-07 14:19:03] Accepted normal client request.
[2026-06-07 14:19:04] Accepted normal client request.
[2026-06-07 14:19:05] Accepted normal client request.
[2026-06-07 14:19:06] Accepted normal client request.
[2026-06-07 14:19:07] Accepted normal client request.
[2026-06-07 14:19:08] Accepted normal client request.
[2026-06-07 14:19:09] Accepted normal client request.
[2026-06-07 14:19:10] Accepted normal client request.
[2026-06-07 14:19:11] Accepted normal client request.
[2026-06-07 14:19:12] Accepted normal client request.
[2026-06-07 14:19:13] Accepted normal client request.
[2026-06-07 14:19:14] Accepted normal client request.
[2026-06-07 14:19:15] Accepted normal client request.
[2026-06-07 14:19:16] Accepted normal client request.
[2026-06-07 14:19:17] Accepted normal client request.
[2026-06-07 14:19:18] Accepted normal client request.
[2026-06-07 14:19:19] Accepted normal client request.
[2026-06-07 14:19:20] Accepted normal client request.
[2026-06-07 14:19:21] Accepted normal client request.
[2026-06-07 14:19:22] Accepted normal client request.
[2026-06-07 14:19:23] Accepted normal client request.
[2026-06-07 14:19:24] Accepted normal client request.
[2026-06-07 14:19:25] Accepted normal client request.
[2026-06-07 14:19:26] Accepted normal client request.
[2026-06-07 14:19:28] Accepted normal client request.
[2026-06-07 14:19:29] Accepted normal client request.
[2026-06-07 14:19:30] Accepted normal client request.
[2026-06-07 14:19:31] Accepted normal client request.
[2026-06-07 14:19:32] Accepted normal client request.
[2026-06-07 14:19:33] Accepted normal client request.
[2026-06-07 14:19:34] Accepted normal client request.
[2026-06-07 14:19:35] Accepted normal client request.
[2026-06-07 14:19:36] Accepted normal client request.
[2026-06-07 14:19:37] Accepted normal client request.
[2026-06-07 14:19:38] Accepted normal client request.
[2026-06-07 14:19:39] Accepted normal client request.
[2026-06-07 14:19:40] Accepted normal client request.
[2026-06-07 14:19:41] Accepted normal client request.
[2026-06-07 14:19:42] Accepted normal client request.
[2026-06-07 14:19:43] Accepted normal client request.
[2026-06-07 14:19:44] Accepted normal client request.
[2026-06-07 14:19:45] Accepted normal client request.
[2026-06-07 14:19:46] Accepted normal client request.
[2026-06-07 14:19:47] Accepted normal client request.
[2026-06-07 14:19:48] Accepted normal client request.
[2026-06-07 14:19:49] Accepted normal client request.
[2026-06-07 14:19:50] Accepted normal client request.
[2026-06-07 14:19:51] Accepted normal client request.
[2026-06-07 14:19:52] Accepted normal client request.
[2026-06-07 14:19:53] Accepted normal client request.
[2026-06-07 14:19:54] Accepted normal client request.
[2026-06-07 14:19:55] Accepted normal client request.
[2026-06-07 14:19:56] Accepted normal client request.
[2026-06-07 14:19:57] Accepted normal client request.
[2026-06-07 14:19:58] Accepted normal client request.
[2026-06-07 14:19:59] Accepted normal client request.
[2026-06-07 14:20:00] Accepted normal client request.
[2026-06-07 14:20:01] Accepted normal client request.
[2026-06-07 14:20:02] Accepted normal client request.
[2026-06-07 14:20:03] Accepted normal client request.
[2026-06-07 14:20:04] Accepted normal client request.
[2026-06-07 14:20:05] Accepted normal client request.
[2026-06-07 14:20:06] Accepted normal client request.
[2026-06-07 14:20:07] Accepted normal client request.
[2026-06-07 14:20:08] Accepted normal client request.
[2026-06-07 14:20:09] Accepted normal client request.
[2026-06-07 14:20:10] Accepted normal client request.
[2026-06-07 14:20:11] Accepted normal client request.
[2026-06-07 14:20:12] Accepted normal client request.
[2026-06-07 14:20:13] Accepted normal client request.
[2026-06-07 14:20:14] Accepted normal client request.
[2026-06-07 14:20:15] Accepted normal client request.
[2026-06-07 14:20:16] Accepted normal client request.
[2026-06-07 14:20:17] Accepted normal client request.
[2026-06-07 14:20:18] Accepted normal client request.
[2026-06-07 14:20:19] Accepted normal client request.
[2026-06-07 14:20:20] Accepted normal client request.
[2026-06-07 14:20:21] Accepted normal client request.
[2026-06-07 14:20:22] Accepted normal client request.
[2026-06-07 14:20:23] Accepted normal client request.
[2026-06-07 14:20:24] Accepted normal client request.
[2026-06-07 14:20:25] Accepted normal client request.
[2026-06-07 14:20:26] Accepted normal client request.
[2026-06-07 14:20:27] Accepted normal client request.
[2026-06-07 14:20:28] Accepted normal client request.
[2026-06-07 14:20:29] Accepted normal client request.
[2026-06-07 14:20:30] Accepted normal client request.
[2026-06-07 14:20:31] Accepted normal client request.
[2026-06-07 14:20:32] Accepted normal client request.
[2026-06-07 14:20:33] Accepted normal client request.
[2026-06-07 14:20:34] Accepted normal client request.
[2026-06-07 14:20:35] Accepted normal client request.
[2026-06-07 14:20:36] Accepted normal client request.
[2026-06-07 14:20:37] Accepted normal client request.
[2026-06-07 14:20:38] Accepted normal client request.
[2026-06-07 14:20:39] Accepted normal client request.
[2026-06-07 14:20:40] Accepted normal client request.
[2026-06-07 14:20:41] Accepted normal client request.
[2026-06-07 14:20:42] Accepted normal client request.
[2026-06-07 14:20:43] Accepted normal client request.
[2026-06-07 14:20:44] Accepted normal client request.
[2026-06-07 14:20:45] Accepted normal client request.
[2026-06-07 14:20:46] Accepted normal client request.
[2026-06-07 14:20:47] Accepted normal client request.
[2026-06-07 14:20:48] Accepted normal client request.
[2026-06-07 14:20:49] Accepted normal client request.
[2026-06-07 14:20:50] Accepted normal client request.
[2026-06-07 14:20:51] Accepted normal client request.
[2026-06-07 14:20:52] Accepted normal client request.
[2026-06-07 14:20:53] Accepted normal client request.
[2026-06-07 14:20:54] Accepted normal client request.
[2026-06-07 14:20:55] Accepted normal client request.
[2026-06-07 14:20:56] Accepted normal client request.
[2026-06-07 14:20:57] Accepted normal client request.
[2026-06-07 14:20:58] Accepted normal client request.
[2026-06-07 14:20:59] Accepted normal client request.
[2026-06-07 14:21:00] Accepted normal client request.
[2026-06-07 14:21:01] Accepted normal client request.
[2026-06-07 14:21:02] Accepted normal client request.
[2026-06-07 14:21:03] Accepted normal client request.
[2026-06-07 14:21:04] Accepted normal client request.
[2026-06-07 14:21:05] Accepted normal client request.
[2026-06-07 14:21:06] Accepted normal client request.
[2026-06-07 14:21:07] Accepted normal client request.
[2026-06-07 14:21:08] Accepted normal client request.
[2026-06-07 14:21:09] Accepted normal client request.
[2026-06-07 14:21:10] Accepted normal client request.
[2026-06-07 14:21:11] Accepted normal client request.
[2026-06-07 14:21:12] Accepted normal client request.
[2026-06-07 14:21:13] Accepted normal client request.
[2026-06-07 14:21:14] Accepted normal client request.
[2026-06-07 14:21:15] Accepted normal client request.
[2026-06-07 14:21:16] Accepted normal client request.
[2026-06-07 14:21:17] Accepted normal client request.
[2026-06-07 14:21:18] Accepted normal client request.
[2026-06-07 14:21:19] Accepted normal client request.
[2026-06-07 14:21:20] Accepted normal client request.
[2026-06-07 14:21:21] Accepted normal client request.
[2026-06-07 14:21:22] Accepted normal client request.
[2026-06-07 14:21:23] Accepted normal client request.
[2026-06-07 14:21:24] Accepted normal client request.
[2026-06-07 14:21:25] Accepted normal client request.
[2026-06-07 14:21:26] Accepted normal client request.
[2026-06-07 14:21:27] Accepted normal client request.
[2026-06-07 14:21:28] Accepted normal client request.
[2026-06-07 14:21:29] Accepted normal client request.
[2026-06-07 14:21:30] Accepted normal client request.
[2026-06-07 14:21:31] Accepted normal client request.
[2026-06-07 14:21:32] Accepted normal client request.
[2026-06-07 14:21:33] Accepted normal client request.
[2026-06-07 14:21:34] Accepted normal client request.
[2026-06-07 14:21:35] Accepted normal client request.
[2026-06-07 14:21:36] Accepted normal client request.
[2026-06-07 14:21:37] Accepted normal client request.
[2026-06-07 14:21:38] Accepted normal client request.
[2026-06-07 14:21:39] Accepted normal client request.
[2026-06-07 14:21:40] Accepted normal client request.
[2026-06-07 14:21:41] Accepted normal client request.
[2026-06-07 14:21:42] Accepted normal client request.
[2026-06-07 14:21:43] Accepted normal client request.
[2026-06-07 14:21:44] Accepted normal client request.
[2026-06-07 14:21:45] Accepted normal client request.
[2026-06-07 14:21:46] Accepted normal client request.
[2026-06-07 14:21:47] Accepted normal client request.
[2026-06-07 14:21:48] Accepted normal client request.
[2026-06-07 14:21:49] Accepted normal client request.
[2026-06-07 14:21:50] Accepted normal client request.
[2026-06-07 14:21:51] Accepted normal client request.
[2026-06-07 14:21:52] Accepted normal client request.
[2026-06-07 14:21:53] Accepted normal client request.
[2026-06-07 14:21:54] Accepted normal client request.
[2026-06-07 14:21:55] Accepted normal client request.
[2026-06-07 14:21:56] Accepted normal client request.
[2026-06-07 14:21:57] Accepted normal client request.
[2026-06-07 14:21:58] Accepted normal client request.
[2026-06-07 14:21:59] Accepted normal client request.
[2026-06-07 14:22:00] Accepted normal client request.
[2026-06-07 14:22:01] Accepted normal client request.
[2026-06-07 14:22:02] Accepted normal client request.
[2026-06-07 14:22:03] Accepted normal client request.
[2026-06-07 14:22:04] Accepted normal client request.
[2026-06-07 14:22:05] Accepted normal client request.
[2026-06-07 14:22:06] Accepted normal client request.
[2026-06-07 14:22:07] Accepted normal client request.
[2026-06-07 14:22:08] Accepted normal client request.
[2026-06-07 14:22:09] Accepted normal client request.
[2026-06-07 14:22:10] Accepted normal client request.
[2026-06-07 14:22:11] Accepted normal client request.
[2026-06-07 14:22:12] Accepted normal client request.
[2026-06-07 14:22:13] Accepted normal client request.
[2026-06-07 14:22:14] Accepted normal client request.
[2026-06-07 14:22:15] Accepted normal client request.
[2026-06-07 14:22:16] Accepted normal client request.
[2026-06-07 14:22:17] Accepted normal client request.
[2026-06-07 14:22:18] Accepted normal client request.
[2026-06-07 14:22:19] Accepted normal client request.
[2026-06-07 14:22:20] Accepted normal client request.
[2026-06-07 14:22:21] Accepted normal client request.
[2026-06-07 14:22:22] Accepted normal client request.
[2026-06-07 14:22:23] Accepted normal client request.
[2026-06-07 14:22:24] Accepted normal client request.
[2026-06-07 14:22:25] Accepted normal client request.
[2026-06-07 14:22:26] Accepted normal client request.
[2026-06-07 14:22:27] Accepted normal client request.
[2026-06-07 14:22:28] Accepted normal client request.
[2026-06-07 14:22:29] Accepted normal client request.
[2026-06-07 14:22:30] Accepted normal client request.
[2026-06-07 14:22:31] Accepted normal client request.
[2026-06-07 14:22:32] Accepted normal client request.
[2026-06-07 14:22:33] Accepted normal client request.
[2026-06-07 14:22:34] Accepted normal client request.
[2026-06-07 14:22:35] Accepted normal client request.
[2026-06-07 14:22:36] Accepted normal client request.
[2026-06-07 14:22:37] Accepted normal client request.
[2026-06-07 14:22:38] Accepted normal client request.
[2026-06-07 14:22:39] Accepted normal client request.
[2026-06-07 14:22:40] Accepted normal client request.
[2026-06-07 14:22:41] Accepted normal client request.
[2026-06-07 14:22:42] Accepted normal client request.
[2026-06-07 14:22:43] Accepted normal client request.
[2026-06-07 14:22:44] Accepted normal client request.
[2026-06-07 14:22:45] Accepted normal client request.
[2026-06-07 14:22:46] Accepted normal client request.
[2026-06-07 14:22:47] Accepted normal client request.
[2026-06-07 14:22:48] Accepted normal client request.
[2026-06-07 14:22:49] Accepted normal client request.
[2026-06-07 14:22:50] Accepted normal client request.
[2026-06-07 14:22:51] Accepted normal client request.
[2026-06-07 14:22:52] Accepted normal client request.
[2026-06-07 14:22:53] Accepted normal client request.
[2026-06-07 14:22:54] Accepted normal client request.
[2026-06-07 14:22:55] Accepted normal client request.
[2026-06-07 14:22:56] Accepted normal client request.
[2026-06-07 14:22:57] Accepted normal client request.
[2026-06-07 14:22:58] Accepted normal client request.
[2026-06-07 14:22:59] Accepted normal client request.
[2026-06-07 14:23:00] Accepted normal client request.
[2026-06-07 14:23:01] Accepted normal client request.
[2026-06-07 14:23:02] Accepted normal client request.
[2026-06-07 14:23:03] Accepted normal client request.
[2026-06-07 14:23:04] Accepted normal client request.
[2026-06-07 14:23:05] Accepted normal client request.
[2026-06-07 14:23:06] Accepted normal client request.
[2026-06-07 14:23:07] Accepted normal client request.
[2026-06-07 14:23:08] Accepted normal client request.
[2026-06-07 14:23:09] Accepted normal client request.
[2026-06-07 14:23:10] Accepted normal client request.
[2026-06-07 14:23:11] Accepted normal client request.
[2026-06-07 14:23:12] Accepted normal client request.
[2026-06-07 14:23:13] Accepted normal client request.
[2026-06-07 14:23:14] Accepted normal client request.
[2026-06-07 14:23:15] Accepted normal client request.
[2026-06-07 14:23:16] Accepted normal client request.
[2026-06-07 14:23:17] Accepted normal client request.
[2026-06-07 14:23:18] Accepted normal client request.
[2026-06-07 14:23:19] Accepted normal client request.
[2026-06-07 14:23:20] Accepted normal client request.
[2026-06-07 14:23:21] Accepted normal client request.
[2026-06-07 14:23:22] Accepted normal client request.
[2026-06-07 14:23:23] Accepted normal client request.
[2026-06-07 14:23:24] Accepted normal client request.
[2026-06-07 14:23:25] Accepted normal client request.
[2026-06-07 14:23:26] Accepted normal client request.
[2026-06-07 14:23:27] Accepted normal client request.
[2026-06-07 14:23:28] Accepted normal client request.
[2026-06-07 14:23:29] Accepted normal client request.
[2026-06-07 14:23:30] Accepted normal client request.
[2026-06-07 14:23:31] Accepted normal client request.
[2026-06-07 14:23:32] Accepted normal client request.
[2026-06-07 14:23:33] Accepted normal client request.
[2026-06-07 14:23:34] Accepted normal client request.
[2026-06-07 14:23:36] Accepted normal client request.
[2026-06-07 14:23:37] Accepted normal client request.
[2026-06-07 14:23:38] Accepted normal client request.
[2026-06-07 14:23:39] Accepted normal client request.
[2026-06-07 14:23:40] Accepted normal client request.
[2026-06-07 14:23:41] Accepted normal client request.
[2026-06-07 14:23:42] Accepted normal client request.
[2026-06-07 14:23:43] Accepted normal client request.
[2026-06-07 14:23:44] Accepted normal client request.
[2026-06-07 14:23:45] Accepted normal client request.
[2026-06-07 14:23:46] Accepted normal client request.
[2026-06-07 14:23:47] Accepted normal client request.
[2026-06-07 14:23:48] Accepted normal client request.
[2026-06-07 14:23:49] Accepted normal client request.
[2026-06-07 14:23:50] Accepted normal client request.
[2026-06-07 14:23:51] Accepted normal client request.
[2026-06-07 14:23:52] Accepted normal client request.
[2026-06-07 14:23:53] Accepted normal client request.
[2026-06-07 14:23:54] Accepted normal client request.
[2026-06-07 14:23:55] Accepted normal client request.
[2026-06-07 14:23:56] Accepted normal client request.
[2026-06-07 14:23:57] Accepted normal client request.
[2026-06-07 14:23:58] Accepted normal client request.
[2026-06-07 14:23:59] Accepted normal client request.
[2026-06-07 14:24:00] Accepted normal client request.
[2026-06-07 14:24:01] Accepted normal client request.
[2026-06-07 14:24:02] Accepted normal client request.
[2026-06-07 14:24:03] Accepted normal client request.
[2026-06-07 14:24:04] Accepted normal client request.
[2026-06-07 14:24:05] Accepted normal client request.
[2026-06-07 14:24:06] Accepted normal client request.
[2026-06-07 14:24:07] Accepted normal client request.
[2026-06-07 14:24:08] Accepted normal client request.
[2026-06-07 14:24:09] Accepted normal client request.
[2026-06-07 14:24:10] Accepted normal client request.
[2026-06-07 14:24:11] Accepted normal client request.
[2026-06-07 14:24:12] Accepted normal client request.
[2026-06-07 14:24:13] Accepted normal client request.
[2026-06-07 14:24:14] Accepted normal client request.
[2026-06-07 14:24:15] Accepted normal client request.
[2026-06-07 14:24:16] Accepted normal client request.
[2026-06-07 14:24:17] Accepted normal client request.
[2026-06-07 14:24:18] Accepted normal client request.
[2026-06-07 14:24:19] Accepted normal client request.
[2026-06-07 14:24:20] Accepted normal client request.
[2026-06-07 14:24:21] Accepted normal client request.
[2026-06-07 14:24:22] Accepted normal client request.
[2026-06-07 14:24:23] Accepted normal client request.
[2026-06-07 14:24:24] Accepted normal client request.
[2026-06-07 14:24:25] Accepted normal client request.
[2026-06-07 14:24:26] Accepted normal client request.
[2026-06-07 14:24:27] Accepted normal client request.
[2026-06-07 14:24:28] Accepted normal client request.
[2026-06-07 14:24:29] Accepted normal client request.
[2026-06-07 14:24:30] Accepted normal client request.
[2026-06-07 14:24:31] Accepted normal client request.
[2026-06-07 14:24:32] Accepted normal client request.
[2026-06-07 14:24:33] Accepted normal client request.
[2026-06-07 14:24:34] Accepted normal client request.
[2026-06-07 14:24:35] Accepted normal client request.
[2026-06-07 14:24:36] Accepted normal client request.
[2026-06-07 14:24:37] Accepted normal client request.
[2026-06-07 14:24:38] Accepted normal client request.
[2026-06-07 14:24:39] Accepted normal client request.
[2026-06-07 14:24:40] Accepted normal client request.
[2026-06-07 14:24:41] Accepted normal client request.
[2026-06-07 14:24:42] Accepted normal client request.
[2026-06-07 14:24:43] Accepted normal client request.
[2026-06-07 14:24:44] Accepted normal client request.
[2026-06-07 14:24:45] Accepted normal client request.
[2026-06-07 14:24:46] Accepted normal client request.
[2026-06-07 14:24:47] Accepted normal client request.
[2026-06-07 14:24:48] Accepted normal client request.
[2026-06-07 14:24:49] Accepted normal client request.
[2026-06-07 14:24:50] Accepted normal client request.
[2026-06-07 14:24:51] Accepted normal client request.
[2026-06-07 14:24:52] Accepted normal client request.
[2026-06-07 14:24:53] Accepted normal client request.
[2026-06-07 14:24:54] Accepted normal client request.
[2026-06-07 14:24:55] Accepted normal client request.
[2026-06-07 14:24:56] Accepted normal client request.
[2026-06-07 14:24:57] Accepted normal client request.
[2026-06-07 14:24:58] Accepted normal client request.
[2026-06-07 14:24:59] Accepted normal client request.
[2026-06-07 14:25:00] Accepted normal client request.
[2026-06-07 14:25:01] Accepted normal client request.
[2026-06-07 14:25:02] Accepted normal client request.
[2026-06-07 14:25:03] Accepted normal client request.
[2026-06-07 14:25:04] Accepted normal client request.
[2026-06-07 14:25:05] Accepted normal client request.
[2026-06-07 14:25:06] Accepted normal client request.
[2026-06-07 14:25:07] Accepted normal client request.
[2026-06-07 14:25:08] Accepted normal client request.
[2026-06-07 14:25:09] Accepted normal client request.
[2026-06-07 14:25:10] Accepted normal client request.
[2026-06-07 14:25:11] Accepted normal client request.
[2026-06-07 14:25:12] Accepted normal client request.
[2026-06-07 14:25:13] Accepted normal client request.
[2026-06-07 14:25:14] Accepted normal client request.
[2026-06-07 14:25:15] Accepted normal client request.
[2026-06-07 14:25:16] Accepted normal client request.
[2026-06-07 14:25:17] Accepted normal client request.
[2026-06-07 14:25:18] Accepted normal client request.
[2026-06-07 14:25:19] Accepted normal client request.
[2026-06-07 14:25:20] Accepted normal client request.
[2026-06-07 14:25:21] Accepted normal client request.
[2026-06-07 14:25:22] Accepted normal client request.
[2026-06-07 14:25:23] Accepted normal client request.
[2026-06-07 14:25:24] Accepted normal client request.
[2026-06-07 14:25:25] Accepted normal client request.
[2026-06-07 14:25:26] Accepted normal client request.
[2026-06-07 14:25:27] Accepted normal client request.
[2026-06-07 14:25:28] Accepted normal client request.
[2026-06-07 14:25:29] Accepted normal client request.
[2026-06-07 14:25:30] Accepted normal client request.
[2026-06-07 14:25:31] Accepted normal client request.
[2026-06-07 14:25:32] Accepted normal client request.
[2026-06-07 14:25:33] Accepted normal client request.
[2026-06-07 14:25:34] Accepted normal client request.
[2026-06-07 14:25:35] Accepted normal client request.
[2026-06-07 14:25:36] Accepted normal client request.
[2026-06-07 14:25:37] Accepted normal client request.
[2026-06-07 14:25:38] Accepted normal client request.
[2026-06-07 14:25:39] Accepted normal client request.
[2026-06-07 14:25:40] Accepted normal client request.
[2026-06-07 14:25:41] Accepted normal client request.
[2026-06-07 14:25:42] Accepted normal client request.
[2026-06-07 14:25:43] Accepted normal client request.
[2026-06-07 14:25:44] Accepted normal client request.
[2026-06-07 14:25:45] Accepted normal client request.
[2026-06-07 14:25:46] Accepted normal client request.
[2026-06-07 14:25:47] Accepted normal client request.
[2026-06-07 14:25:48] Accepted normal client request.
[2026-06-07 14:25:49] Accepted normal client request.
[2026-06-07 14:25:50] Accepted normal client request.
[2026-06-07 14:25:51] Accepted normal client request.
[2026-06-07 14:25:52] Accepted normal client request.
[2026-06-07 14:25:53] Accepted normal client request.
[2026-06-07 14:25:54] Accepted normal client request.
[2026-06-07 14:25:55] Accepted normal client request.
[2026-06-07 14:25:56] Accepted normal client request.
[2026-06-07 14:25:57] Accepted normal client request.
[2026-06-07 14:25:58] Accepted normal client request.
[2026-06-07 14:25:59] Accepted normal client request.
[2026-06-07 14:26:00] Accepted normal client request.
[2026-06-07 14:26:01] Accepted normal client request.
[2026-06-07 14:26:02] Accepted normal client request.
[2026-06-07 14:26:03] Accepted normal client request.
[2026-06-07 14:26:04] Accepted normal client request.
[2026-06-07 14:26:05] Accepted normal client request.
[2026-06-07 14:26:06] Accepted normal client request.
[2026-06-07 14:26:07] Accepted normal client request.
[2026-06-07 14:26:08] Accepted normal client request.
[2026-06-07 14:26:09] Accepted normal client request.
[2026-06-07 14:26:10] Accepted normal client request.
[2026-06-07 14:26:11] Accepted normal client request.
[2026-06-07 14:26:12] Accepted normal client request.
[2026-06-07 14:26:13] Accepted normal client request.
[2026-06-07 14:26:14] Accepted normal client request.
[2026-06-07 14:26:15] Accepted normal client request.
[2026-06-07 14:26:16] Accepted normal client request.
[2026-06-07 14:26:17] Accepted normal client request.
[2026-06-07 14:26:18] Accepted normal client request.
[2026-06-07 14:26:19] Accepted normal client request.
[2026-06-07 14:26:20] Accepted normal client request.
[2026-06-07 14:26:21] Accepted normal client request.
[2026-06-07 14:26:22] Accepted normal client request.
[2026-06-07 14:26:23] Accepted normal client request.
[2026-06-07 14:26:24] Accepted normal client request.
[2026-06-07 14:26:25] Accepted normal client request.
[2026-06-07 14:26:26] Accepted normal client request.
[2026-06-07 14:26:27] Accepted normal client request.
[2026-06-07 14:26:28] Accepted normal client request.
[2026-06-07 14:26:29] Accepted normal client request.
[2026-06-07 14:26:30] Accepted normal client request.
[2026-06-07 14:26:31] Accepted normal client request.
[2026-06-07 14:26:32] Accepted normal client request.
[2026-06-07 14:26:33] Accepted normal client request.
[2026-06-07 14:26:34] Accepted normal client request.
[2026-06-07 14:26:35] Accepted normal client request.
[2026-06-07 14:26:36] Accepted normal client request.
[2026-06-07 14:26:37] Accepted normal client request.
[2026-06-07 14:26:38] Accepted normal client request.
[2026-06-07 14:26:39] Accepted normal client request.
[2026-06-07 14:26:40] Accepted normal client request.
[2026-06-07 14:26:41] Accepted normal client request.
[2026-06-07 14:26:42] Accepted normal client request.
[2026-06-07 14:26:43] Accepted normal client request.
[2026-06-07 14:26:45] Accepted normal client request.
[2026-06-07 14:26:46] Accepted normal client request.
[2026-06-07 14:26:47] Accepted normal client request.
[2026-06-07 14:26:48] Accepted normal client request.
[2026-06-07 14:26:49] Accepted normal client request.
[2026-06-07 14:26:50] Accepted normal client request.
[2026-06-07 14:26:51] Accepted normal client request.
[2026-06-07 14:26:52] Accepted normal client request.
[2026-06-07 14:26:53] Accepted normal client request.
[2026-06-07 14:26:54] Accepted normal client request.
[2026-06-07 14:26:55] Accepted normal client request.
[2026-06-07 14:26:56] Accepted normal client request.
[2026-06-07 14:26:57] Accepted normal client request.
[2026-06-07 14:26:58] Accepted normal client request.
[2026-06-07 14:26:59] Accepted normal client request.
[2026-06-07 14:27:00] Accepted normal client request.
[2026-06-07 14:27:01] Accepted normal client request.
[2026-06-07 14:27:02] Accepted normal client request.
[2026-06-07 14:27:03] Accepted normal client request.
[2026-06-07 14:27:04] Accepted normal client request.
[2026-06-07 14:27:05] Accepted normal client request.
[2026-06-07 14:27:06] Accepted normal client request.
[2026-06-07 14:27:07] Accepted normal client request.
[2026-06-07 14:27:08] Accepted normal client request.
[2026-06-07 14:27:09] Accepted normal client request.
[2026-06-07 14:27:10] Accepted normal client request.
[2026-06-07 14:27:11] Accepted normal client request.
[2026-06-07 14:27:12] Accepted normal client request.
[2026-06-07 14:27:13] Accepted normal client request.
[2026-06-07 14:27:14] Accepted normal client request.
[2026-06-07 14:27:15] Accepted normal client request.
[2026-06-07 14:27:16] Accepted normal client request.
[2026-06-07 14:27:17] Accepted normal client request.
[2026-06-07 14:27:18] Accepted normal client request.
[2026-06-07 14:27:19] Accepted normal client request.
[2026-06-07 14:27:20] Accepted normal client request.
[2026-06-07 14:27:21] Accepted normal client request.
[2026-06-07 14:27:22] Accepted normal client request.
[2026-06-07 14:27:23] Accepted normal client request.
[2026-06-07 14:27:24] Accepted normal client request.
[2026-06-07 14:27:25] Accepted normal client request.
[2026-06-07 14:27:26] Accepted normal client request.
[2026-06-07 14:27:27] Accepted normal client request.
[2026-06-07 14:27:28] Accepted normal client request.
[2026-06-07 14:27:29] Accepted normal client request.
[2026-06-07 14:27:30] Accepted normal client request.
[2026-06-07 14:27:31] Accepted normal client request.
[2026-06-07 14:27:32] Accepted normal client request.
[2026-06-07 14:27:33] Accepted normal client request.
[2026-06-07 14:27:34] Accepted normal client request.
[2026-06-07 14:27:35] Accepted normal client request.
[2026-06-07 14:27:36] Accepted normal client request.
[2026-06-07 14:27:37] Accepted normal client request.
[2026-06-07 14:27:38] Accepted normal client request.
[2026-06-07 14:27:39] Accepted normal client request.
[2026-06-07 14:27:40] Accepted normal client request.
[2026-06-07 14:27:41] Accepted normal client request.
[2026-06-07 14:27:42] Accepted normal client request.
[2026-06-07 14:27:43] Accepted normal client request.
[2026-06-07 14:27:44] Accepted normal client request.
[2026-06-07 14:27:46] Accepted normal client request.
[2026-06-07 14:27:47] Accepted normal client request.
[2026-06-07 14:27:48] Accepted normal client request.
[2026-06-07 14:27:49] Accepted normal client request.
[2026-06-07 14:27:50] Accepted normal client request.
[2026-06-07 14:27:51] Accepted normal client request.
[2026-06-07 14:27:52] Accepted normal client request.
[2026-06-07 14:27:53] Accepted normal client request.
[2026-06-07 14:27:54] Accepted normal client request.
[2026-06-07 14:27:55] Accepted normal client request.
[2026-06-07 14:27:56] Accepted normal client request.
[2026-06-07 14:27:57] Accepted normal client request.
[2026-06-07 14:27:58] Accepted normal client request.
[2026-06-07 14:27:59] Accepted normal client request.
[2026-06-07 14:28:00] Accepted normal client request.
[2026-06-07 14:28:01] Accepted normal client request.
[2026-06-07 14:28:02] Accepted normal client request.
[2026-06-07 14:28:03] Accepted normal client request.
[2026-06-07 14:28:04] Accepted normal client request.
[2026-06-07 14:28:05] Accepted normal client request.
[2026-06-07 14:28:06] Accepted normal client request.
[2026-06-07 14:28:07] Accepted normal client request.
[2026-06-07 14:28:08] Accepted normal client request.
[2026-06-07 14:28:09] Accepted normal client request.
[2026-06-07 14:28:10] Accepted normal client request.
[2026-06-07 14:28:11] Accepted normal client request.
[2026-06-07 14:28:12] Accepted normal client request.
[2026-06-07 14:28:13] Accepted normal client request.
[2026-06-07 14:28:14] Accepted normal client request.
[2026-06-07 14:28:15] Accepted normal client request.
[2026-06-07 14:28:16] Accepted normal client request.
[2026-06-07 14:28:17] Accepted normal client request.
[2026-06-07 14:28:18] Accepted normal client request.
[2026-06-07 14:28:19] Accepted normal client request.
[2026-06-07 14:28:20] Accepted normal client request.
[2026-06-07 14:28:21] Accepted normal client request.
[2026-06-07 14:28:22] Accepted normal client request.
[2026-06-07 14:28:23] Accepted normal client request.
[2026-06-07 14:28:24] Accepted normal client request.
[2026-06-07 14:28:25] Accepted normal client request.
[2026-06-07 14:28:26] Accepted normal client request.
[2026-06-07 14:28:27] Accepted normal client request.
[2026-06-07 14:28:28] Accepted normal client request.
[2026-06-07 14:28:29] Accepted normal client request.
[2026-06-07 14:28:30] Accepted normal client request.
[2026-06-07 14:28:31] Accepted normal client request.
[2026-06-07 14:28:32] Accepted normal client request.
[2026-06-07 14:28:33] Accepted normal client request.
[2026-06-07 14:28:34] Accepted normal client request.
[2026-06-07 14:28:35] Accepted normal client request.
[2026-06-07 14:28:36] Accepted normal client request.
[2026-06-07 14:28:37] Accepted normal client request.
[2026-06-07 14:28:38] Accepted normal client request.
[2026-06-07 14:28:39] Accepted normal client request.
[2026-06-07 14:28:40] Accepted normal client request.
[2026-06-07 14:28:41] Accepted normal client request.
[2026-06-07 14:28:42] Accepted normal client request.
[2026-06-07 14:28:43] Accepted normal client request.
[2026-06-07 14:28:44] Accepted normal client request.
[2026-06-07 14:28:45] Accepted normal client request.
[2026-06-07 14:28:46] Accepted normal client request.
[2026-06-07 14:28:47] Accepted normal client request.
[2026-06-07 14:28:48] Accepted normal client request.
[2026-06-07 14:28:49] Accepted normal client request.
[2026-06-07 14:28:50] Accepted normal client request.
[2026-06-07 14:28:51] Accepted normal client request.
[2026-06-07 14:28:52] Accepted normal client request.
[2026-06-07 14:28:53] Accepted normal client request.
[2026-06-07 14:28:54] Accepted normal client request.
[2026-06-07 14:28:55] Accepted normal client request.
[2026-06-07 14:28:56] Accepted normal client request.
[2026-06-07 14:28:57] Accepted normal client request.
[2026-06-07 14:28:58] Accepted normal client request.
[2026-06-07 14:28:59] Accepted normal client request.
[2026-06-07 14:29:00] Accepted normal client request.
[2026-06-07 14:29:01] Accepted normal client request.
[2026-06-07 14:29:02] Accepted normal client request.
[2026-06-07 14:29:03] Accepted normal client request.
[2026-06-07 14:29:04] Accepted normal client request.
[2026-06-07 14:29:05] Accepted normal client request.
[2026-06-07 14:29:06] Accepted normal client request.
[2026-06-07 14:29:07] Accepted normal client request.
[2026-06-07 14:29:08] Accepted normal client request.
[2026-06-07 14:29:09] Accepted normal client request.
[2026-06-07 14:29:10] Accepted normal client request.
[2026-06-07 14:29:11] Accepted normal client request.
[2026-06-07 14:29:12] Accepted normal client request.
[2026-06-07 14:29:13] Accepted normal client request.
[2026-06-07 14:29:14] Accepted normal client request.
[2026-06-07 14:29:15] Accepted normal client request.
[2026-06-07 14:29:16] Accepted normal client request.
[2026-06-07 14:29:17] Accepted normal client request.
[2026-06-07 14:29:18] Accepted normal client request.
[2026-06-07 14:29:19] Accepted normal client request.
[2026-06-07 14:29:20] Accepted normal client request.
[2026-06-07 14:29:21] Accepted normal client request.
[2026-06-07 14:29:22] Accepted normal client request.
[2026-06-07 14:29:23] Accepted normal client request.
[2026-06-07 14:29:24] Accepted normal client request.
[2026-06-07 14:29:25] Accepted normal client request.
[2026-06-07 14:29:26] Accepted normal client request.
[2026-06-07 14:29:27] Accepted normal client request.
[2026-06-07 14:29:28] Accepted normal client request.
[2026-06-07 14:29:29] Accepted normal client request.
[2026-06-07 14:29:30] Accepted normal client request.
[2026-06-07 14:29:31] Accepted normal client request.
[2026-06-07 14:29:32] Accepted normal client request.
[2026-06-07 14:29:33] Accepted normal client request.
[2026-06-07 14:29:34] Accepted normal client request.
[2026-06-07 14:29:35] Accepted normal client request.
[2026-06-07 14:29:36] Accepted normal client request.
[2026-06-07 14:29:37] Accepted normal client request.
[2026-06-07 14:29:38] Accepted normal client request.
[2026-06-07 14:29:39] Accepted normal client request.
[2026-06-07 14:29:40] Accepted normal client request.
[2026-06-07 14:29:41] Accepted normal client request.
[2026-06-07 14:29:42] Accepted normal client request.
[2026-06-07 14:29:43] Accepted normal client request.
[2026-06-07 14:29:44] Accepted normal client request.
[2026-06-07 14:29:45] Accepted normal client request.
[2026-06-07 14:29:46] Accepted normal client request.
[2026-06-07 14:29:47] Accepted normal client request.
[2026-06-07 14:29:48] Accepted normal client request.
[2026-06-07 14:29:49] Accepted normal client request.
[2026-06-07 14:29:50] Accepted normal client request.
[2026-06-07 14:29:51] Accepted normal client request.
[2026-06-07 14:29:52] Accepted normal client request.
[2026-06-07 14:29:53] Accepted normal client request.
[2026-06-07 14:29:54] Accepted normal client request.
[2026-06-07 14:29:55] Accepted normal client request.
[2026-06-07 14:29:56] Accepted normal client request.
[2026-06-07 14:29:57] Accepted normal client request.
[2026-06-07 14:29:58] Accepted normal client request.
[2026-06-07 14:29:59] Accepted normal client request.
[2026-06-07 14:30:00] Accepted normal client request.
[2026-06-07 14:30:01] Accepted normal client request.
[2026-06-07 14:30:02] Accepted normal client request.
[2026-06-07 14:30:03] Accepted normal client request.
[2026-06-07 14:30:04] Accepted normal client request.
[2026-06-07 14:30:05] Accepted normal client request.
[2026-06-07 14:30:06] Accepted normal client request.
[2026-06-07 14:30:07] Accepted normal client request.
[2026-06-07 14:30:08] Accepted normal client request.
[2026-06-07 14:30:09] Accepted normal client request.
[2026-06-07 14:30:10] Accepted normal client request.
[2026-06-07 14:30:11] Accepted normal client request.
[2026-06-07 14:30:12] Accepted normal client request.
[2026-06-07 14:30:13] Accepted normal client request.
[2026-06-07 14:30:14] Accepted normal client request.
[2026-06-07 14:30:15] Accepted normal client request.
[2026-06-07 14:30:16] Accepted normal client request.
[2026-06-07 14:30:17] Accepted normal client request.
[2026-06-07 14:30:18] Accepted normal client request.
[2026-06-07 14:30:19] Accepted normal client request.
[2026-06-07 14:30:20] Accepted normal client request.
[2026-06-07 14:30:21] Accepted normal client request.
[2026-06-07 14:30:22] Accepted normal client request.
[2026-06-07 14:30:23] Accepted normal client request.
[2026-06-07 14:30:24] Accepted normal client request.
[2026-06-07 14:30:25] Accepted normal client request.
[2026-06-07 14:30:26] Accepted normal client request.
[2026-06-07 14:30:27] Accepted normal client request.
[2026-06-07 14:30:28] Accepted normal client request.
[2026-06-07 14:30:29] Accepted normal client request.
[2026-06-07 14:30:30] Accepted normal client request.
[2026-06-07 14:30:31] Accepted normal client request.
[2026-06-07 14:30:32] Accepted normal client request.
[2026-06-07 14:30:33] Accepted normal client request.
[2026-06-07 14:30:34] Accepted normal client request.
[2026-06-07 14:30:35] Accepted normal client request.
[2026-06-07 14:30:36] Accepted normal client request.
[2026-06-07 14:30:37] Accepted normal client request.
[2026-06-07 14:30:38] Accepted normal client request.
[2026-06-07 14:30:39] Accepted normal client request.
[2026-06-07 14:30:40] Accepted normal client request.
[2026-06-07 14:30:41] Accepted normal client request.
[2026-06-07 14:30:42] Accepted normal client request.
[2026-06-07 14:30:43] Accepted normal client request.
[2026-06-07 14:30:44] Accepted normal client request.
[2026-06-07 14:30:45] Accepted normal client request.
[2026-06-07 14:30:46] Accepted normal client request.
[2026-06-07 14:30:47] Accepted normal client request.
[2026-06-07 14:30:48] Accepted normal client request.
[2026-06-07 14:30:49] Accepted normal client request.
[2026-06-07 14:30:50] Accepted normal client request.
[2026-06-07 14:30:51] Accepted normal client request.
[2026-06-07 14:30:52] Accepted normal client request.
[2026-06-07 14:30:53] Accepted normal client request.
[2026-06-07 14:30:54] Accepted normal client request.
[2026-06-07 14:30:55] Accepted normal client request.
[2026-06-07 14:30:56] Accepted normal client request.
[2026-06-07 14:30:57] Accepted normal client request.
[2026-06-07 14:30:58] Accepted normal client request.
[2026-06-07 14:30:59] Accepted normal client request.
[2026-06-07 14:31:00] Accepted normal client request.
[2026-06-07 14:31:01] Accepted normal client request.
[2026-06-07 14:31:02] Accepted normal client request.
[2026-06-07 14:31:03] Accepted normal client request.
[2026-06-07 14:31:04] Accepted normal client request.
[2026-06-07 14:31:05] Accepted normal client request.
[2026-06-07 14:31:06] Accepted normal client request.
[2026-06-07 14:31:07] Accepted normal client request.
[2026-06-07 14:31:08] Accepted normal client request.
[2026-06-07 14:31:09] Accepted normal client request.
[2026-06-07 14:31:10] Accepted normal client request.
[2026-06-07 14:31:11] Accepted normal client request.
[2026-06-07 14:31:12] Accepted normal client request.
[2026-06-07 14:31:13] Accepted normal client request.
[2026-06-07 14:31:14] Accepted normal client request.
[2026-06-07 14:31:15] Accepted normal client request.
[2026-06-07 14:31:16] Accepted normal client request.
[2026-06-07 14:31:17] Accepted normal client request.
[2026-06-07 14:31:18] Accepted normal client request.
[2026-06-07 14:31:19] Accepted normal client request.
[2026-06-07 14:31:20] Accepted normal client request.
[2026-06-07 14:31:21] Accepted normal client request.
[2026-06-07 14:31:22] Accepted normal client request.
[2026-06-07 14:31:23] Accepted normal client request.
[2026-06-07 14:31:24] Accepted normal client request.
[2026-06-07 14:31:25] Accepted normal client request.
[2026-06-07 14:31:26] Accepted normal client request.
[2026-06-07 14:31:27] Accepted normal client request.
[2026-06-07 14:31:28] Accepted normal client request.
[2026-06-07 14:31:29] Accepted normal client request.
[2026-06-07 14:31:30] Accepted normal client request.
[2026-06-07 14:31:31] Accepted normal client request.
[2026-06-07 14:31:32] Accepted normal client request.
[2026-06-07 14:31:33] Accepted normal client request.
[2026-06-07 14:31:34] Accepted normal client request.
[2026-06-07 14:31:35] Accepted normal client request.
[2026-06-07 14:31:36] Accepted normal client request.
[2026-06-07 14:31:37] Accepted normal client request.
[2026-06-07 14:31:38] Accepted normal client request.
[2026-06-07 14:31:39] Accepted normal client request.
[2026-06-07 14:31:40] Accepted normal client request.
[2026-06-07 14:31:41] Accepted normal client request.
[2026-06-07 14:31:42] Accepted normal client request.
[2026-06-07 14:31:44] Accepted normal client request.
[2026-06-07 14:31:45] Accepted normal client request.
[2026-06-07 14:31:46] Accepted normal client request.
[2026-06-07 14:31:47] Accepted normal client request.
[2026-06-07 14:31:48] Accepted normal client request.
[2026-06-07 14:31:49] Accepted normal client request.
[2026-06-07 14:31:50] Accepted normal client request.
[2026-06-07 14:31:51] Accepted normal client request.
[2026-06-07 14:31:52] Accepted normal client request.
[2026-06-07 14:31:53] Accepted normal client request.
[2026-06-07 14:31:54] Accepted normal client request.
[2026-06-07 14:31:55] Accepted normal client request.
[2026-06-07 14:31:56] Accepted normal client request.
[2026-06-07 14:31:57] Accepted normal client request.
[2026-06-07 14:31:58] Accepted normal client request.
[2026-06-07 14:31:59] Accepted normal client request.
[2026-06-07 14:32:00] Accepted normal client request.
[2026-06-07 14:32:01] Accepted normal client request.
[2026-06-07 14:32:02] Accepted normal client request.
[2026-06-07 14:32:03] Accepted normal client request.
[2026-06-07 14:32:04] Accepted normal client request.
[2026-06-07 14:32:05] Accepted normal client request.
[2026-06-07 14:32:06] Accepted normal client request.
[2026-06-07 14:32:07] Accepted normal client request.
[2026-06-07 14:32:08] Accepted normal client request.
[2026-06-07 14:32:09] Accepted normal client request.
[2026-06-07 14:32:10] Accepted normal client request.
[2026-06-07 14:32:11] Accepted normal client request.
[2026-06-07 14:32:12] Accepted normal client request.
[2026-06-07 14:32:13] Accepted normal client request.
[2026-06-07 14:32:14] Accepted normal client request.
[2026-06-07 14:32:15] Accepted normal client request.
[2026-06-07 14:32:16] Accepted normal client request.
[2026-06-07 14:32:17] Accepted normal client request.
[2026-06-07 14:32:18] Accepted normal client request.
[2026-06-07 14:32:19] Accepted normal client request.
[2026-06-07 14:32:20] Accepted normal client request.
[2026-06-07 14:32:21] Accepted normal client request.
[2026-06-07 14:32:22] Accepted normal client request.
[2026-06-07 14:32:23] Accepted normal client request.
[2026-06-07 14:32:24] Accepted normal client request.
[2026-06-07 14:32:25] Accepted normal client request.
[2026-06-07 14:32:26] Accepted normal client request.
[2026-06-07 14:32:27] Accepted normal client request.
[2026-06-07 14:32:28] Accepted normal client request.
[2026-06-07 14:32:29] Accepted normal client request.
[2026-06-07 14:32:30] Accepted normal client request.
[2026-06-07 14:32:31] Accepted normal client request.
[2026-06-07 14:32:32] Accepted normal client request.
[2026-06-07 14:32:33] Accepted normal client request.
[2026-06-07 14:32:34] Accepted normal client request.
[2026-06-07 14:32:35] Accepted normal client request.
[2026-06-07 14:32:36] Accepted normal client request.
[2026-06-07 14:32:37] Accepted normal client request.
[2026-06-07 14:32:38] Accepted normal client request.
[2026-06-07 14:32:39] Accepted normal client request.
[2026-06-07 14:32:40] Accepted normal client request.
[2026-06-07 14:32:41] Accepted normal client request.
[2026-06-07 14:32:42] Accepted normal client request.
[2026-06-07 14:32:43] Accepted normal client request.
[2026-06-07 14:32:44] Accepted normal client request.
[2026-06-07 14:32:45] Accepted normal client request.
[2026-06-07 14:32:46] Accepted normal client request.
[2026-06-07 14:32:47] Accepted normal client request.
[2026-06-07 14:32:48] Accepted normal client request.
[2026-06-07 14:32:49] Accepted normal client request.
[2026-06-07 14:32:50] Accepted normal client request.
[2026-06-07 14:32:51] Accepted normal client request.
[2026-06-07 14:32:52] Accepted normal client request.
[2026-06-07 14:32:53] Accepted normal client request.
[2026-06-07 14:32:54] Accepted normal client request.
[2026-06-07 14:32:55] Accepted normal client request.
[2026-06-07 14:32:56] Accepted normal client request.
[2026-06-07 14:32:57] Accepted normal client request.
[2026-06-07 14:32:58] Accepted normal client request.
[2026-06-07 14:32:59] Accepted normal client request.
[2026-06-07 14:33:00] Accepted normal client request.
[2026-06-07 14:33:01] Accepted normal client request.
[2026-06-07 14:33:02] Accepted normal client request.
[2026-06-07 14:33:03] Accepted normal client request.
[2026-06-07 14:33:04] Accepted normal client request.
[2026-06-07 14:33:05] Accepted normal client request.
[2026-06-07 14:33:06] Accepted normal client request.
[2026-06-07 14:33:07] Accepted normal client request.
[2026-06-07 14:33:08] Accepted normal client request.
[2026-06-07 14:33:09] Accepted normal client request.
[2026-06-07 14:33:10] Accepted normal client request.
[2026-06-07 14:33:11] Accepted normal client request.
[2026-06-07 14:33:12] Accepted normal client request.
[2026-06-07 14:33:13] Accepted normal client request.
[2026-06-07 14:33:14] Accepted normal client request.
[2026-06-07 14:33:15] Accepted normal client request.
[2026-06-07 14:33:16] Accepted normal client request.
[2026-06-07 14:33:17] Accepted normal client request.
[2026-06-07 14:33:18] Accepted normal client request.
[2026-06-07 14:33:19] Accepted normal client request.
[2026-06-07 14:33:20] Accepted normal client request.
[2026-06-07 14:33:21] Accepted normal client request.
[2026-06-07 14:33:22] Accepted normal client request.
[2026-06-07 14:33:23] Accepted normal client request.
[2026-06-07 14:33:24] Accepted normal client request.
[2026-06-07 14:33:25] Accepted normal client request.
[2026-06-07 14:33:26] Accepted normal client request.
[2026-06-07 14:33:27] Accepted normal client request.
[2026-06-07 14:33:28] Accepted normal client request.
[2026-06-07 14:33:29] Accepted normal client request.
[2026-06-07 14:33:30] Accepted normal client request.
[2026-06-07 14:33:31] Accepted normal client request.
[2026-06-07 14:33:32] Accepted normal client request.
[2026-06-07 14:33:33] Accepted normal client request.
[2026-06-07 14:33:34] Accepted normal client request.
[2026-06-07 14:33:35] Accepted normal client request.
[2026-06-07 14:33:36] Accepted normal client request.
[2026-06-07 14:33:37] Accepted normal client request.
[2026-06-07 14:33:39] Accepted normal client request.
[2026-06-07 14:33:40] Accepted normal client request.
[2026-06-07 14:33:43] Accepted normal client request.
[2026-06-07 14:33:45] Accepted normal client request.
[2026-06-07 17:01:08] Accepted normal client request.
[2026-06-07 17:01:11] Accepted normal client request.
[2026-06-07 18:17:45] Accepted normal client request.
[2026-06-07 18:17:46] Accepted normal client request.
[2026-06-07 18:17:47] Accepted normal client request.
[2026-06-07 18:17:48] Accepted normal client request.
[2026-06-07 18:17:49] Accepted normal client request.
[2026-06-07 18:17:50] Accepted normal client request.
[2026-06-07 18:17:51] Accepted normal client request.
[2026-06-07 18:17:51] Accepted normal client request.
[2026-06-07 18:17:51] Accepted normal client request.
[2026-06-07 18:17:52] Accepted normal client request.
[2026-06-07 18:17:53] Accepted normal client request.
[2026-06-07 18:17:54] Accepted normal client request.
[2026-06-07 18:17:54] Normal request processed for: Browser
[2026-06-07 18:17:54] Accepted normal client request.
[2026-06-07 18:17:55] Accepted normal client request.
[2026-06-07 18:17:56] Accepted normal client request.
[2026-06-07 18:17:57] Accepted normal client request.
[2026-06-07 18:17:57] Normal request processed for: Browser
[2026-06-07 18:17:57] Accepted normal client request.
[2026-06-07 18:17:58] Accepted normal client request.
[2026-06-07 18:17:59] Accepted normal client request.
[2026-06-07 18:18:00] Accepted normal client request.
[2026-06-07 18:18:00] Normal request processed for: Browser
[2026-06-07 18:18:01] Accepted normal client request.
[2026-06-07 18:18:02] Accepted normal client request.
[2026-06-07 18:18:03] Accepted normal client request.
[2026-06-07 18:18:04] Accepted normal client request.
[2026-06-07 18:18:05] Accepted normal client request.
[2026-06-07 18:18:06] Accepted normal client request.
[2026-06-07 18:18:07] Accepted normal client request.
[2026-06-07 18:18:08] Accepted normal client request.
[2026-06-07 18:18:09] Accepted normal client request.
[2026-06-07 18:18:10] Accepted normal client request.
[2026-06-07 18:18:11] Accepted normal client request.
[2026-06-07 18:18:12] Accepted normal client request.
[2026-06-07 18:18:13] Accepted normal client request.
[2026-06-07 18:18:14] Accepted normal client request.
[2026-06-07 18:18:15] Accepted normal client request.
[2026-06-07 18:18:16] Accepted normal client request.
[2026-06-07 18:18:17] Accepted normal client request.
[2026-06-07 18:18:18] Accepted normal client request.
[2026-06-07 18:18:19] Accepted normal client request.
[2026-06-07 18:18:20] Accepted normal client request.
[2026-06-07 18:18:21] Accepted normal client request.
[2026-06-07 18:18:22] Accepted normal client request.
[2026-06-07 18:18:23] Accepted normal client request.
[2026-06-07 18:18:24] Accepted normal client request.
[2026-06-07 18:18:25] Accepted normal client request.
[2026-06-07 18:18:26] Accepted normal client request.
[2026-06-07 18:18:27] Accepted normal client request.
[2026-06-07 18:18:28] Accepted normal client request.
[2026-06-07 18:18:29] Accepted normal client request.
[2026-06-07 18:18:30] Accepted normal client request.
[2026-06-07 18:18:31] Accepted normal client request.
[2026-06-07 18:18:32] Accepted normal client request.
[2026-06-07 18:18:33] Accepted normal client request.
[2026-06-07 18:18:34] Accepted normal client request.
[2026-06-07 18:18:35] Accepted normal client request.
[2026-06-07 18:18:36] Accepted normal client request.
[2026-06-07 18:18:37] Accepted normal client request.
[2026-06-07 18:18:38] Accepted normal client request.
[2026-06-07 18:18:39] Accepted normal client request.
[2026-06-07 18:18:40] Accepted normal client request.
[2026-06-07 18:18:41] Accepted normal client request.
[2026-06-07 18:18:42] Accepted normal client request.
[2026-06-07 18:18:43] Accepted normal client request.
[2026-06-07 18:18:44] Accepted normal client request.
[2026-06-07 18:18:45] Accepted normal client request.
[2026-06-07 18:18:46] Accepted normal client request.
[2026-06-07 18:18:47] Accepted normal client request.
[2026-06-07 18:18:48] Accepted normal client request.
[2026-06-07 18:18:49] Accepted normal client request.
[2026-06-07 18:18:50] Accepted normal client request.
[2026-06-07 18:18:51] Accepted normal client request.
[2026-06-07 18:18:52] Accepted normal client request.
[2026-06-07 18:18:53] Accepted normal client request.
[2026-06-07 18:18:54] Accepted normal client request.
[2026-06-07 18:18:55] Accepted normal client request.
[2026-06-07 18:18:56] Accepted normal client request.
[2026-06-07 18:18:57] Accepted normal client request.
[2026-06-07 18:18:58] Accepted normal client request.
[2026-06-07 18:18:59] Accepted normal client request.
[2026-06-07 18:19:00] Accepted normal client request.
[2026-06-07 18:19:01] Accepted normal client request.
[2026-06-07 18:19:02] Accepted normal client request.
[2026-06-07 18:19:03] Accepted normal client request.
[2026-06-07 18:19:04] Accepted normal client request.
[2026-06-07 18:19:05] Accepted normal client request.
[2026-06-07 18:19:06] Accepted normal client request.
[2026-06-07 18:19:07] Accepted normal client request.
[2026-06-07 18:19:08] Accepted normal client request.
[2026-06-07 18:19:09] Accepted normal client request.
[2026-06-07 18:19:10] Accepted normal client request.
[2026-06-07 18:19:11] Accepted normal client request.
[2026-06-07 18:19:12] Accepted normal client request.
[2026-06-07 18:19:13] Accepted normal client request.
[2026-06-07 18:19:14] Accepted normal client request.
[2026-06-07 18:19:15] Accepted normal client request.
[2026-06-07 18:19:16] Accepted normal client request.
[2026-06-07 18:19:17] Accepted normal client request.
[2026-06-07 18:19:18] Accepted normal client request.
[2026-06-07 18:19:19] Accepted normal client request.
[2026-06-07 18:19:20] Accepted normal client request.
[2026-06-07 18:19:21] Accepted normal client request.
[2026-06-07 18:19:22] Accepted normal client request.
[2026-06-07 18:19:23] Accepted normal client request.
[2026-06-07 18:19:24] Accepted normal client request.
[2026-06-07 18:19:26] Accepted normal client request.
[2026-06-07 18:19:27] Accepted normal client request.
[2026-06-07 18:19:28] Accepted normal client request.
[2026-06-07 18:19:29] Accepted normal client request.
[2026-06-07 18:19:30] Accepted normal client request.
[2026-06-07 18:19:31] Accepted normal client request.
[2026-06-07 18:19:32] Accepted normal client request.
[2026-06-07 18:19:33] Accepted normal client request.
[2026-06-07 18:19:34] Accepted normal client request.
[2026-06-07 18:19:35] Accepted normal client request.
[2026-06-07 18:19:36] Accepted normal client request.
[2026-06-07 18:19:37] Accepted normal client request.
[2026-06-07 18:19:38] Accepted normal client request.
[2026-06-07 18:19:39] Accepted normal client request.
[2026-06-07 18:19:40] Accepted normal client request.
[2026-06-07 18:19:41] Accepted normal client request.
[2026-06-07 18:19:42] Accepted normal client request.
[2026-06-07 18:19:43] Accepted normal client request.
[2026-06-07 18:19:44] Accepted normal client request.
[2026-06-07 18:19:45] Accepted normal client request.
[2026-06-07 18:19:46] Accepted normal client request.
[2026-06-07 18:19:47] Accepted normal client request.
[2026-06-07 18:19:48] Accepted normal client request.
[2026-06-07 18:19:49] Accepted normal client request.
[2026-06-07 18:19:50] Accepted normal client request.
[2026-06-07 18:19:51] Accepted normal client request.
[2026-06-07 18:19:52] Accepted normal client request.
[2026-06-07 18:19:53] Accepted normal client request.
[2026-06-07 18:19:54] Accepted normal client request.
[2026-06-07 18:19:55] Accepted normal client request.
[2026-06-07 18:19:56] Accepted normal client request.
[2026-06-07 18:19:57] Accepted normal client request.
[2026-06-07 18:19:58] Accepted normal client request.
[2026-06-07 18:19:59] Accepted normal client request.
[2026-06-07 18:20:00] Accepted normal client request.
[2026-06-07 18:20:01] Accepted normal client request.
[2026-06-07 18:20:02] Accepted normal client request.
[2026-06-07 18:20:03] Accepted normal client request.
[2026-06-07 18:20:04] Accepted normal client request.
[2026-06-07 18:20:05] Accepted normal client request.
[2026-06-07 18:20:06] Accepted normal client request.
[2026-06-07 18:20:07] Accepted normal client request.
[2026-06-07 18:20:08] Accepted normal client request.
[2026-06-07 18:20:09] Accepted normal client request.
[2026-06-07 18:20:10] Accepted normal client request.
[2026-06-07 18:20:11] Accepted normal client request.
[2026-06-07 18:20:12] Accepted normal client request.
[2026-06-07 18:20:13] Accepted normal client request.
[2026-06-07 18:20:14] Accepted normal client request.
[2026-06-07 18:20:15] Accepted normal client request.
[2026-06-07 18:20:16] Accepted normal client request.
[2026-06-07 18:20:17] Accepted normal client request.
[2026-06-07 18:20:18] Accepted normal client request.
[2026-06-07 18:20:19] Accepted normal client request.
[2026-06-07 18:20:20] Accepted normal client request.
[2026-06-07 18:20:21] Accepted normal client request.
[2026-06-07 18:20:22] Accepted normal client request.
[2026-06-07 18:20:23] Accepted normal client request.
[2026-06-07 18:20:24] Accepted normal client request.
[2026-06-07 18:20:25] Accepted normal client request.
[2026-06-07 18:20:26] Accepted normal client request.
[2026-06-07 18:20:27] Accepted normal client request.
[2026-06-07 18:20:28] Accepted normal client request.
[2026-06-07 18:20:29] Accepted normal client request.
[2026-06-07 18:20:30] Accepted normal client request.
[2026-06-07 18:20:31] Accepted normal client request.
[2026-06-07 18:20:32] Accepted normal client request.
[2026-06-07 18:20:33] Accepted normal client request.
[2026-06-07 18:20:34] Accepted normal client request.
[2026-06-07 18:20:35] Accepted normal client request.
[2026-06-07 18:20:36] Accepted normal client request.
[2026-06-07 18:20:37] Accepted normal client request.
[2026-06-07 18:20:38] Accepted normal client request.
[2026-06-07 18:20:39] Accepted normal client request.
[2026-06-07 18:20:40] Accepted normal client request.
[2026-06-07 18:20:41] Accepted normal client request.
[2026-06-07 18:20:42] Accepted normal client request.
[2026-06-07 18:20:43] Accepted normal client request.
[2026-06-07 18:20:44] Accepted normal client request.
[2026-06-07 18:20:45] Accepted normal client request.
[2026-06-07 18:20:46] Accepted normal client request.
[2026-06-07 18:20:47] Accepted normal client request.
[2026-06-07 18:20:48] Accepted normal client request.
[2026-06-07 18:20:49] Accepted normal client request.
[2026-06-07 18:20:50] Accepted normal client request.
[2026-06-07 18:20:51] Accepted normal client request.
[2026-06-07 18:20:52] Accepted normal client request.
[2026-06-07 18:20:53] Accepted normal client request.
[2026-06-07 18:20:54] Accepted normal client request.
[2026-06-07 18:20:55] Accepted normal client request.
[2026-06-07 18:20:56] Accepted normal client request.
[2026-06-07 18:20:57] Accepted normal client request.
[2026-06-07 18:20:58] Accepted normal client request.
[2026-06-07 18:20:59] Accepted normal client request.
[2026-06-07 18:21:00] Accepted normal client request.
[2026-06-07 18:21:01] Accepted normal client request.
[2026-06-07 18:21:02] Accepted normal client request.
[2026-06-07 18:21:03] Accepted normal client request.
[2026-06-07 18:21:04] Accepted normal client request.
[2026-06-07 18:21:05] Accepted normal client request.
[2026-06-07 18:21:06] Accepted normal client request.
[2026-06-07 18:21:07] Accepted normal client request.
[2026-06-07 18:21:08] Accepted normal client request.
[2026-06-07 18:21:09] Accepted normal client request.
[2026-06-07 18:21:10] Accepted normal client request.
[2026-06-07 18:21:11] Accepted normal client request.
[2026-06-07 18:21:12] Accepted normal client request.
[2026-06-07 18:21:13] Accepted normal client request.
[2026-06-07 18:21:30] Thread pool started with 4 worker threads.
[2026-06-07 18:21:30] Server started on port 8080
[2026-06-07 18:21:30] Normal clients: /, /data.html
[2026-06-07 18:21:30] Priority client: /pause or /priority
[2026-06-07 18:21:30] Accepted normal client request.
[2026-06-07 18:21:31] Accepted normal client request.
[2026-06-07 18:21:32] Accepted normal client request.
[2026-06-07 18:21:32] Accepted normal client request.
[2026-06-07 18:21:32] Accepted normal client request.
[2026-06-07 18:21:33] Accepted normal client request.
[2026-06-07 18:21:34] Accepted normal client request.
[2026-06-07 18:21:35] Accepted normal client request.
[2026-06-07 18:21:35] Normal request processed for: Browser
[2026-06-07 18:21:35] Accepted normal client request.
[2026-06-07 18:21:36] Accepted normal client request.
[2026-06-07 18:21:37] Accepted normal client request.
[2026-06-07 18:21:38] Accepted normal client request.
[2026-06-07 18:21:38] Normal request processed for: Browser
[2026-06-07 18:21:38] Accepted normal client request.
[2026-06-07 18:21:39] Accepted normal client request.
[2026-06-07 18:21:40] Accepted normal client request.
[2026-06-07 18:21:41] Accepted normal client request.
[2026-06-07 18:21:41] Normal request processed for: Browser
[2026-06-07 18:21:42] Accepted normal client request.
[2026-06-07 18:21:43] Accepted normal client request.
[2026-06-07 18:21:44] Accepted normal client request.
[2026-06-07 18:21:45] Accepted normal client request.
[2026-06-07 18:21:46] Accepted normal client request.
[2026-06-07 18:21:47] Accepted normal client request.
[2026-06-07 18:21:48] Accepted normal client request.
[2026-06-07 18:21:49] Accepted normal client request.
[2026-06-07 18:21:50] Accepted normal client request.
[2026-06-07 18:21:51] Accepted normal client request.
[2026-06-07 18:21:52] Accepted normal client request.
[2026-06-07 18:21:53] Accepted normal client request.
[2026-06-07 18:21:54] Accepted normal client request.
[2026-06-07 18:21:55] Accepted normal client request.
[2026-06-07 18:21:56] Accepted normal client request.
[2026-06-07 18:21:57] Accepted normal client request.
[2026-06-07 18:21:58] Accepted normal client request.
[2026-06-07 18:21:59] Accepted normal client request.
[2026-06-07 18:22:00] Accepted normal client request.
[2026-06-07 18:22:01] Accepted normal client request.
[2026-06-07 18:22:02] Accepted normal client request.
[2026-06-07 18:22:03] Accepted normal client request.
[2026-06-07 18:22:04] Accepted normal client request.
[2026-06-07 18:22:05] Accepted normal client request.
[2026-06-07 18:22:06] Accepted normal client request.
[2026-06-07 18:22:07] Accepted normal client request.
[2026-06-07 18:22:08] Accepted normal client request.
[2026-06-07 18:22:09] Accepted normal client request.
[2026-06-07 18:22:10] Accepted normal client request.
[2026-06-07 18:22:11] Accepted normal client request.
[2026-06-07 18:22:12] Accepted normal client request.
[2026-06-07 18:22:13] Accepted normal client request.
[2026-06-07 18:22:14] Accepted normal client request.
[2026-06-07 18:22:15] Accepted normal client request.
[2026-06-07 18:22:16] Accepted normal client request.
[2026-06-07 18:22:17] Accepted normal client request.
[2026-06-07 18:22:18] Accepted normal client request.
[2026-06-07 18:22:19] Accepted normal client request.
[2026-06-07 18:22:20] Accepted normal client request.
[2026-06-07 18:22:21] Accepted normal client request.
[2026-06-07 18:22:22] Accepted normal client request.
[2026-06-07 18:22:23] Accepted normal client request.
[2026-06-07 18:22:24] Accepted normal client request.
[2026-06-07 18:22:25] Accepted normal client request.
[2026-06-07 18:22:26] Accepted normal client request.
[2026-06-07 18:22:27] Accepted normal client request.
[2026-06-07 18:22:28] Accepted normal client request.
[2026-06-07 18:22:29] Accepted normal client request.
[2026-06-07 18:22:30] Accepted normal client request.
[2026-06-07 18:22:31] Accepted normal client request.
[2026-06-07 18:22:32] Accepted normal client request.
[2026-06-07 18:22:33] Accepted normal client request.
[2026-06-07 18:22:34] Accepted normal client request.
[2026-06-07 18:22:35] Accepted normal client request.
[2026-06-07 18:22:36] Accepted normal client request.
[2026-06-07 18:22:37] Accepted normal client request.
[2026-06-07 18:22:38] Accepted normal client request.
[2026-06-07 18:22:39] Accepted normal client request.
[2026-06-07 18:22:40] Accepted normal client request.
[2026-06-07 18:22:41] Accepted normal client request.
[2026-06-07 18:22:42] Accepted normal client request.
[2026-06-07 18:22:43] Accepted normal client request.
[2026-06-07 18:22:44] Accepted normal client request.
[2026-06-07 18:22:45] Accepted normal client request.
[2026-06-07 18:22:46] Accepted normal client request.
[2026-06-07 18:22:47] Accepted normal client request.
[2026-06-07 18:22:48] Accepted normal client request.
[2026-06-07 18:22:49] Accepted normal client request.
[2026-06-07 18:22:50] Accepted normal client request.
[2026-06-07 18:22:51] Accepted normal client request.
[2026-06-07 18:22:52] Accepted normal client request.
[2026-06-07 18:22:53] Accepted normal client request.
[2026-06-07 18:22:54] Accepted normal client request.
[2026-06-07 18:22:55] Accepted normal client request.
[2026-06-07 18:22:56] Accepted normal client request.
[2026-06-07 18:22:57] Accepted normal client request.
[2026-06-07 18:22:58] Accepted normal client request.
[2026-06-07 18:23:28] Accepted normal client request.
[2026-06-07 18:23:28] Accepted normal client request.
[2026-06-07 18:23:28] Accepted normal client request.
[2026-06-07 18:23:28] Accepted normal client request.
[2026-06-07 18:23:28] Accepted normal client request.
[2026-06-07 18:23:28] Accepted normal client request.
[2026-06-07 18:23:28] Accepted normal client request.
[2026-06-07 18:23:28] Accepted normal client request.
[2026-06-07 18:23:28] Accepted normal client request.
[2026-06-07 18:23:28] Accepted normal client request.
[2026-06-07 18:23:28] Accepted normal client request.
[2026-06-07 18:23:28] Accepted normal client request.
[2026-06-07 18:23:28] Accepted normal client request.
[2026-06-07 18:23:28] Accepted normal client request.
[2026-06-07 18:23:28] Accepted normal client request.
[2026-06-07 18:23:28] Accepted normal client request.
[2026-06-07 18:23:28] Accepted normal client request.
[2026-06-07 18:23:28] Accepted normal client request.
[2026-06-07 18:23:28] Accepted normal client request.
[2026-06-07 18:23:28] Accepted normal client request.
[2026-06-07 18:23:28] Accepted normal client request.
[2026-06-07 18:23:28] Accepted normal client request.
[2026-06-07 18:23:28] Accepted normal client request.
[2026-06-07 18:23:28] Accepted normal client request.
[2026-06-07 18:23:28] Accepted normal client request.
[2026-06-07 18:23:28] Accepted normal client request.
[2026-06-07 18:23:28] Accepted normal client request.
[2026-06-07 18:23:28] Accepted normal client request.
[2026-06-07 18:23:28] Accepted normal client request.
[2026-06-07 18:23:28] Accepted normal client request.
[2026-06-07 18:23:28] Accepted normal client request.
[2026-06-07 18:23:28] Accepted normal client request.
[2026-06-07 18:23:29] Accepted normal client request.
[2026-06-07 18:23:30] Accepted normal client request.
[2026-06-07 18:23:31] Normal request processed for: Browser
[2026-06-07 18:23:31] Accepted normal client request.
[2026-06-07 18:23:32] Accepted normal client request.
[2026-06-07 18:23:32] Accepted normal client request.
[2026-06-07 18:23:33] Accepted normal client request.
[2026-06-07 18:23:34] Accepted normal client request.
[2026-06-07 18:23:35] Normal request processed for: Browser
[2026-06-07 18:23:35] Accepted normal client request.
[2026-06-07 18:23:35] Accepted normal client request.
[2026-06-07 18:23:36] Accepted normal client request.
[2026-06-07 18:23:37] Accepted normal client request.
[2026-06-07 18:23:38] Normal request processed for: Browser
[2026-06-07 18:23:38] Accepted normal client request.
[2026-06-07 18:23:39] Accepted normal client request.
[2026-06-07 18:23:39] Accepted normal client request.
[2026-06-07 18:23:40] Accepted normal client request.
[2026-06-07 18:23:41] Accepted normal client request.
[2026-06-07 18:23:42] Normal request processed for: Browser
[2026-06-07 18:23:42] Accepted normal client request.
[2026-06-07 18:23:43] Accepted normal client request.
[2026-06-07 18:23:44] Accepted normal client request.
[2026-06-07 18:23:45] Accepted normal client request.
[2026-06-07 18:23:46] Accepted normal client request.
[2026-06-07 18:23:47] Accepted normal client request.
[2026-06-07 18:23:48] Accepted normal client request.
[2026-06-07 18:23:49] Accepted normal client request.
[2026-06-07 18:23:50] Accepted normal client request.
[2026-06-07 18:23:51] Accepted normal client request.
[2026-06-07 18:23:52] Accepted normal client request.
[2026-06-07 18:23:53] Accepted normal client request.
[2026-06-07 18:23:54] Accepted normal client request.
[2026-06-07 18:23:55] Accepted PRIORITY client request.
[2026-06-07 18:23:55] Accepted normal client request.
[2026-06-07 18:23:56] Accepted normal client request.
[2026-06-07 18:23:57] Accepted normal client request.
[2026-06-07 18:23:58] Accepted normal client request.
[2026-06-07 18:23:59] Priority request processed for: Browser
[2026-06-07 18:23:59] Accepted normal client request.
[2026-06-07 18:24:00] Accepted normal client request.
[2026-06-07 18:24:02] Accepted normal client request.
[2026-06-07 18:24:03] Accepted normal client request.
[2026-06-07 18:24:04] Accepted normal client request.
[2026-06-07 18:24:05] Accepted normal client request.
[2026-06-07 18:24:06] Accepted normal client request.
[2026-06-07 18:24:07] Accepted normal client request.
[2026-06-07 18:24:08] Accepted normal client request.
[2026-06-07 18:24:09] Accepted normal client request.
[2026-06-07 18:24:10] Accepted normal client request.
[2026-06-07 18:24:11] Accepted normal client request.
[2026-06-07 18:24:12] Accepted normal client request.
[2026-06-07 18:24:13] Accepted normal client request.
[2026-06-07 18:24:14] Accepted normal client request.
[2026-06-07 18:24:15] Accepted normal client request.
[2026-06-07 18:24:16] Accepted normal client request.
[2026-06-07 18:24:17] Accepted normal client request.
[2026-06-07 18:24:18] Accepted normal client request.
[2026-06-07 18:24:19] Accepted normal client request.
[2026-06-07 18:24:20] Accepted normal client request.
[2026-06-07 18:24:21] Accepted normal client request.
[2026-06-07 18:24:22] Accepted normal client request.
[2026-06-07 18:24:23] Accepted normal client request.
[2026-06-07 18:24:24] Accepted normal client request.
[2026-06-07 18:24:25] Accepted normal client request.
[2026-06-07 18:24:26] Accepted normal client request.
[2026-06-07 18:24:27] Accepted normal client request.
[2026-06-07 18:24:28] Accepted normal client request.
[2026-06-07 18:24:29] Accepted normal client request.
[2026-06-07 18:24:30] Accepted normal client request.
[2026-06-07 18:24:31] Accepted normal client request.
[2026-06-07 18:24:32] Accepted normal client request.
[2026-06-07 18:24:33] Accepted normal client request.
[2026-06-07 18:24:34] Accepted normal client request.
[2026-06-07 18:24:35] Accepted normal client request.
[2026-06-07 18:24:36] Accepted normal client request.
[2026-06-07 18:24:37] Accepted normal client request.
[2026-06-07 18:24:38] Accepted normal client request.
[2026-06-07 18:24:39] Accepted normal client request.
[2026-06-07 18:24:40] Accepted normal client request.
[2026-06-07 18:24:41] Accepted normal client request.
[2026-06-07 18:24:42] Accepted normal client request.
[2026-06-07 18:24:43] Accepted normal client request.
[2026-06-07 18:24:44] Accepted normal client request.
[2026-06-07 18:24:45] Accepted normal client request.
[2026-06-07 18:24:46] Accepted normal client request.
[2026-06-07 18:24:47] Accepted normal client request.
[2026-06-07 18:24:48] Accepted normal client request.
[2026-06-07 19:03:27] Thread pool started with 4 worker threads.
[2026-06-07 19:03:27] Server started on port 8080
[2026-06-07 19:03:27] Normal clients: /, /data.html
[2026-06-07 19:03:27] Priority client: /pause or /priority
[2026-06-07 19:03:29] Accepted normal client request.
[2026-06-07 19:03:30] Accepted normal client request.
[2026-06-07 19:03:30] Accepted normal client request.
[2026-06-07 19:03:30] Accepted normal client request.
[2026-06-07 19:03:31] Accepted normal client request.
[2026-06-07 19:03:31] Accepted normal client request.
[2026-06-07 19:03:32] Request processed for: Browser
[2026-06-07 19:03:32] Accepted normal client request.
[2026-06-07 19:03:32] Accepted normal client request.
[2026-06-07 19:03:33] Accepted normal client request.
[2026-06-07 19:03:33] Accepted normal client request.
[2026-06-07 19:03:34] Request processed for: Browser
[2026-06-07 19:03:34] Accepted normal client request.
[2026-06-07 19:03:34] Accepted normal client request.
[2026-06-07 19:03:35] Accepted normal client request.
[2026-06-07 19:03:36] Accepted normal client request.
[2026-06-07 19:03:36] Request processed for: Browser
[2026-06-07 19:03:36] Accepted normal client request.
[2026-06-07 19:03:37] Accepted normal client request.
[2026-06-07 19:03:38] Accepted normal client request.
[2026-06-07 19:03:38] Accepted normal client request.
[2026-06-07 19:03:39] Accepted normal client request.
[2026-06-07 19:03:40] Accepted normal client request.
[2026-06-07 19:03:40] Accepted normal client request.
[2026-06-07 19:03:41] Accepted normal client request.
[2026-06-07 19:03:42] Accepted normal client request.
[2026-06-07 19:03:43] Accepted normal client request.
[2026-06-07 19:03:43] Accepted normal client request.
[2026-06-07 19:03:44] Accepted normal client request.
[2026-06-07 19:03:45] Accepted normal client request.
[2026-06-07 19:03:45] Accepted normal client request.
[2026-06-07 19:03:46] Accepted normal client request.
[2026-06-07 19:03:47] Accepted normal client request.
[2026-06-07 19:03:47] Accepted PRIORITY client request.
[2026-06-07 19:03:48] Accepted normal client request.
[2026-06-07 19:03:48] Accepted normal client request.
[2026-06-07 19:03:49] Accepted normal client request.
[2026-06-07 19:03:50] Accepted normal client request.
[2026-06-07 19:03:50] Accepted normal client request.
[2026-06-07 19:03:51] Request processed for: Inder
[2026-06-07 19:03:51] Accepted normal client request.
[2026-06-07 19:03:52] Accepted normal client request.
[2026-06-07 19:03:52] Accepted normal client request.
[2026-06-07 19:03:53] Accepted normal client request.
[2026-06-07 19:03:54] Accepted normal client request.
[2026-06-07 19:03:55] Accepted normal client request.
[2026-06-07 19:03:55] Accepted PRIORITY client request.
[2026-06-07 19:03:55] Accepted normal client request.
[2026-06-07 19:03:56] Accepted normal client request.
[2026-06-07 19:03:57] Accepted normal client request.
[2026-06-07 19:03:57] Accepted normal client request.
[2026-06-07 19:03:58] Accepted normal client request.
[2026-06-07 19:03:59] Accepted normal client request.
[2026-06-07 19:03:59] Request processed for: Inder
[2026-06-07 19:03:59] Accepted normal client request.
[2026-06-07 19:04:00] Accepted normal client request.
[2026-06-07 19:04:01] Accepted normal client request.
[2026-06-07 19:04:02] Accepted normal client request.
[2026-06-07 19:04:02] Accepted normal client request.
[2026-06-07 19:04:03] Accepted normal client request.
[2026-06-07 19:04:04] Accepted normal client request.
[2026-06-07 19:04:04] Accepted normal client request.
[2026-06-07 19:04:05] Accepted normal client request.
[2026-06-07 19:04:06] Accepted normal client request.
[2026-06-07 19:04:07] Accepted normal client request.
[2026-06-07 19:04:07] Accepted normal client request.
[2026-06-07 19:04:08] Accepted normal client request.
[2026-06-07 19:04:09] Accepted normal client request.
[2026-06-07 19:04:09] Accepted normal client request.
[2026-06-07 19:04:09] Accepted normal client request.
[2026-06-07 19:04:10] Accepted normal client request.
[2026-06-07 19:04:11] Accepted normal client request.
[2026-06-07 19:04:11] Request processed for: Rishabh
[2026-06-07 19:04:11] Accepted normal client request.
[2026-06-07 19:04:12] Accepted normal client request.
[2026-06-07 19:04:13] Accepted normal client request.
[2026-06-07 19:04:14] Accepted normal client request.
[2026-06-07 19:04:14] Accepted normal client request.
[2026-06-07 19:04:15] Accepted normal client request.
[2026-06-07 19:04:16] Accepted normal client request.
[2026-06-07 19:04:16] Accepted normal client request.
[2026-06-07 19:04:17] Accepted normal client request.
[2026-06-07 19:04:18] Accepted normal client request.
[2026-06-07 19:04:18] Accepted normal client request.
[2026-06-07 19:04:18] Accepted normal client request.
[2026-06-07 19:04:19] Accepted normal client request.
[2026-06-07 19:04:20] Accepted normal client request.
[2026-06-07 19:04:21] Accepted normal client request.
[2026-06-07 19:04:21] Accepted normal client request.
[2026-06-07 19:04:22] Accepted normal client request.
[2026-06-07 19:04:23] Accepted normal client request.
[2026-06-07 19:04:23] Accepted normal client request.
[2026-06-07 19:04:24] Accepted normal client request.
[2026-06-07 19:04:24] Accepted normal client request.
[2026-06-07 19:04:25] Accepted normal client request.
[2026-06-07 19:04:26] Accepted normal client request.
[2026-06-07 19:04:26] Accepted normal client request.
[2026-06-07 19:04:26] Request processed for: Abhi
[2026-06-07 19:04:27] Accepted normal client request.
[2026-06-07 19:04:28] Accepted normal client request.
[2026-06-07 19:04:28] Accepted normal client request.
[2026-06-07 19:04:29] Accepted normal client request.
[2026-06-07 19:04:30] Accepted normal client request.
[2026-06-07 19:04:30] Accepted normal client request.
[2026-06-07 19:04:31] Accepted normal client request.
[2026-06-07 19:04:32] Accepted normal client request.
[2026-06-07 19:04:33] Accepted normal client request.
[2026-06-07 19:04:33] Accepted normal client request.
[2026-06-07 19:04:34] Accepted normal client request.
[2026-06-07 19:04:35] Accepted normal client request.
[2026-06-07 19:04:35] Accepted normal client request.
[2026-06-07 19:04:36] Accepted normal client request.
[2026-06-07 19:04:37] Accepted normal client request.
[2026-06-07 19:04:37] Accepted normal client request.
[2026-06-07 19:04:38] Accepted normal client request.
[2026-06-07 19:04:39] Accepted normal client request.
[2026-06-07 19:04:40] Accepted normal client request.
[2026-06-07 19:04:40] Accepted normal client request.
[2026-06-07 19:04:41] Accepted normal client request.
[2026-06-07 19:04:42] Accepted normal client request.
[2026-06-07 19:04:42] Accepted normal client request.
[2026-06-07 19:04:43] Accepted normal client request.
[2026-06-07 19:04:44] Accepted normal client request.
[2026-06-07 19:04:45] Accepted normal client request.
[2026-06-07 19:04:45] Accepted normal client request.
[2026-06-07 19:04:46] Accepted normal client request.
[2026-06-07 19:04:47] Accepted normal client request.
[2026-06-07 19:04:47] Accepted normal client request.
[2026-06-07 19:04:48] Accepted normal client request.
[2026-06-07 19:04:49] Accepted normal client request.
[2026-06-07 19:04:49] Accepted normal client request.
[2026-06-07 19:04:50] Accepted normal client request.
[2026-06-07 19:04:51] Accepted normal client request.
[2026-06-07 19:04:52] Accepted normal client request.
[2026-06-07 19:04:52] Accepted normal client request.
[2026-06-07 19:04:53] Accepted normal client request.
[2026-06-07 19:04:54] Accepted normal client request.
[2026-06-07 19:04:54] Accepted normal client request.
[2026-06-07 19:04:55] Accepted normal client request.
[2026-06-07 19:04:56] Accepted normal client request.
[2026-06-07 19:04:57] Accepted normal client request.
[2026-06-07 19:04:57] Accepted normal client request.
[2026-06-07 19:04:58] Accepted normal client request.
[2026-06-07 19:04:59] Accepted normal client request.
[2026-06-07 19:04:59] Accepted normal client request.
[2026-06-07 19:05:00] Accepted normal client request.
[2026-06-07 19:05:01] Accepted normal client request.
[2026-06-07 19:05:01] Accepted normal client request.
[2026-06-07 19:05:02] Accepted normal client request.
[2026-06-07 19:05:03] Accepted normal client request.
[2026-06-07 19:05:04] Accepted normal client request.
[2026-06-07 19:05:04] Accepted normal client request.
[2026-06-07 19:05:05] Accepted normal client request.
[2026-06-07 19:05:06] Accepted normal client request.
[2026-06-07 19:05:06] Accepted normal client request.
[2026-06-07 19:05:07] Accepted normal client request.
[2026-06-07 19:05:08] Accepted normal client request.
[2026-06-07 19:05:08] Accepted normal client request.
[2026-06-07 19:05:09] Accepted normal client request.
[2026-06-07 19:05:10] Accepted normal client request.
[2026-06-07 19:05:11] Accepted normal client request.
[2026-06-07 19:05:11] Accepted normal client request.
[2026-06-07 19:05:12] Accepted normal client request.
[2026-06-07 19:05:13] Accepted normal client request.
[2026-06-07 19:05:18] Accepted PRIORITY client request.
[2026-06-07 19:05:18] Accepted normal client request.
[2026-06-07 19:05:18] Accepted normal client request.
[2026-06-07 19:05:18] Accepted normal client request.
[2026-06-07 19:05:18] Accepted normal client request.
[2026-06-07 19:05:18] Accepted normal client request.
[2026-06-07 19:05:18] Accepted normal client request.
[2026-06-07 19:05:18] Accepted normal client request.
[2026-06-07 19:05:18] Accepted normal client request.
[2026-06-07 19:05:18] Accepted normal client request.
[2026-06-07 19:05:19] Accepted normal client request.
[2026-06-07 19:05:20] Accepted normal client request.
[2026-06-07 19:05:20] Accepted normal client request.
[2026-06-07 19:05:21] Accepted normal client request.
[2026-06-07 19:05:22] Accepted normal client request.
[2026-06-07 19:05:22] Request processed for: Browser
[2026-06-07 19:05:22] Accepted PRIORITY client request.
[2026-06-07 19:05:23] Accepted normal client request.
[2026-06-07 19:05:23] Accepted normal client request.
[2026-06-07 19:05:24] Accepted normal client request.
[2026-06-07 19:05:24] Request processed for: Browser
[2026-06-07 19:05:25] Accepted normal client request.
[2026-06-07 19:05:25] Accepted normal client request.
[2026-06-07 19:05:26] Accepted normal client request.
[2026-06-07 19:05:26] Accepted PRIORITY client request.
[2026-06-07 19:05:26] Request processed for: Browser
[2026-06-07 19:05:27] Accepted normal client request.
[2026-06-07 19:05:27] Accepted normal client request.
[2026-06-07 19:05:28] Accepted normal client request.
[2026-06-07 19:05:29] Accepted normal client request.
[2026-06-07 19:05:30] Accepted normal client request.
[2026-06-07 19:05:30] Accepted normal client request.
[2026-06-07 19:05:30] Request processed for: Browser
[2026-06-07 19:05:31] Accepted normal client request.
[2026-06-07 19:05:32] Accepted normal client request.
[2026-06-07 19:05:32] Accepted normal client request.
[2026-06-07 19:05:33] Accepted normal client request.
[2026-06-07 19:05:34] Accepted normal client request.
[2026-06-07 19:05:35] Accepted normal client request.
[2026-06-07 19:05:35] Accepted normal client request.
[2026-06-07 19:05:36] Accepted normal client request.
[2026-06-07 19:05:37] Accepted normal client request.
[2026-06-07 19:05:37] Accepted normal client request.
[2026-06-07 19:05:37] Accepted normal client request.
[2026-06-07 19:05:38] Accepted normal client request.
[2026-06-07 19:05:39] Accepted normal client request.
[2026-06-07 19:05:39] Request processed for: Browser
[2026-06-07 19:05:39] Accepted normal client request.
[2026-06-07 19:05:40] Accepted normal client request.
[2026-06-07 19:05:41] Accepted normal client request.
[2026-06-07 19:05:42] Accepted normal client request.
[2026-06-07 19:05:42] Accepted normal client request.
[2026-06-07 19:05:43] Accepted normal client request.
[2026-06-07 19:05:43] Accepted normal client request.
[2026-06-07 19:05:44] Accepted normal client request.
[2026-06-07 19:05:44] Accepted normal client request.
[2026-06-07 19:05:45] Accepted normal client request.
[2026-06-07 19:05:45] Request processed for: Browser
[2026-06-07 19:05:46] Accepted normal client request.
[2026-06-07 19:05:46] Accepted normal client request.
[2026-06-07 19:05:47] Accepted normal client request.
[2026-06-07 19:05:48] Accepted normal client request.
[2026-06-07 19:05:49] Accepted normal client request.
[2026-06-07 19:05:49] Accepted normal client request.
[2026-06-07 19:05:50] Accepted normal client request.
[2026-06-07 19:05:50] Accepted normal client request.
[2026-06-07 19:05:51] Accepted normal client request.
[2026-06-07 19:05:51] Accepted normal client request.
[2026-06-07 19:05:52] Accepted normal client request.
[2026-06-07 19:05:52] Request processed for: Browser
[2026-06-07 19:05:53] Accepted normal client request.
[2026-06-07 19:05:54] Accepted normal client request.
[2026-06-07 19:05:54] Accepted normal client request.
[2026-06-07 19:05:55] Accepted normal client request.
[2026-06-07 19:05:56] Accepted normal client request.
[2026-06-07 19:05:56] Accepted normal client request.
[2026-06-07 19:05:57] Accepted normal client request.
[2026-06-07 19:05:57] Accepted normal client request.
[2026-06-07 19:05:58] Accepted normal client request.
[2026-06-07 19:05:58] Accepted normal client request.
[2026-06-07 19:05:59] Request processed for: Browser
[2026-06-07 19:05:59] Accepted normal client request.
[2026-06-07 19:06:00] Accepted normal client request.
[2026-06-07 19:06:01] Accepted normal client request.
[2026-06-07 19:06:01] Accepted normal client request.
[2026-06-07 19:06:02] Accepted normal client request.
[2026-06-07 19:06:03] Accepted normal client request.
[2026-06-07 19:06:03] Accepted normal client request.
[2026-06-07 19:06:04] Accepted normal client request.
[2026-06-07 19:06:05] Accepted normal client request.
[2026-06-07 19:06:05] Accepted normal client request.
[2026-06-07 19:06:06] Accepted normal client request.
[2026-06-07 19:06:07] Accepted normal client request.
[2026-06-07 19:06:08] Accepted normal client request.
[2026-06-07 19:06:08] Accepted normal client request.
[2026-06-07 19:06:09] Accepted normal client request.
[2026-06-07 19:06:10] Accepted normal client request.
[2026-06-07 19:06:10] Accepted normal client request.
[2026-06-07 19:06:11] Accepted normal client request.
[2026-06-07 19:06:12] Accepted normal client request.
[2026-06-07 19:06:13] Accepted normal client request.
[2026-06-07 19:06:13] Accepted normal client request.
[2026-06-07 19:06:14] Accepted normal client request.
[2026-06-07 19:06:15] Accepted normal client request.
[2026-06-07 19:06:15] Accepted normal client request.
[2026-06-07 19:06:16] Accepted normal client request.
[2026-06-07 19:06:17] Accepted normal client request.
[2026-06-07 19:06:17] Accepted normal client request.
[2026-06-07 19:06:18] Accepted normal client request.
[2026-06-07 19:06:19] Accepted normal client request.
[2026-06-07 19:06:20] Accepted normal client request.
[2026-06-07 19:06:20] Accepted normal client request.
[2026-06-07 19:06:21] Accepted normal client request.
[2026-06-07 19:06:22] Accepted normal client request.
[2026-06-07 19:06:22] Accepted normal client request.
[2026-06-07 19:06:23] Accepted normal client request.
[2026-06-07 19:06:24] Accepted normal client request.
[2026-06-07 19:06:25] Accepted normal client request.
[2026-06-07 19:06:25] Accepted normal client request.
[2026-06-07 19:06:26] Accepted normal client request.
[2026-06-07 19:06:27] Accepted normal client request.
[2026-06-07 19:06:27] Accepted normal client request.
[2026-06-07 19:06:28] Accepted normal client request.
[2026-06-07 19:06:29] Accepted normal client request.
[2026-06-07 19:06:29] Accepted normal client request.
[2026-06-07 19:06:30] Accepted normal client request.
[2026-06-07 19:06:31] Accepted normal client request.
[2026-06-07 19:06:32] Accepted normal client request.
[2026-06-07 19:06:32] Accepted normal client request.
[2026-06-07 19:06:33] Accepted normal client request.
[2026-06-07 19:06:34] Accepted normal client request.
[2026-06-07 19:06:34] Accepted normal client request.
[2026-06-07 19:06:35] Accepted normal client request.
[2026-06-07 19:06:36] Accepted normal client request.
[2026-06-07 19:06:36] Accepted normal client request.
[2026-06-07 19:06:37] Accepted normal client request.
[2026-06-07 19:06:38] Accepted normal client request.
[2026-06-07 19:06:39] Accepted normal client request.
[2026-06-07 19:06:39] Accepted normal client request.
[2026-06-07 19:06:40] Accepted normal client request.
[2026-06-07 19:06:41] Accepted normal client request.
[2026-06-07 19:06:41] Accepted normal client request.
[2026-06-07 19:06:42] Accepted normal client request.
[2026-06-07 19:06:43] Accepted normal client request.
[2026-06-07 19:06:44] Accepted normal client request.
[2026-06-07 19:06:44] Accepted normal client request.
[2026-06-07 19:06:45] Accepted normal client request.
[2026-06-07 19:06:45] Accepted PRIORITY client request.
[2026-06-07 19:06:46] Accepted normal client request.
[2026-06-07 19:06:46] Accepted normal client request.
[2026-06-07 19:06:47] Accepted normal client request.
[2026-06-07 19:06:48] Accepted normal client request.
[2026-06-07 19:06:48] Accepted normal client request.
[2026-06-07 19:06:49] Accepted normal client request.
[2026-06-07 19:06:49] Request processed for: Inder
[2026-06-07 19:06:50] Accepted normal client request.
[2026-06-07 19:06:51] Accepted normal client request.
[2026-06-07 19:06:51] Accepted normal client request.
[2026-06-07 19:06:52] Accepted normal client request.
[2026-06-07 19:06:53] Accepted normal client request.
[2026-06-07 19:06:53] Accepted PRIORITY client request.
[2026-06-07 19:06:53] Accepted normal client request.
[2026-06-07 19:06:54] Accepted normal client request.
[2026-06-07 19:06:55] Accepted normal client request.
[2026-06-07 19:06:55] Accepted normal client request.
[2026-06-07 19:06:56] Accepted normal client request.
[2026-06-07 19:06:57] Accepted normal client request.
[2026-06-07 19:06:57] Request processed for: Inder
[2026-06-07 19:06:58] Accepted normal client request.
[2026-06-07 19:06:58] Accepted normal client request.
[2026-06-07 19:06:59] Accepted normal client request.
[2026-06-07 19:07:00] Accepted normal client request.
[2026-06-07 19:07:00] Accepted normal client request.
[2026-06-07 19:07:01] Accepted normal client request.
[2026-06-07 19:07:02] Accepted normal client request.
[2026-06-07 19:07:03] Accepted normal client request.
[2026-06-07 19:07:03] Accepted normal client request.
[2026-06-07 19:07:04] Accepted normal client request.
[2026-06-07 19:07:05] Accepted normal client request.
[2026-06-07 19:07:05] Accepted normal client request.
[2026-06-07 19:07:06] Accepted normal client request.
[2026-06-07 19:07:07] Accepted normal client request.
[2026-06-07 19:07:07] Accepted normal client request.
[2026-06-07 19:07:08] Accepted normal client request.
[2026-06-07 19:07:09] Accepted normal client request.
[2026-06-07 19:07:10] Accepted normal client request.
[2026-06-07 19:07:10] Accepted normal client request.
[2026-06-07 19:07:11] Accepted normal client request.
[2026-06-07 19:07:12] Accepted normal client request.
[2026-06-07 19:07:12] Accepted normal client request.
[2026-06-07 19:07:13] Accepted normal client request.
[2026-06-07 19:07:14] Accepted normal client request.
[2026-06-07 19:07:14] Accepted normal client request.
[2026-06-07 19:07:15] Accepted normal client request.
[2026-06-07 19:07:16] Accepted normal client request.
[2026-06-07 19:07:17] Accepted normal client request.
[2026-06-07 19:07:17] Accepted normal client request.
[2026-06-07 19:07:18] Accepted normal client request.
[2026-06-07 19:07:19] Accepted normal client request.
[2026-06-07 19:07:19] Accepted normal client request.
[2026-06-07 19:07:20] Accepted normal client request.
[2026-06-07 19:07:21] Accepted normal client request.
[2026-06-07 19:07:22] Accepted normal client request.
[2026-06-07 19:07:22] Accepted normal client request.
[2026-06-07 19:07:23] Accepted normal client request.
[2026-06-07 19:07:24] Accepted normal client request.
[2026-06-07 19:07:24] Accepted normal client request.
[2026-06-07 19:07:25] Accepted normal client request.
[2026-06-07 19:07:26] Accepted normal client request.
[2026-06-07 19:07:26] Accepted normal client request.
[2026-06-07 19:07:27] Accepted normal client request.
[2026-06-07 19:07:28] Accepted normal client request.
[2026-06-07 19:07:29] Accepted normal client request.
[2026-06-07 19:07:29] Accepted normal client request.
[2026-06-07 19:07:30] Accepted normal client request.
[2026-06-07 19:07:31] Accepted normal client request.
[2026-06-07 19:07:31] Accepted normal client request.
[2026-06-07 19:07:32] Accepted normal client request.
[2026-06-07 19:07:33] Accepted normal client request.
[2026-06-07 19:07:33] Accepted normal client request.
[2026-06-07 19:07:34] Accepted normal client request.
[2026-06-07 19:07:35] Accepted normal client request.
[2026-06-07 19:07:36] Accepted normal client request.
[2026-06-07 19:07:36] Accepted normal client request.
[2026-06-07 19:07:37] Accepted normal client request.
[2026-06-07 19:07:38] Accepted normal client request.
[2026-06-07 19:07:38] Accepted normal client request.
[2026-06-07 19:07:39] Accepted normal client request.
[2026-06-07 19:07:40] Accepted normal client request.
[2026-06-07 19:07:41] Accepted normal client request.
[2026-06-07 19:07:41] Accepted normal client request.
[2026-06-07 19:07:42] Accepted normal client request.
[2026-06-07 19:07:43] Accepted normal client request.
[2026-06-07 19:07:43] Accepted normal client request.
[2026-06-07 19:07:44] Accepted normal client request.
[2026-06-07 19:07:45] Accepted normal client request.
[2026-06-07 19:07:45] Accepted normal client request.
[2026-06-07 19:07:46] Accepted normal client request.
[2026-06-07 19:07:47] Accepted normal client request.
[2026-06-07 19:07:48] Accepted normal client request.
[2026-06-07 19:07:48] Accepted normal client request.
[2026-06-07 19:07:49] Accepted normal client request.
[2026-06-07 19:07:50] Accepted normal client request.
[2026-06-07 19:07:50] Accepted normal client request.
[2026-06-07 19:07:51] Accepted normal client request.
[2026-06-07 19:07:52] Accepted normal client request.
[2026-06-07 19:07:53] Accepted normal client request.
[2026-06-07 19:07:53] Accepted normal client request.
[2026-06-07 19:07:54] Accepted normal client request.
[2026-06-07 19:07:55] Accepted normal client request.
[2026-06-07 19:07:55] Accepted normal client request.
[2026-06-07 19:07:56] Accepted normal client request.
[2026-06-07 19:07:57] Accepted normal client request.
[2026-06-07 19:07:57] Accepted normal client request.
[2026-06-07 19:07:58] Accepted normal client request.
[2026-06-07 19:07:59] Accepted normal client request.
[2026-06-07 19:08:00] Accepted normal client request.
[2026-06-07 19:08:00] Accepted normal client request.
[2026-06-07 19:08:01] Accepted normal client request.
[2026-06-07 19:08:02] Accepted normal client request.
[2026-06-07 19:08:02] Accepted normal client request.
[2026-06-07 19:08:03] Accepted normal client request.
[2026-06-07 19:08:04] Accepted normal client request.
[2026-06-07 19:08:04] Accepted normal client request.
[2026-06-07 19:08:05] Accepted normal client request.
[2026-06-07 19:08:06] Accepted normal client request.
[2026-06-07 19:08:07] Accepted normal client request.
[2026-06-07 19:08:07] Accepted normal client request.
[2026-06-07 19:08:08] Accepted normal client request.
[2026-06-07 19:08:09] Accepted normal client request.
[2026-06-07 19:08:09] Accepted normal client request.
[2026-06-07 19:08:10] Accepted normal client request.
[2026-06-07 19:08:11] Accepted normal client request.
[2026-06-07 19:08:12] Accepted normal client request.
[2026-06-07 19:08:12] Accepted normal client request.
[2026-06-07 19:08:13] Accepted normal client request.
[2026-06-07 19:08:14] Accepted normal client request.
[2026-06-07 19:08:14] Accepted normal client request.
[2026-06-07 19:08:15] Accepted normal client request.
[2026-06-07 19:08:16] Accepted normal client request.
[2026-06-07 19:08:16] Accepted normal client request.
[2026-06-07 19:08:17] Accepted normal client request.
[2026-06-07 19:08:18] Accepted normal client request.
[2026-06-07 19:08:19] Accepted normal client request.
[2026-06-07 19:08:19] Accepted normal client request.
[2026-06-07 19:08:20] Accepted normal client request.
[2026-06-07 19:08:21] Accepted normal client request.
[2026-06-07 19:08:21] Accepted normal client request.
[2026-06-07 19:08:22] Accepted normal client request.
[2026-06-07 19:08:23] Accepted normal client request.
[2026-06-07 19:08:23] Accepted normal client request.
[2026-06-07 19:08:24] Accepted normal client request.
[2026-06-07 19:08:25] Accepted normal client request.
[2026-06-07 19:08:26] Accepted normal client request.
[2026-06-07 19:08:26] Accepted normal client request.
[2026-06-07 19:08:27] Accepted normal client request.
[2026-06-07 19:08:28] Accepted normal client request.
[2026-06-07 19:08:28] Accepted normal client request.
[2026-06-07 19:08:29] Accepted normal client request.
[2026-06-07 19:08:30] Accepted normal client request.
[2026-06-07 19:08:31] Accepted normal client request.
[2026-06-07 19:08:31] Accepted normal client request.
[2026-06-07 19:08:32] Accepted normal client request.
[2026-06-07 19:08:33] Accepted normal client request.
[2026-06-07 19:08:33] Accepted normal client request.
[2026-06-07 19:08:34] Accepted normal client request.
[2026-06-07 19:08:35] Accepted normal client request.
[2026-06-07 19:08:35] Accepted normal client request.
[2026-06-07 19:08:36] Accepted normal client request.
[2026-06-07 19:08:37] Accepted normal client request.
[2026-06-07 19:08:38] Accepted normal client request.
[2026-06-07 19:08:38] Accepted normal client request.
[2026-06-07 19:08:39] Accepted normal client request.
[2026-06-07 19:08:40] Accepted normal client request.
[2026-06-07 19:08:40] Accepted normal client request.
[2026-06-07 19:08:41] Accepted normal client request.
[2026-06-07 19:08:42] Accepted normal client request.
[2026-06-07 19:08:42] Accepted normal client request.
[2026-06-07 19:08:43] Accepted normal client request.
[2026-06-07 19:08:44] Accepted normal client request.
[2026-06-07 19:08:45] Accepted normal client request.
[2026-06-07 19:08:45] Accepted normal client request.
[2026-06-07 19:08:46] Accepted normal client request.
[2026-06-07 19:08:47] Accepted normal client request.
[2026-06-07 19:08:47] Accepted normal client request.
[2026-06-07 19:08:48] Accepted normal client request.
[2026-06-07 19:08:49] Accepted normal client request.
[2026-06-07 19:08:50] Accepted normal client request.
[2026-06-07 19:08:50] Accepted normal client request.
[2026-06-07 19:08:51] Accepted normal client request.
[2026-06-07 19:08:52] Accepted normal client request.
[2026-06-07 19:08:52] Accepted normal client request.
[2026-06-07 19:08:53] Accepted normal client request.
[2026-06-07 19:08:54] Accepted normal client request.
[2026-06-07 19:08:54] Accepted normal client request.
[2026-06-07 19:08:55] Accepted normal client request.
[2026-06-07 19:08:56] Accepted normal client request.
[2026-06-07 19:08:57] Accepted normal client request.
[2026-06-07 19:08:57] Accepted normal client request.
[2026-06-07 19:08:58] Accepted normal client request.
[2026-06-07 19:08:59] Accepted normal client request.
[2026-06-07 19:08:59] Accepted normal client request.
[2026-06-07 19:09:00] Accepted normal client request.
[2026-06-07 19:09:01] Accepted normal client request.
[2026-06-07 19:09:01] Accepted normal client request.
[2026-06-07 19:09:02] Accepted normal client request.
[2026-06-07 19:09:03] Accepted normal client request.
[2026-06-07 19:09:04] Accepted normal client request.
[2026-06-07 19:09:04] Accepted normal client request.
[2026-06-07 19:09:05] Accepted normal client request.
[2026-06-07 19:09:06] Accepted normal client request.
[2026-06-07 19:09:06] Accepted normal client request.
[2026-06-07 19:09:07] Accepted normal client request.
[2026-06-07 19:09:08] Accepted normal client request.
[2026-06-07 19:09:09] Accepted normal client request.
[2026-06-07 19:09:09] Accepted normal client request.
[2026-06-07 19:09:10] Accepted normal client request.
[2026-06-07 19:09:11] Accepted normal client request.
[2026-06-07 19:09:11] Accepted normal client request.
[2026-06-07 19:09:12] Accepted normal client request.
[2026-06-07 19:09:13] Accepted normal client request.
[2026-06-07 19:09:13] Accepted normal client request.
[2026-06-07 19:09:14] Accepted normal client request.
[2026-06-07 19:09:15] Accepted normal client request.
[2026-06-07 19:09:16] Accepted normal client request.
[2026-06-07 19:09:16] Accepted normal client request.
[2026-06-07 19:09:17] Accepted normal client request.
[2026-06-07 19:09:18] Accepted normal client request.
[2026-06-07 19:09:18] Accepted normal client request.
[2026-06-07 19:09:19] Accepted normal client request.
[2026-06-07 19:09:20] Accepted normal client request.
[2026-06-07 19:09:21] Accepted normal client request.
[2026-06-07 19:09:21] Accepted normal client request.
[2026-06-07 19:09:22] Accepted normal client request.
[2026-06-07 19:09:23] Accepted normal client request.
[2026-06-07 19:09:23] Accepted normal client request.
[2026-06-07 19:09:24] Accepted normal client request.
[2026-06-07 19:09:25] Accepted normal client request.
[2026-06-07 19:09:25] Accepted normal client request.
[2026-06-07 19:09:26] Accepted normal client request.
[2026-06-07 19:09:27] Accepted normal client request.
[2026-06-07 19:09:28] Accepted normal client request.
[2026-06-07 19:09:28] Accepted normal client request.
[2026-06-07 19:09:29] Accepted normal client request.
[2026-06-07 19:09:30] Accepted normal client request.
[2026-06-07 19:09:30] Accepted normal client request.
[2026-06-07 19:09:31] Accepted normal client request.
[2026-06-07 19:09:32] Accepted normal client request.
[2026-06-07 19:09:32] Accepted normal client request.
[2026-06-07 19:09:33] Accepted normal client request.
[2026-06-07 19:09:34] Accepted normal client request.
[2026-06-07 19:09:35] Accepted normal client request.
[2026-06-07 19:09:35] Accepted normal client request.
[2026-06-07 19:09:36] Accepted normal client request.
[2026-06-07 19:09:37] Accepted normal client request.
[2026-06-07 19:09:37] Accepted normal client request.
[2026-06-07 19:09:38] Accepted normal client request.
[2026-06-07 19:09:39] Accepted normal client request.
[2026-06-07 19:09:40] Accepted normal client request.
[2026-06-07 19:09:40] Accepted normal client request.
[2026-06-07 19:09:41] Accepted normal client request.
[2026-06-07 19:09:42] Accepted normal client request.
[2026-06-07 19:09:42] Accepted normal client request.
[2026-06-07 19:09:43] Accepted normal client request.
[2026-06-07 19:09:44] Accepted normal client request.
[2026-06-07 19:09:44] Accepted normal client request.
[2026-06-07 19:09:45] Accepted normal client request.
[2026-06-07 19:09:46] Accepted normal client request.
[2026-06-07 19:09:47] Accepted normal client request.
[2026-06-07 19:09:47] Accepted normal client request.
[2026-06-07 19:09:48] Accepted normal client request.
[2026-06-07 19:09:49] Accepted normal client request.
[2026-06-07 19:09:49] Accepted normal client request.
[2026-06-07 19:09:50] Accepted normal client request.
[2026-06-07 19:09:51] Accepted normal client request.
[2026-06-07 19:09:51] Accepted normal client request.
[2026-06-07 19:09:52] Accepted normal client request.
[2026-06-07 19:09:53] Accepted normal client request.
[2026-06-07 19:09:54] Accepted normal client request.
[2026-06-07 19:09:54] Accepted normal client request.
[2026-06-07 19:09:55] Accepted normal client request.
[2026-06-07 19:09:56] Accepted normal client request.
[2026-06-07 19:09:56] Accepted normal client request.
[2026-06-07 19:09:57] Accepted normal client request.
[2026-06-07 19:09:58] Accepted normal client request.
[2026-06-07 19:09:59] Accepted normal client request.
[2026-06-07 19:09:59] Accepted normal client request.
[2026-06-07 19:10:00] Accepted normal client request.
[2026-06-07 19:10:01] Accepted normal client request.
[2026-06-07 19:10:01] Accepted normal client request.
[2026-06-07 19:10:02] Accepted normal client request.
[2026-06-07 19:10:03] Accepted normal client request.
[2026-06-07 19:10:03] Accepted normal client request.
[2026-06-07 19:10:04] Accepted normal client request.
[2026-06-07 19:10:05] Accepted normal client request.
[2026-06-07 19:10:06] Accepted normal client request.
[2026-06-07 19:10:06] Accepted normal client request.
[2026-06-07 19:10:07] Accepted normal client request.
[2026-06-07 19:10:08] Accepted normal client request.
[2026-06-07 19:10:08] Accepted normal client request.
[2026-06-07 19:10:09] Accepted normal client request.
[2026-06-07 19:10:10] Accepted normal client request.
[2026-06-07 19:10:10] Accepted normal client request.
[2026-06-07 19:10:11] Accepted normal client request.
[2026-06-07 19:10:12] Accepted normal client request.
[2026-06-07 19:10:13] Accepted normal client request.
[2026-06-07 19:10:13] Accepted normal client request.
[2026-06-07 19:10:14] Accepted normal client request.
[2026-06-07 19:10:15] Accepted normal client request.
[2026-06-07 19:10:15] Accepted normal client request.
[2026-06-07 19:10:16] Accepted normal client request.
[2026-06-07 19:10:17] Accepted normal client request.
[2026-06-07 19:10:18] Accepted normal client request.
[2026-06-07 19:10:18] Accepted normal client request.
[2026-06-07 19:10:19] Accepted normal client request.
[2026-06-07 19:10:20] Accepted normal client request.
[2026-06-07 19:10:20] Accepted normal client request.
[2026-06-07 19:10:21] Accepted normal client request.
[2026-06-07 19:10:22] Accepted normal client request.
[2026-06-07 19:10:22] Accepted normal client request.
[2026-06-07 19:10:23] Accepted normal client request.
[2026-06-07 19:10:24] Accepted normal client request.
[2026-06-07 19:10:25] Accepted normal client request.
[2026-06-07 19:10:25] Accepted normal client request.
[2026-06-07 19:10:26] Accepted normal client request.
[2026-06-07 19:10:27] Accepted normal client request.
[2026-06-07 19:10:27] Accepted normal client request.
[2026-06-07 19:10:28] Accepted normal client request.
[2026-06-07 19:10:29] Accepted normal client request.
[2026-06-07 19:10:29] Accepted normal client request.
[2026-06-07 19:10:30] Accepted normal client request.
[2026-06-07 19:10:31] Accepted normal client request.
[2026-06-07 19:10:32] Accepted normal client request.
[2026-06-07 19:10:32] Accepted normal client request.
[2026-06-07 19:10:33] Accepted normal client request.
[2026-06-07 19:10:34] Accepted normal client request.
[2026-06-07 19:10:34] Accepted normal client request.
[2026-06-07 19:10:35] Accepted normal client request.
[2026-06-07 19:10:36] Accepted normal client request.
[2026-06-07 19:10:37] Accepted normal client request.
[2026-06-07 19:10:37] Accepted normal client request.
[2026-06-07 19:10:38] Accepted normal client request.
[2026-06-07 19:10:39] Accepted normal client request.
[2026-06-07 19:10:39] Accepted normal client request.
[2026-06-07 19:10:40] Accepted normal client request.
[2026-06-07 19:10:41] Accepted normal client request.
[2026-06-07 19:10:41] Accepted normal client request.
[2026-06-07 19:10:42] Accepted normal client request.
[2026-06-07 19:10:43] Accepted normal client request.
[2026-06-07 19:10:44] Accepted normal client request.
[2026-06-07 19:10:44] Accepted normal client request.
[2026-06-07 19:10:45] Accepted normal client request.
[2026-06-07 19:10:46] Accepted normal client request.
[2026-06-07 19:10:46] Accepted normal client request.
[2026-06-07 19:10:47] Accepted normal client request.
[2026-06-07 19:10:48] Accepted normal client request.
[2026-06-07 19:10:49] Accepted normal client request.
[2026-06-07 19:10:49] Accepted normal client request.
[2026-06-07 19:10:50] Accepted normal client request.
[2026-06-07 19:10:51] Accepted normal client request.
[2026-06-07 19:10:51] Accepted normal client request.
[2026-06-07 19:10:52] Accepted normal client request.
[2026-06-07 19:10:53] Accepted normal client request.
[2026-06-07 19:10:53] Accepted normal client request.
[2026-06-07 19:10:54] Accepted normal client request.
[2026-06-07 19:10:55] Accepted normal client request.
[2026-06-07 19:10:56] Accepted normal client request.
[2026-06-07 19:10:56] Accepted normal client request.
[2026-06-07 19:10:57] Accepted normal client request.
[2026-06-07 19:10:58] Accepted normal client request.
[2026-06-07 19:10:58] Accepted normal client request.
[2026-06-07 19:10:59] Accepted normal client request.
[2026-06-07 19:11:00] Accepted normal client request.
[2026-06-07 19:11:00] Accepted normal client request.
[2026-06-07 19:11:01] Accepted normal client request.
[2026-06-07 19:11:02] Accepted normal client request.
[2026-06-07 19:11:03] Accepted normal client request.
[2026-06-07 19:11:03] Accepted normal client request.
[2026-06-07 19:11:04] Accepted normal client request.
[2026-06-07 19:11:05] Accepted normal client request.
[2026-06-07 19:11:05] Accepted normal client request.
[2026-06-07 19:11:06] Accepted normal client request.
[2026-06-07 19:11:07] Accepted normal client request.
[2026-06-07 19:11:08] Accepted normal client request.
[2026-06-07 19:11:08] Accepted normal client request.
[2026-06-07 19:11:09] Accepted normal client request.
[2026-06-07 19:11:10] Accepted normal client request.
[2026-06-07 19:11:10] Accepted normal client request.
[2026-06-07 19:11:11] Accepted normal client request.
[2026-06-07 19:11:12] Accepted normal client request.
[2026-06-07 19:11:12] Accepted normal client request.
[2026-06-07 19:11:13] Accepted normal client request.
[2026-06-07 19:11:14] Accepted normal client request.
[2026-06-07 19:11:15] Accepted normal client request.
[2026-06-07 19:11:15] Accepted normal client request.
[2026-06-07 19:11:16] Accepted normal client request.
[2026-06-07 19:11:17] Accepted normal client request.
[2026-06-07 19:11:17] Accepted normal client request.
[2026-06-07 19:11:18] Accepted normal client request.
[2026-06-07 19:11:19] Accepted normal client request.
[2026-06-07 19:11:19] Accepted normal client request.
[2026-06-07 19:11:20] Accepted normal client request.
[2026-06-07 19:11:21] Accepted normal client request.
[2026-06-07 19:11:22] Accepted normal client request.
[2026-06-07 19:11:22] Accepted normal client request.
[2026-06-07 19:11:23] Accepted normal client request.
[2026-06-07 19:11:24] Accepted normal client request.
[2026-06-07 19:11:24] Accepted normal client request.
[2026-06-07 19:11:25] Accepted normal client request.
[2026-06-07 19:11:26] Accepted normal client request.
[2026-06-07 19:11:27] Accepted normal client request.
[2026-06-07 19:11:27] Accepted normal client request.
[2026-06-07 19:11:28] Accepted normal client request.
[2026-06-07 19:11:29] Accepted normal client request.
[2026-06-07 19:11:29] Accepted normal client request.
[2026-06-07 19:11:30] Accepted normal client request.
[2026-06-07 19:11:31] Accepted normal client request.
[2026-06-07 19:11:31] Accepted normal client request.
[2026-06-07 19:11:32] Accepted normal client request.
[2026-06-07 19:11:33] Accepted normal client request.
[2026-06-07 19:11:34] Accepted normal client request.
[2026-06-07 19:11:34] Accepted normal client request.
[2026-06-07 19:11:35] Accepted normal client request.
[2026-06-07 19:11:36] Accepted normal client request.
[2026-06-07 19:11:36] Accepted normal client request.
[2026-06-07 19:11:37] Accepted normal client request.
[2026-06-07 19:11:38] Accepted normal client request.
[2026-06-07 19:11:38] Accepted normal client request.
[2026-06-07 19:11:39] Accepted normal client request.
[2026-06-07 19:11:40] Accepted normal client request.
[2026-06-07 19:11:41] Accepted normal client request.
[2026-06-07 19:11:41] Accepted normal client request.
[2026-06-07 19:11:42] Accepted normal client request.
[2026-06-07 19:11:43] Accepted normal client request.
[2026-06-07 19:11:43] Accepted normal client request.
[2026-06-07 19:11:44] Accepted normal client request.
[2026-06-07 19:11:45] Accepted normal client request.
[2026-06-07 19:11:46] Accepted normal client request.
[2026-06-07 19:11:46] Accepted normal client request.
[2026-06-07 19:11:47] Accepted normal client request.
[2026-06-07 19:11:48] Accepted normal client request.
[2026-06-07 19:11:48] Accepted normal client request.
[2026-06-07 19:11:49] Accepted normal client request.
[2026-06-07 19:11:50] Accepted normal client request.
[2026-06-07 19:11:50] Accepted normal client request.
[2026-06-07 19:11:51] Accepted normal client request.
[2026-06-07 19:11:52] Accepted normal client request.
[2026-06-07 19:11:53] Accepted normal client request.
[2026-06-07 19:11:53] Accepted normal client request.
[2026-06-07 19:11:54] Accepted normal client request.
[2026-06-07 19:11:55] Accepted normal client request.
[2026-06-07 19:11:55] Accepted normal client request.
[2026-06-07 19:11:56] Accepted normal client request.
[2026-06-07 19:11:57] Accepted normal client request.
[2026-06-07 19:11:57] Accepted normal client request.
[2026-06-07 19:11:58] Accepted normal client request.
[2026-06-07 19:11:59] Accepted normal client request.
[2026-06-07 19:12:00] Accepted normal client request.
[2026-06-07 19:12:00] Accepted normal client request.
[2026-06-07 19:12:01] Accepted normal client request.
[2026-06-07 19:12:02] Accepted normal client request.
[2026-06-07 19:12:02] Accepted normal client request.
[2026-06-07 19:12:03] Accepted normal client request.
[2026-06-07 19:12:04] Accepted normal client request.
[2026-06-07 19:12:05] Accepted normal client request.
[2026-06-07 19:12:05] Accepted normal client request.
[2026-06-07 19:12:06] Accepted normal client request.
[2026-06-07 19:12:07] Accepted normal client request.
[2026-06-07 19:12:07] Accepted normal client request.
[2026-06-07 19:12:08] Accepted normal client request.
[2026-06-07 19:12:09] Accepted normal client request.
[2026-06-07 19:12:09] Accepted normal client request.
[2026-06-07 19:12:10] Accepted normal client request.
[2026-06-07 19:12:11] Accepted normal client request.
[2026-06-07 19:12:12] Accepted normal client request.
[2026-06-07 19:12:12] Accepted normal client request.
[2026-06-07 19:12:13] Accepted normal client request.
[2026-06-07 19:12:14] Accepted normal client request.
[2026-06-07 19:12:14] Accepted normal client request.
[2026-06-07 19:12:15] Accepted normal client request.
[2026-06-07 19:12:16] Accepted normal client request.
[2026-06-07 19:12:17] Accepted normal client request.
[2026-06-07 19:12:17] Accepted normal client request.
[2026-06-07 19:12:18] Accepted normal client request.
[2026-06-07 19:12:19] Accepted normal client request.
[2026-06-07 19:12:19] Accepted normal client request.
[2026-06-07 19:12:20] Accepted normal client request.
[2026-06-07 19:12:21] Accepted normal client request.
[2026-06-07 19:12:21] Accepted normal client request.
[2026-06-07 19:12:22] Accepted normal client request.
[2026-06-07 19:12:23] Accepted normal client request.
[2026-06-07 19:12:24] Accepted normal client request.
[2026-06-07 19:12:24] Accepted normal client request.
[2026-06-07 19:12:25] Accepted normal client request.
[2026-06-07 19:12:26] Accepted normal client request.
[2026-06-07 19:12:26] Accepted normal client request.
[2026-06-07 19:12:27] Accepted normal client request.
[2026-06-07 19:12:28] Accepted normal client request.
[2026-06-07 19:12:28] Accepted normal client request.
[2026-06-07 19:12:29] Accepted normal client request.
[2026-06-07 19:12:30] Accepted normal client request.
[2026-06-07 19:12:31] Accepted normal client request.
[2026-06-07 19:12:31] Accepted normal client request.
[2026-06-07 19:12:32] Accepted normal client request.
[2026-06-07 19:12:33] Accepted normal client request.
[2026-06-07 19:12:33] Accepted normal client request.
[2026-06-07 19:12:34] Accepted normal client request.
[2026-06-07 19:12:35] Accepted normal client request.
[2026-06-07 19:12:36] Accepted normal client request.
[2026-06-07 19:12:36] Accepted normal client request.
[2026-06-07 19:12:37] Accepted normal client request.
[2026-06-07 19:12:38] Accepted normal client request.
[2026-06-07 19:12:38] Accepted normal client request.
[2026-06-07 19:12:39] Accepted normal client request.
[2026-06-07 19:12:40] Accepted normal client request.
[2026-06-07 19:12:40] Accepted normal client request.
[2026-06-07 19:12:41] Accepted normal client request.
[2026-06-07 19:12:42] Accepted normal client request.
[2026-06-07 19:12:43] Accepted normal client request.
[2026-06-07 19:12:43] Accepted normal client request.
[2026-06-07 19:12:44] Accepted normal client request.
[2026-06-07 19:12:45] Accepted normal client request.
[2026-06-07 19:12:45] Accepted normal client request.
[2026-06-07 19:12:46] Accepted normal client request.
[2026-06-07 19:12:47] Accepted normal client request.
[2026-06-07 19:12:47] Accepted normal client request.
[2026-06-07 19:12:48] Accepted normal client request.
[2026-06-07 19:12:49] Accepted normal client request.
[2026-06-07 19:12:50] Accepted normal client request.
[2026-06-07 19:12:50] Accepted normal client request.
[2026-06-07 19:12:51] Accepted normal client request.
[2026-06-07 19:12:52] Accepted normal client request.
[2026-06-07 19:12:52] Accepted normal client request.
[2026-06-07 19:12:53] Accepted normal client request.
[2026-06-07 19:12:54] Accepted normal client request.
[2026-06-07 19:12:55] Accepted normal client request.
[2026-06-07 19:12:55] Accepted normal client request.
[2026-06-07 19:12:56] Accepted normal client request.
[2026-06-07 19:12:57] Accepted normal client request.
[2026-06-07 19:12:57] Accepted normal client request.
[2026-06-07 19:12:58] Accepted normal client request.
[2026-06-07 19:12:59] Accepted normal client request.
[2026-06-07 19:12:59] Accepted normal client request.
[2026-06-07 19:13:00] Accepted normal client request.
[2026-06-07 19:13:01] Accepted normal client request.
[2026-06-07 19:13:02] Accepted normal client request.
[2026-06-07 19:13:02] Accepted normal client request.
[2026-06-07 19:13:03] Accepted normal client request.
[2026-06-07 19:13:04] Accepted normal client request.
[2026-06-07 19:13:04] Accepted normal client request.
[2026-06-07 19:13:05] Accepted normal client request.
[2026-06-07 19:13:06] Accepted normal client request.
[2026-06-07 19:13:06] Accepted normal client request.
[2026-06-07 19:13:07] Accepted normal client request.
[2026-06-07 19:13:08] Accepted normal client request.
[2026-06-07 19:13:09] Accepted normal client request.
[2026-06-07 19:13:09] Accepted normal client request.
[2026-06-07 19:13:10] Accepted normal client request.
[2026-06-07 19:13:11] Accepted normal client request.
[2026-06-07 19:13:11] Accepted normal client request.
[2026-06-07 19:13:12] Accepted normal client request.
[2026-06-07 19:13:13] Accepted normal client request.
[2026-06-07 19:13:14] Accepted normal client request.
[2026-06-07 19:13:14] Accepted normal client request.
[2026-06-07 19:13:15] Accepted normal client request.
[2026-06-07 19:13:16] Accepted normal client request.
[2026-06-07 19:13:16] Accepted normal client request.
[2026-06-07 19:13:17] Accepted normal client request.
[2026-06-07 19:13:18] Accepted normal client request.
[2026-06-07 19:13:18] Accepted normal client request.
[2026-06-07 19:13:19] Accepted normal client request.
[2026-06-07 19:13:20] Accepted normal client request.
[2026-06-07 19:13:21] Accepted normal client request.
[2026-06-07 19:13:21] Accepted normal client request.
[2026-06-07 19:13:22] Accepted normal client request.
[2026-06-07 19:13:23] Accepted normal client request.
[2026-06-07 19:13:23] Accepted normal client request.
[2026-06-07 19:13:24] Accepted normal client request.
[2026-06-07 19:13:25] Accepted normal client request.
[2026-06-07 19:13:25] Accepted normal client request.
[2026-06-07 19:13:26] Accepted normal client request.
[2026-06-07 19:13:27] Accepted normal client request.
[2026-06-07 19:13:28] Accepted normal client request.
[2026-06-07 19:13:28] Accepted normal client request.
[2026-06-07 19:13:29] Accepted normal client request.
[2026-06-07 19:13:30] Accepted normal client request.
[2026-06-07 19:13:30] Accepted normal client request.
[2026-06-07 19:13:31] Accepted normal client request.
[2026-06-07 19:13:32] Accepted normal client request.
[2026-06-07 19:13:33] Accepted normal client request.
[2026-06-07 19:13:33] Accepted normal client request.
[2026-06-07 19:13:34] Accepted normal client request.
[2026-06-07 19:13:35] Accepted normal client request.
[2026-06-07 19:13:35] Accepted normal client request.
[2026-06-07 19:13:36] Accepted normal client request.
[2026-06-07 19:13:37] Accepted normal client request.
[2026-06-07 19:13:37] Accepted normal client request.
[2026-06-07 19:13:38] Accepted normal client request.
[2026-06-07 19:13:39] Accepted normal client request.
[2026-06-07 19:13:40] Accepted normal client request.
[2026-06-07 19:13:40] Accepted normal client request.
[2026-06-07 19:13:41] Accepted normal client request.
[2026-06-07 19:13:42] Accepted normal client request.
[2026-06-07 19:13:42] Accepted normal client request.
[2026-06-07 19:13:43] Accepted normal client request.
[2026-06-07 19:13:44] Accepted normal client request.
[2026-06-07 19:13:45] Accepted normal client request.
[2026-06-07 19:13:45] Accepted normal client request.
[2026-06-07 19:13:46] Accepted normal client request.
[2026-06-07 19:13:47] Accepted normal client request.
[2026-06-07 19:13:47] Accepted normal client request.
[2026-06-07 19:13:48] Accepted normal client request.
[2026-06-07 19:13:49] Accepted normal client request.
[2026-06-07 19:13:49] Accepted normal client request.
[2026-06-07 19:13:50] Accepted normal client request.
[2026-06-07 19:13:51] Accepted normal client request.
[2026-06-07 19:13:52] Accepted normal client request.
[2026-06-07 19:13:52] Accepted normal client request.
[2026-06-07 19:13:53] Accepted normal client request.
[2026-06-07 19:13:54] Accepted normal client request.
[2026-06-07 19:13:54] Accepted normal client request.
[2026-06-07 19:13:55] Accepted normal client request.
[2026-06-07 19:13:56] Accepted normal client request.
[2026-06-07 19:13:56] Accepted normal client request.
[2026-06-07 19:13:57] Accepted normal client request.
[2026-06-07 19:13:58] Accepted normal client request.
[2026-06-07 19:13:59] Accepted normal client request.
[2026-06-07 19:13:59] Accepted normal client request.
[2026-06-07 19:14:00] Accepted normal client request.
[2026-06-07 19:14:01] Accepted normal client request.
[2026-06-07 19:14:01] Accepted normal client request.
[2026-06-07 19:14:02] Accepted normal client request.
[2026-06-07 19:14:03] Accepted normal client request.
[2026-06-07 19:14:04] Accepted normal client request.
[2026-06-07 19:14:04] Accepted normal client request.
[2026-06-07 19:14:05] Accepted normal client request.
[2026-06-07 19:14:06] Accepted normal client request.
[2026-06-07 19:14:06] Accepted normal client request.
[2026-06-07 19:14:07] Accepted normal client request.
[2026-06-07 19:14:08] Accepted normal client request.
[2026-06-07 19:14:08] Accepted normal client request.
[2026-06-07 19:14:09] Accepted normal client request.
[2026-06-07 19:14:10] Accepted normal client request.
[2026-06-07 19:14:11] Accepted normal client request.
[2026-06-07 19:14:11] Accepted normal client request.
[2026-06-07 19:14:12] Accepted normal client request.
[2026-06-07 19:14:13] Accepted normal client request.
[2026-06-07 19:14:13] Accepted normal client request.
[2026-06-07 19:14:14] Accepted normal client request.
[2026-06-07 19:14:15] Accepted normal client request.
[2026-06-07 19:14:15] Accepted normal client request.
[2026-06-07 19:14:16] Accepted normal client request.
[2026-06-07 19:14:17] Accepted normal client request.
[2026-06-07 19:14:18] Accepted normal client request.
[2026-06-07 19:14:18] Accepted normal client request.
[2026-06-07 19:14:19] Accepted normal client request.
[2026-06-07 19:14:20] Accepted normal client request.
[2026-06-07 19:14:20] Accepted normal client request.
[2026-06-07 19:14:21] Accepted normal client request.
[2026-06-07 19:14:22] Accepted normal client request.
[2026-06-07 19:14:23] Accepted normal client request.
[2026-06-07 19:14:23] Accepted normal client request.
[2026-06-07 19:14:24] Accepted normal client request.
[2026-06-07 19:14:25] Accepted normal client request.
[2026-06-07 19:14:25] Accepted normal client request.
[2026-06-07 19:14:26] Accepted normal client request.
[2026-06-07 19:14:27] Accepted normal client request.
[2026-06-07 19:14:27] Accepted normal client request.
[2026-06-07 19:14:28] Accepted normal client request.
[2026-06-07 19:14:29] Accepted normal client request.
[2026-06-07 19:14:30] Accepted normal client request.
[2026-06-07 19:14:30] Accepted normal client request.
[2026-06-07 19:14:31] Accepted normal client request.
[2026-06-07 19:14:32] Accepted normal client request.
[2026-06-07 19:14:32] Accepted normal client request.
[2026-06-07 19:14:33] Accepted normal client request.
[2026-06-07 19:14:34] Accepted normal client request.
[2026-06-07 19:14:34] Accepted normal client request.
[2026-06-07 19:14:35] Accepted normal client request.
[2026-06-07 19:14:36] Accepted normal client request.
[2026-06-07 19:14:37] Accepted normal client request.
[2026-06-07 19:14:37] Accepted normal client request.
[2026-06-07 19:14:38] Accepted normal client request.
[2026-06-07 19:14:39] Accepted normal client request.
[2026-06-07 19:14:39] Accepted normal client request.
[2026-06-07 19:14:40] Accepted normal client request.
[2026-06-07 19:14:41] Accepted normal client request.
[2026-06-07 19:14:42] Accepted normal client request.
[2026-06-07 19:14:42] Accepted normal client request.
[2026-06-07 19:14:43] Accepted normal client request.
[2026-06-07 19:14:44] Accepted normal client request.
[2026-06-07 19:14:44] Accepted normal client request.
[2026-06-07 19:14:45] Accepted normal client request.
[2026-06-07 19:14:46] Accepted normal client request.
[2026-06-07 19:14:46] Accepted normal client request.
[2026-06-07 19:14:47] Accepted normal client request.
[2026-06-07 19:14:48] Accepted normal client request.
[2026-06-07 19:14:49] Accepted normal client request.
[2026-06-07 19:14:49] Accepted normal client request.
[2026-06-07 19:14:50] Accepted normal client request.
[2026-06-07 19:14:51] Accepted normal client request.
[2026-06-07 19:14:51] Accepted normal client request.
[2026-06-07 19:14:52] Accepted normal client request.
[2026-06-07 19:14:53] Accepted normal client request.
[2026-06-07 19:14:53] Accepted normal client request.
[2026-06-07 19:14:54] Accepted normal client request.
[2026-06-07 19:14:55] Accepted normal client request.
[2026-06-07 19:14:56] Accepted normal client request.
[2026-06-07 19:14:56] Accepted normal client request.
[2026-06-07 19:14:57] Accepted normal client request.
[2026-06-07 19:14:58] Accepted normal client request.
[2026-06-07 19:14:58] Accepted normal client request.
[2026-06-07 19:14:59] Accepted normal client request.
[2026-06-07 19:15:00] Accepted normal client request.
[2026-06-07 19:15:01] Accepted normal client request.
[2026-06-07 19:15:01] Accepted normal client request.
[2026-06-07 19:15:02] Accepted normal client request.
[2026-06-07 19:15:03] Accepted normal client request.
[2026-06-07 19:15:03] Accepted normal client request.
[2026-06-07 19:15:04] Accepted normal client request.
[2026-06-07 19:15:05] Accepted normal client request.
[2026-06-07 19:15:05] Accepted normal client request.
[2026-06-07 19:15:06] Accepted normal client request.
[2026-06-07 19:15:07] Accepted normal client request.
[2026-06-07 19:15:08] Accepted normal client request.
[2026-06-07 19:15:08] Accepted normal client request.
[2026-06-07 19:15:09] Accepted normal client request.
[2026-06-07 19:15:10] Accepted normal client request.
[2026-06-07 19:15:10] Accepted normal client request.
[2026-06-07 19:15:11] Accepted normal client request.
[2026-06-07 19:15:12] Accepted normal client request.
[2026-06-07 19:15:12] Accepted normal client request.
[2026-06-07 19:15:13] Accepted normal client request.
[2026-06-07 19:15:14] Accepted normal client request.
[2026-06-07 19:15:15] Accepted normal client request.
[2026-06-07 19:15:15] Accepted normal client request.
[2026-06-07 19:15:16] Accepted normal client request.
[2026-06-07 19:15:17] Accepted normal client request.
[2026-06-07 19:15:17] Accepted normal client request.
[2026-06-07 19:15:18] Accepted normal client request.
[2026-06-07 19:15:19] Accepted normal client request.
[2026-06-07 19:15:20] Accepted normal client request.
[2026-06-07 19:15:20] Accepted normal client request.
[2026-06-07 19:15:21] Accepted normal client request.
[2026-06-07 19:15:22] Accepted normal client request.
[2026-06-07 19:15:22] Accepted normal client request.
[2026-06-07 19:15:23] Accepted normal client request.
[2026-06-07 19:15:24] Accepted normal client request.
[2026-06-07 19:15:24] Accepted normal client request.
[2026-06-07 19:15:25] Accepted normal client request.
[2026-06-07 19:15:26] Accepted normal client request.
[2026-06-07 19:15:27] Accepted normal client request.
[2026-06-07 19:15:27] Accepted normal client request.
[2026-06-07 19:15:28] Accepted normal client request.
[2026-06-07 19:15:29] Accepted normal client request.
[2026-06-07 19:15:29] Accepted normal client request.
[2026-06-07 19:15:30] Accepted normal client request.
[2026-06-07 19:15:31] Accepted normal client request.
[2026-06-07 19:15:31] Accepted normal client request.
[2026-06-07 19:15:32] Accepted normal client request.
[2026-06-07 19:15:33] Accepted normal client request.
[2026-06-07 19:15:34] Accepted normal client request.
[2026-06-07 19:15:34] Accepted normal client request.
[2026-06-07 19:15:35] Accepted normal client request.
[2026-06-07 19:15:36] Accepted normal client request.
[2026-06-07 19:15:36] Accepted normal client request.
[2026-06-07 19:15:37] Accepted normal client request.
[2026-06-07 19:15:38] Accepted normal client request.
[2026-06-07 19:15:39] Accepted normal client request.
[2026-06-07 19:15:39] Accepted normal client request.
[2026-06-07 19:15:40] Accepted normal client request.
[2026-06-07 19:15:41] Accepted normal client request.
[2026-06-07 19:15:41] Accepted normal client request.
[2026-06-07 19:15:42] Accepted normal client request.
[2026-06-07 19:15:43] Accepted normal client request.
[2026-06-07 19:15:43] Accepted normal client request.
[2026-06-07 19:15:44] Accepted normal client request.
[2026-06-07 19:15:45] Accepted normal client request.
[2026-06-07 19:15:46] Accepted normal client request.
[2026-06-07 19:15:46] Accepted normal client request.
[2026-06-07 19:15:47] Accepted normal client request.
[2026-06-07 19:15:48] Accepted normal client request.
[2026-06-07 19:15:48] Accepted normal client request.
[2026-06-07 19:15:49] Accepted normal client request.
[2026-06-07 19:15:50] Accepted normal client request.
[2026-06-07 19:15:50] Accepted normal client request.
[2026-06-07 19:15:51] Accepted normal client request.
[2026-06-07 19:15:52] Accepted normal client request.
[2026-06-07 19:15:53] Accepted normal client request.
[2026-06-07 19:15:53] Accepted normal client request.
[2026-06-07 19:15:54] Accepted normal client request.
[2026-06-07 19:15:55] Accepted normal client request.
[2026-06-07 19:15:55] Accepted normal client request.
[2026-06-07 19:15:56] Accepted normal client request.
[2026-06-07 19:15:57] Accepted normal client request.
[2026-06-07 19:15:58] Accepted normal client request.
[2026-06-07 19:15:58] Accepted normal client request.
[2026-06-07 19:15:59] Accepted normal client request.
[2026-06-07 19:16:00] Accepted normal client request.
[2026-06-07 19:16:00] Accepted normal client request.
[2026-06-07 19:16:01] Accepted normal client request.
[2026-06-07 19:16:02] Accepted normal client request.
[2026-06-07 19:16:02] Accepted normal client request.
[2026-06-07 19:16:03] Accepted normal client request.
[2026-06-07 19:16:04] Accepted normal client request.
[2026-06-07 19:16:05] Accepted normal client request.
[2026-06-07 19:16:05] Accepted normal client request.
[2026-06-07 19:16:06] Accepted normal client request.
[2026-06-07 19:16:07] Accepted normal client request.
[2026-06-07 19:16:07] Accepted normal client request.
[2026-06-07 19:16:08] Accepted normal client request.
[2026-06-07 19:16:09] Accepted normal client request.
[2026-06-07 19:16:10] Accepted normal client request.
[2026-06-07 19:16:10] Accepted normal client request.
[2026-06-07 19:16:11] Accepted normal client request.
[2026-06-07 19:16:12] Accepted normal client request.
[2026-06-07 19:16:12] Accepted normal client request.
[2026-06-07 19:16:13] Accepted normal client request.
[2026-06-07 19:16:14] Accepted normal client request.
[2026-06-07 19:16:14] Accepted normal client request.
[2026-06-07 19:16:15] Accepted normal client request.
[2026-06-07 19:16:16] Accepted normal client request.
[2026-06-07 19:16:17] Accepted normal client request.
[2026-06-07 19:16:17] Accepted normal client request.
[2026-06-07 19:16:18] Accepted normal client request.
[2026-06-07 19:16:19] Accepted normal client request.
[2026-06-07 19:16:19] Accepted normal client request.
[2026-06-07 19:16:20] Accepted normal client request.
[2026-06-07 19:16:21] Accepted normal client request.
[2026-06-07 19:16:21] Accepted normal client request.
[2026-06-07 19:16:22] Accepted normal client request.
[2026-06-07 19:16:23] Accepted normal client request.
[2026-06-07 19:16:24] Accepted normal client request.
[2026-06-07 19:16:24] Accepted normal client request.
[2026-06-07 19:16:25] Accepted normal client request.
[2026-06-07 19:16:26] Accepted normal client request.
[2026-06-07 19:16:26] Accepted normal client request.
[2026-06-07 19:16:27] Accepted normal client request.
[2026-06-07 19:16:28] Accepted normal client request.
[2026-06-07 19:16:29] Accepted normal client request.
[2026-06-07 19:16:29] Accepted normal client request.
[2026-06-07 19:16:30] Accepted normal client request.
[2026-06-07 19:16:31] Accepted normal client request.
[2026-06-07 19:16:31] Accepted normal client request.
[2026-06-07 19:16:32] Accepted normal client request.
[2026-06-07 19:16:33] Accepted normal client request.
[2026-06-07 19:16:33] Accepted normal client request.
[2026-06-07 19:16:34] Accepted normal client request.
[2026-06-07 19:16:35] Accepted normal client request.
[2026-06-07 19:16:36] Accepted normal client request.
[2026-06-07 19:16:36] Accepted normal client request.
[2026-06-07 19:16:37] Accepted normal client request.
[2026-06-07 19:16:38] Accepted normal client request.
[2026-06-07 19:16:38] Accepted normal client request.
[2026-06-07 19:16:39] Accepted normal client request.
[2026-06-07 19:16:40] Accepted normal client request.
[2026-06-07 19:16:40] Accepted normal client request.
[2026-06-07 19:16:41] Accepted normal client request.
[2026-06-07 19:16:42] Accepted normal client request.
[2026-06-07 19:16:43] Accepted normal client request.
[2026-06-07 19:16:43] Accepted normal client request.
[2026-06-07 19:16:44] Accepted normal client request.
[2026-06-07 19:16:45] Accepted normal client request.
[2026-06-07 19:16:45] Accepted normal client request.
[2026-06-07 19:16:46] Accepted normal client request.
[2026-06-07 19:16:47] Accepted normal client request.
[2026-06-07 19:16:48] Accepted normal client request.
[2026-06-07 19:16:48] Accepted normal client request.
[2026-06-07 19:16:49] Accepted normal client request.
[2026-06-07 19:16:50] Accepted normal client request.
[2026-06-07 19:16:50] Accepted normal client request.
[2026-06-07 19:16:51] Accepted normal client request.
[2026-06-07 19:16:52] Accepted normal client request.
[2026-06-07 19:16:52] Accepted normal client request.
[2026-06-07 19:16:53] Accepted normal client request.
[2026-06-07 19:16:54] Accepted normal client request.
[2026-06-07 19:16:55] Accepted normal client request.
[2026-06-07 19:16:55] Accepted normal client request.
[2026-06-07 19:16:56] Accepted normal client request.
[2026-06-07 19:16:57] Accepted normal client request.
[2026-06-07 19:16:57] Accepted normal client request.
[2026-06-07 19:16:58] Accepted normal client request.
[2026-06-07 19:16:59] Accepted normal client request.
[2026-06-07 19:16:59] Accepted normal client request.
[2026-06-07 19:17:00] Accepted normal client request.
[2026-06-07 19:17:01] Accepted normal client request.
[2026-06-07 19:17:02] Accepted normal client request.
[2026-06-07 19:17:02] Accepted normal client request.
[2026-06-07 19:17:03] Accepted normal client request.
[2026-06-07 19:17:04] Accepted normal client request.
[2026-06-07 19:17:04] Accepted normal client request.
[2026-06-07 19:17:05] Accepted normal client request.
[2026-06-07 19:17:06] Accepted normal client request.
[2026-06-07 19:17:07] Accepted normal client request.
[2026-06-07 19:17:07] Accepted normal client request.
[2026-06-07 19:17:08] Accepted normal client request.
[2026-06-07 19:17:09] Accepted normal client request.
[2026-06-07 19:17:09] Accepted normal client request.
[2026-06-07 19:17:10] Accepted normal client request.
[2026-06-07 19:17:11] Accepted normal client request.
[2026-06-07 19:17:11] Accepted normal client request.
[2026-06-07 19:17:12] Accepted normal client request.
[2026-06-07 19:17:13] Accepted normal client request.
[2026-06-07 19:17:14] Accepted normal client request.
[2026-06-07 19:17:14] Accepted normal client request.
[2026-06-07 19:17:15] Accepted normal client request.
[2026-06-07 19:17:16] Accepted normal client request.
[2026-06-07 19:17:16] Accepted normal client request.
[2026-06-07 19:17:17] Accepted normal client request.
[2026-06-07 19:17:18] Accepted normal client request.
[2026-06-07 19:17:18] Accepted normal client request.
[2026-06-07 19:17:19] Accepted normal client request.
[2026-06-07 19:17:20] Accepted normal client request.
[2026-06-07 19:17:21] Accepted normal client request.
[2026-06-07 19:17:21] Accepted normal client request.
[2026-06-07 19:17:22] Accepted normal client request.
[2026-06-07 19:17:23] Accepted normal client request.
[2026-06-07 19:17:23] Accepted normal client request.
[2026-06-07 19:17:24] Accepted normal client request.
[2026-06-07 19:17:25] Accepted normal client request.
[2026-06-07 19:17:26] Accepted normal client request.
[2026-06-07 19:17:26] Accepted normal client request.
[2026-06-07 19:17:27] Accepted normal client request.
[2026-06-07 19:17:28] Accepted normal client request.
[2026-06-07 19:17:28] Accepted normal client request.
[2026-06-07 19:17:29] Accepted normal client request.
[2026-06-07 19:17:30] Accepted normal client request.
[2026-06-07 19:17:30] Accepted normal client request.
[2026-06-07 19:17:31] Accepted normal client request.
[2026-06-07 19:17:32] Accepted normal client request.
[2026-06-07 19:17:33] Accepted normal client request.
[2026-06-07 19:17:33] Accepted normal client request.
[2026-06-07 19:17:34] Accepted normal client request.
[2026-06-07 19:17:35] Accepted normal client request.
[2026-06-07 19:17:35] Accepted normal client request.
[2026-06-07 19:17:36] Accepted normal client request.
[2026-06-07 19:17:37] Accepted normal client request.
[2026-06-07 19:17:38] Accepted normal client request.
[2026-06-07 19:17:38] Accepted normal client request.
[2026-06-07 19:17:39] Accepted normal client request.
[2026-06-07 19:17:40] Accepted normal client request.
[2026-06-07 19:17:40] Accepted normal client request.
[2026-06-07 19:17:41] Accepted normal client request.
[2026-06-07 19:17:42] Accepted normal client request.
[2026-06-07 19:17:42] Accepted normal client request.
[2026-06-07 19:17:43] Accepted normal client request.
[2026-06-07 19:17:44] Accepted normal client request.
[2026-06-07 19:17:45] Accepted normal client request.
[2026-06-07 19:17:45] Accepted normal client request.
[2026-06-07 19:17:46] Accepted normal client request.
[2026-06-07 19:17:47] Accepted normal client request.
[2026-06-07 19:17:47] Accepted normal client request.
[2026-06-07 19:17:48] Accepted normal client request.
[2026-06-07 19:17:49] Accepted normal client request.
[2026-06-07 19:17:49] Accepted normal client request.
[2026-06-07 19:17:50] Accepted normal client request.
[2026-06-07 19:17:51] Accepted normal client request.
[2026-06-07 19:17:52] Accepted normal client request.
[2026-06-07 19:17:52] Accepted normal client request.
[2026-06-07 19:17:53] Accepted normal client request.
[2026-06-07 19:17:54] Accepted normal client request.
[2026-06-07 19:17:54] Accepted normal client request.
[2026-06-07 19:17:55] Accepted normal client request.
[2026-06-07 19:17:56] Accepted normal client request.
[2026-06-07 19:17:57] Accepted normal client request.
[2026-06-07 19:17:57] Accepted normal client request.
[2026-06-07 19:17:58] Accepted normal client request.
[2026-06-07 19:17:59] Accepted normal client request.
[2026-06-07 19:17:59] Accepted normal client request.
[2026-06-07 19:18:00] Accepted normal client request.
[2026-06-07 19:18:01] Accepted normal client request.
[2026-06-07 19:18:01] Accepted normal client request.
[2026-06-07 19:18:02] Accepted normal client request.
[2026-06-07 19:18:03] Accepted normal client request.
[2026-06-07 19:18:04] Accepted normal client request.
[2026-06-07 19:18:04] Accepted normal client request.
[2026-06-07 19:18:05] Accepted normal client request.
[2026-06-07 19:18:06] Accepted normal client request.
[2026-06-07 19:18:06] Accepted normal client request.
[2026-06-07 19:18:07] Accepted normal client request.
[2026-06-07 19:18:08] Accepted normal client request.
[2026-06-07 19:18:08] Accepted normal client request.
[2026-06-07 19:18:09] Accepted normal client request.
[2026-06-07 19:18:10] Accepted normal client request.
[2026-06-07 19:18:11] Accepted normal client request.
[2026-06-07 19:18:11] Accepted normal client request.
[2026-06-07 19:18:12] Accepted normal client request.
[2026-06-07 19:18:13] Accepted normal client request.
[2026-06-07 19:18:13] Accepted normal client request.
[2026-06-07 19:18:14] Accepted normal client request.
[2026-06-07 19:18:15] Accepted normal client request.
[2026-06-07 19:18:16] Accepted normal client request.
[2026-06-07 19:18:16] Accepted normal client request.
[2026-06-07 19:18:17] Accepted normal client request.
[2026-06-07 19:18:18] Accepted normal client request.
[2026-06-07 19:18:18] Accepted normal client request.
[2026-06-07 19:18:19] Accepted normal client request.
[2026-06-07 19:18:20] Accepted normal client request.
[2026-06-07 19:18:20] Accepted normal client request.
[2026-06-07 19:18:21] Accepted normal client request.
[2026-06-07 19:18:22] Accepted normal client request.
[2026-06-07 19:18:23] Accepted normal client request.
[2026-06-07 19:18:23] Accepted normal client request.
[2026-06-07 19:18:24] Accepted normal client request.
[2026-06-07 19:18:25] Accepted normal client request.
[2026-06-07 19:18:25] Accepted normal client request.
[2026-06-07 19:18:26] Accepted normal client request.
[2026-06-07 19:18:27] Accepted normal client request.
[2026-06-07 19:18:27] Accepted normal client request.
[2026-06-07 19:18:28] Accepted normal client request.
[2026-06-07 19:18:29] Accepted normal client request.
[2026-06-07 19:18:30] Accepted normal client request.
[2026-06-07 19:18:30] Accepted normal client request.
[2026-06-07 19:18:31] Accepted normal client request.
[2026-06-07 19:18:32] Accepted normal client request.
[2026-06-07 19:18:32] Accepted normal client request.
[2026-06-07 19:18:33] Accepted normal client request.
[2026-06-07 19:18:34] Accepted normal client request.
[2026-06-07 19:18:35] Accepted normal client request.
[2026-06-07 19:18:35] Accepted normal client request.
[2026-06-07 19:18:36] Accepted normal client request.
[2026-06-07 19:18:37] Accepted normal client request.
[2026-06-07 19:18:37] Accepted normal client request.
[2026-06-07 19:18:38] Accepted normal client request.
[2026-06-07 19:18:39] Accepted normal client request.
[2026-06-07 19:18:39] Accepted normal client request.
[2026-06-07 19:18:40] Accepted normal client request.
[2026-06-07 19:18:41] Accepted normal client request.
[2026-06-07 19:18:42] Accepted normal client request.
[2026-06-07 19:18:42] Accepted normal client request.
[2026-06-07 19:18:43] Accepted normal client request.
[2026-06-07 19:18:44] Accepted normal client request.
[2026-06-07 19:18:44] Accepted normal client request.
[2026-06-07 19:18:45] Accepted normal client request.
[2026-06-07 19:18:46] Accepted normal client request.
[2026-06-07 19:18:46] Accepted normal client request.
[2026-06-07 19:18:47] Accepted normal client request.
[2026-06-07 19:18:48] Accepted normal client request.
[2026-06-07 19:18:49] Accepted normal client request.
[2026-06-07 19:18:49] Accepted normal client request.
[2026-06-07 19:18:50] Accepted normal client request.
[2026-06-07 19:18:51] Accepted normal client request.
[2026-06-07 19:18:51] Accepted normal client request.
[2026-06-07 19:18:52] Accepted normal client request.
[2026-06-07 19:18:53] Accepted normal client request.
[2026-06-07 19:18:54] Accepted normal client request.
[2026-06-07 19:18:54] Accepted normal client request.
[2026-06-07 19:18:55] Accepted normal client request.
[2026-06-07 19:18:56] Accepted normal client request.
[2026-06-07 19:18:56] Accepted normal client request.
[2026-06-07 19:18:57] Accepted normal client request.
[2026-06-07 19:18:58] Accepted normal client request.
[2026-06-07 19:18:58] Accepted normal client request.
[2026-06-07 19:18:59] Accepted normal client request.
[2026-06-07 19:19:00] Accepted normal client request.
[2026-06-07 19:19:01] Accepted normal client request.
[2026-06-07 19:19:01] Accepted normal client request.
[2026-06-07 19:19:02] Accepted normal client request.
[2026-06-07 19:19:03] Accepted normal client request.
[2026-06-07 19:19:03] Accepted normal client request.
[2026-06-07 19:19:04] Accepted normal client request.
[2026-06-07 19:19:05] Accepted normal client request.
[2026-06-07 19:19:06] Accepted normal client request.
[2026-06-07 19:19:06] Accepted normal client request.
[2026-06-07 19:19:07] Accepted normal client request.
[2026-06-07 19:19:08] Accepted normal client request.
[2026-06-07 19:19:08] Accepted normal client request.
[2026-06-07 19:19:09] Accepted normal client request.
[2026-06-07 19:19:10] Accepted normal client request.
[2026-06-07 19:19:10] Accepted normal client request.
[2026-06-07 19:19:11] Accepted normal client request.
[2026-06-07 19:19:12] Accepted normal client request.
[2026-06-07 19:19:13] Accepted normal client request.
[2026-06-07 19:19:13] Accepted normal client request.
[2026-06-07 19:19:14] Accepted normal client request.
[2026-06-07 19:19:15] Accepted normal client request.
[2026-06-07 19:19:15] Accepted normal client request.
[2026-06-07 19:19:16] Accepted normal client request.
[2026-06-07 19:19:17] Accepted normal client request.
[2026-06-07 19:19:17] Accepted normal client request.
[2026-06-07 19:19:18] Accepted normal client request.
[2026-06-07 19:19:19] Accepted normal client request.
[2026-06-07 19:19:20] Accepted normal client request.
[2026-06-07 19:19:20] Accepted normal client request.
[2026-06-07 19:19:21] Accepted normal client request.
[2026-06-07 19:19:22] Accepted normal client request.
[2026-06-07 19:19:22] Accepted normal client request.
[2026-06-07 19:19:23] Accepted normal client request.
[2026-06-07 19:19:24] Accepted normal client request.
[2026-06-07 19:19:25] Accepted normal client request.
[2026-06-07 19:19:25] Accepted normal client request.
[2026-06-07 19:19:26] Accepted normal client request.
[2026-06-07 19:19:27] Accepted normal client request.
[2026-06-07 19:19:27] Accepted normal client request.
[2026-06-07 19:19:28] Accepted normal client request.
[2026-06-07 19:19:29] Accepted normal client request.
[2026-06-07 19:19:29] Accepted normal client request.
[2026-06-07 19:19:30] Accepted normal client request.
[2026-06-07 19:19:31] Accepted normal client request.
[2026-06-07 19:19:32] Accepted normal client request.
[2026-06-07 19:19:32] Accepted normal client request.
[2026-06-07 19:19:33] Accepted normal client request.
[2026-06-07 19:19:34] Accepted normal client request.
[2026-06-07 19:19:34] Accepted normal client request.
[2026-06-07 19:19:35] Accepted normal client request.
[2026-06-07 19:19:36] Accepted normal client request.
[2026-06-07 19:19:36] Accepted normal client request.
[2026-06-07 19:19:37] Accepted normal client request.
[2026-06-07 19:19:38] Accepted normal client request.
[2026-06-07 19:19:39] Accepted normal client request.
[2026-06-07 19:19:39] Accepted normal client request.
[2026-06-07 19:19:40] Accepted normal client request.
[2026-06-07 19:19:41] Accepted normal client request.
[2026-06-07 19:19:41] Accepted normal client request.
[2026-06-07 19:19:42] Accepted normal client request.
[2026-06-07 19:19:43] Accepted normal client request.
[2026-06-07 19:19:44] Accepted normal client request.
[2026-06-07 19:19:44] Accepted normal client request.
[2026-06-07 19:19:45] Accepted normal client request.
[2026-06-07 19:19:46] Accepted normal client request.
[2026-06-07 19:19:46] Accepted normal client request.
[2026-06-07 19:19:47] Accepted normal client request.
[2026-06-07 19:19:48] Accepted normal client request.
[2026-06-07 19:19:48] Accepted normal client request.
[2026-06-07 19:19:49] Accepted normal client request.
[2026-06-07 19:19:50] Accepted normal client request.
[2026-06-07 19:19:51] Accepted normal client request.
[2026-06-07 19:19:51] Accepted normal client request.
[2026-06-07 19:19:52] Accepted normal client request.
[2026-06-07 19:19:53] Accepted normal client request.
[2026-06-07 19:19:53] Accepted normal client request.
[2026-06-07 19:19:54] Accepted normal client request.
[2026-06-07 19:19:55] Accepted normal client request.
[2026-06-07 19:19:55] Accepted normal client request.
[2026-06-07 19:19:56] Accepted normal client request.
[2026-06-07 19:19:57] Accepted normal client request.
[2026-06-07 19:19:58] Accepted normal client request.
[2026-06-07 19:19:58] Accepted normal client request.
[2026-06-07 19:19:59] Accepted normal client request.
[2026-06-07 19:20:00] Accepted normal client request.
[2026-06-07 19:20:00] Accepted normal client request.
[2026-06-07 19:20:01] Accepted normal client request.
[2026-06-07 19:20:02] Accepted normal client request.
[2026-06-07 19:20:03] Accepted normal client request.
[2026-06-07 19:20:03] Accepted normal client request.
[2026-06-07 19:20:04] Accepted normal client request.
[2026-06-07 19:20:05] Accepted normal client request.
[2026-06-07 19:20:05] Accepted normal client request.
[2026-06-07 19:20:06] Accepted normal client request.
[2026-06-07 19:20:07] Accepted normal client request.
[2026-06-07 19:20:07] Accepted normal client request.
[2026-06-07 19:20:08] Accepted normal client request.
[2026-06-07 19:20:09] Accepted normal client request.
[2026-06-07 19:20:10] Accepted normal client request.
[2026-06-07 19:20:10] Accepted normal client request.
[2026-06-07 19:20:11] Accepted normal client request.
[2026-06-07 19:20:12] Accepted normal client request.
[2026-06-07 19:20:12] Accepted normal client request.
[2026-06-07 19:20:13] Accepted normal client request.
[2026-06-07 19:20:14] Accepted normal client request.
[2026-06-07 19:20:14] Accepted normal client request.
[2026-06-07 19:20:15] Accepted normal client request.
[2026-06-07 19:20:16] Accepted normal client request.
[2026-06-07 19:20:17] Accepted normal client request.
[2026-06-07 19:20:17] Accepted normal client request.
[2026-06-07 19:20:18] Accepted normal client request.
[2026-06-07 19:20:19] Accepted normal client request.
[2026-06-07 19:20:19] Accepted normal client request.
[2026-06-07 19:20:20] Accepted normal client request.
[2026-06-07 19:20:21] Accepted normal client request.
[2026-06-07 19:20:22] Accepted normal client request.
[2026-06-07 19:20:22] Accepted normal client request.
[2026-06-07 19:20:23] Accepted normal client request.
[2026-06-07 19:20:24] Accepted normal client request.
[2026-06-07 19:20:24] Accepted normal client request.
[2026-06-07 19:20:25] Accepted normal client request.
[2026-06-07 19:20:26] Accepted normal client request.
[2026-06-07 19:20:26] Accepted normal client request.
[2026-06-07 19:20:27] Accepted normal client request.
[2026-06-07 19:20:28] Accepted normal client request.
[2026-06-07 19:20:29] Accepted normal client request.
[2026-06-07 19:20:29] Accepted normal client request.
[2026-06-07 19:20:30] Accepted normal client request.
[2026-06-07 19:20:31] Accepted normal client request.
[2026-06-07 19:20:31] Accepted normal client request.
[2026-06-07 19:20:32] Accepted normal client request.
[2026-06-07 19:20:33] Accepted normal client request.
[2026-06-07 19:20:34] Accepted normal client request.
[2026-06-07 19:20:34] Accepted normal client request.
[2026-06-07 19:20:35] Accepted normal client request.
[2026-06-07 19:20:36] Accepted normal client request.
[2026-06-07 19:20:36] Accepted normal client request.
[2026-06-07 19:20:37] Accepted normal client request.
[2026-06-07 19:20:38] Accepted normal client request.
[2026-06-07 19:20:38] Accepted normal client request.
[2026-06-07 19:20:39] Accepted normal client request.
[2026-06-07 19:20:40] Accepted normal client request.
[2026-06-07 19:20:41] Accepted normal client request.
[2026-06-07 19:20:41] Accepted normal client request.
[2026-06-07 19:20:42] Accepted normal client request.
[2026-06-07 19:20:43] Accepted normal client request.
[2026-06-07 19:20:43] Accepted normal client request.
[2026-06-07 19:20:44] Accepted normal client request.
[2026-06-07 19:20:45] Accepted normal client request.
[2026-06-07 19:20:45] Accepted normal client request.
[2026-06-07 19:20:46] Accepted normal client request.
[2026-06-07 19:20:47] Accepted normal client request.
[2026-06-07 19:20:48] Accepted normal client request.
[2026-06-07 19:20:48] Accepted normal client request.
[2026-06-07 19:20:49] Accepted normal client request.
[2026-06-07 19:20:50] Accepted normal client request.
[2026-06-07 19:20:50] Accepted normal client request.
[2026-06-07 19:20:51] Accepted normal client request.
[2026-06-07 19:20:52] Accepted normal client request.
[2026-06-07 19:20:53] Accepted normal client request.
[2026-06-07 19:20:53] Accepted normal client request.
[2026-06-07 19:20:54] Accepted normal client request.
[2026-06-07 19:20:55] Accepted normal client request.
[2026-06-07 19:20:55] Accepted normal client request.
[2026-06-07 19:20:56] Accepted normal client request.
[2026-06-07 19:20:57] Accepted normal client request.
[2026-06-07 19:20:57] Accepted normal client request.
[2026-06-07 19:20:58] Accepted normal client request.
[2026-06-07 19:20:59] Accepted normal client request.
[2026-06-07 19:21:00] Accepted normal client request.
[2026-06-07 19:21:00] Accepted normal client request.
[2026-06-07 19:21:01] Accepted normal client request.
[2026-06-07 19:21:02] Accepted normal client request.
[2026-06-07 19:21:02] Accepted normal client request.
[2026-06-07 19:21:03] Accepted normal client request.
[2026-06-07 19:21:04] Accepted normal client request.
[2026-06-07 19:21:04] Accepted normal client request.
[2026-06-07 19:21:05] Accepted normal client request.
[2026-06-07 19:21:06] Accepted normal client request.
[2026-06-07 19:21:07] Accepted normal client request.
[2026-06-07 19:21:07] Accepted normal client request.
[2026-06-07 19:21:08] Accepted normal client request.
[2026-06-07 19:21:09] Accepted normal client request.
[2026-06-07 19:21:09] Accepted normal client request.
[2026-06-07 19:21:10] Accepted normal client request.
[2026-06-07 19:21:11] Accepted normal client request.
[2026-06-07 19:21:12] Accepted normal client request.
[2026-06-07 19:21:12] Accepted normal client request.
[2026-06-07 19:21:13] Accepted normal client request.
[2026-06-07 19:21:14] Accepted normal client request.
[2026-06-07 19:21:14] Accepted normal client request.
[2026-06-07 19:21:15] Accepted normal client request.
[2026-06-07 19:21:16] Accepted normal client request.
[2026-06-07 19:21:16] Accepted normal client request.
[2026-06-07 19:21:17] Accepted normal client request.
[2026-06-07 19:21:18] Accepted normal client request.
[2026-06-07 19:21:19] Accepted normal client request.
[2026-06-07 19:21:19] Accepted normal client request.
[2026-06-07 19:21:20] Accepted normal client request.
[2026-06-07 19:21:21] Accepted normal client request.
[2026-06-07 19:21:21] Accepted normal client request.
[2026-06-07 19:21:22] Accepted normal client request.
[2026-06-07 19:21:23] Accepted normal client request.
[2026-06-07 19:21:23] Accepted normal client request.
[2026-06-07 19:21:24] Accepted normal client request.
[2026-06-07 19:21:25] Accepted normal client request.
[2026-06-07 19:21:26] Accepted normal client request.
[2026-06-07 19:21:26] Accepted normal client request.
[2026-06-07 19:21:27] Accepted normal client request.
[2026-06-07 19:21:28] Accepted normal client request.
[2026-06-07 19:21:28] Accepted normal client request.
[2026-06-07 19:21:29] Accepted normal client request.
[2026-06-07 19:21:30] Accepted normal client request.
[2026-06-07 19:21:31] Accepted normal client request.
[2026-06-07 19:21:31] Accepted normal client request.
[2026-06-07 19:21:32] Accepted normal client request.
[2026-06-07 19:21:33] Accepted normal client request.
[2026-06-07 19:21:33] Accepted normal client request.
[2026-06-07 19:21:34] Accepted normal client request.
[2026-06-07 19:21:35] Accepted normal client request.
[2026-06-07 19:21:35] Accepted normal client request.
[2026-06-07 19:21:36] Accepted normal client request.
[2026-06-07 19:21:37] Accepted normal client request.
[2026-06-07 19:21:38] Accepted normal client request.
[2026-06-07 19:21:38] Accepted normal client request.
[2026-06-07 19:21:39] Accepted normal client request.
[2026-06-07 19:21:40] Accepted normal client request.
[2026-06-07 19:21:40] Accepted normal client request.
[2026-06-07 19:21:41] Accepted normal client request.
[2026-06-07 19:21:42] Accepted normal client request.
[2026-06-07 19:21:42] Accepted normal client request.
[2026-06-07 19:21:43] Accepted normal client request.
[2026-06-07 19:21:44] Accepted normal client request.
[2026-06-07 19:21:45] Accepted normal client request.
[2026-06-07 19:21:45] Accepted normal client request.
[2026-06-07 19:21:46] Accepted normal client request.
[2026-06-07 19:21:47] Accepted normal client request.
[2026-06-07 19:21:47] Accepted normal client request.
[2026-06-07 19:21:48] Accepted normal client request.
[2026-06-07 19:21:49] Accepted normal client request.
[2026-06-07 19:21:50] Accepted normal client request.
[2026-06-07 19:21:50] Accepted normal client request.
[2026-06-07 19:21:51] Accepted normal client request.
[2026-06-07 19:21:52] Accepted normal client request.
[2026-06-07 19:21:52] Accepted normal client request.
[2026-06-07 19:21:53] Accepted normal client request.
[2026-06-07 19:21:54] Accepted normal client request.
[2026-06-07 19:21:54] Accepted normal client request.
[2026-06-07 19:21:55] Accepted normal client request.
[2026-06-07 19:21:56] Accepted normal client request.
[2026-06-07 19:21:57] Accepted normal client request.
[2026-06-07 19:21:57] Accepted normal client request.
[2026-06-07 19:21:58] Accepted normal client request.
[2026-06-07 19:21:59] Accepted normal client request.
[2026-06-07 19:21:59] Accepted normal client request.
[2026-06-07 19:22:00] Accepted normal client request.
[2026-06-07 19:22:01] Accepted normal client request.
[2026-06-07 19:22:02] Accepted normal client request.
[2026-06-07 19:22:02] Accepted normal client request.
[2026-06-07 19:22:03] Accepted normal client request.
[2026-06-07 19:22:04] Accepted normal client request.
[2026-06-07 19:22:04] Accepted normal client request.
[2026-06-07 19:22:05] Accepted normal client request.
[2026-06-07 19:22:06] Accepted normal client request.
[2026-06-07 19:22:06] Accepted normal client request.
[2026-06-07 19:22:07] Accepted normal client request.
[2026-06-07 19:22:08] Accepted normal client request.
[2026-06-07 19:22:09] Accepted normal client request.
[2026-06-07 19:22:09] Accepted normal client request.
[2026-06-07 19:22:10] Accepted normal client request.
[2026-06-07 19:22:11] Accepted normal client request.
[2026-06-07 19:22:11] Accepted normal client request.
[2026-06-07 19:22:12] Accepted normal client request.
[2026-06-07 19:22:13] Accepted normal client request.
[2026-06-07 19:22:13] Accepted normal client request.
[2026-06-07 19:22:14] Accepted normal client request.
[2026-06-07 19:22:15] Accepted normal client request.
[2026-06-07 19:22:16] Accepted normal client request.
[2026-06-07 19:22:16] Accepted normal client request.
[2026-06-07 19:22:17] Accepted normal client request.
[2026-06-07 19:22:18] Accepted normal client request.
[2026-06-07 19:22:18] Accepted normal client request.
[2026-06-07 19:22:19] Accepted normal client request.
[2026-06-07 19:22:20] Accepted normal client request.
[2026-06-07 19:22:21] Accepted normal client request.
[2026-06-07 19:22:21] Accepted normal client request.
[2026-06-07 19:22:22] Accepted normal client request.
[2026-06-07 19:22:23] Accepted normal client request.
[2026-06-07 19:22:23] Accepted normal client request.
[2026-06-07 19:22:24] Accepted normal client request.
[2026-06-07 19:22:25] Accepted normal client request.
[2026-06-07 19:22:25] Accepted normal client request.
[2026-06-07 19:22:26] Accepted normal client request.
[2026-06-07 19:22:27] Accepted normal client request.
[2026-06-07 19:22:28] Accepted normal client request.
[2026-06-07 19:22:28] Accepted normal client request.
[2026-06-07 19:22:29] Accepted normal client request.
[2026-06-07 19:22:30] Accepted normal client request.
[2026-06-07 19:22:30] Accepted normal client request.
[2026-06-07 19:22:31] Accepted normal client request.
[2026-06-07 19:22:32] Accepted normal client request.
[2026-06-07 19:22:32] Accepted normal client request.
[2026-06-07 19:22:33] Accepted normal client request.
[2026-06-07 19:22:34] Accepted normal client request.
[2026-06-07 19:22:35] Accepted normal client request.
[2026-06-07 19:22:35] Accepted normal client request.
[2026-06-07 19:22:36] Accepted normal client request.
[2026-06-07 19:22:37] Accepted normal client request.
[2026-06-07 19:22:37] Accepted normal client request.
[2026-06-07 19:22:38] Accepted normal client request.
[2026-06-07 19:22:39] Accepted normal client request.
[2026-06-07 19:22:40] Accepted normal client request.
[2026-06-07 19:22:40] Accepted normal client request.
[2026-06-07 19:22:41] Accepted normal client request.
[2026-06-07 19:22:42] Accepted normal client request.
[2026-06-07 19:22:42] Accepted normal client request.
[2026-06-07 19:22:43] Accepted normal client request.
[2026-06-07 19:22:44] Accepted normal client request.
[2026-06-07 19:22:44] Accepted normal client request.
[2026-06-07 19:22:45] Accepted normal client request.
[2026-06-07 19:22:46] Accepted normal client request.
[2026-06-07 19:22:47] Accepted normal client request.
[2026-06-07 19:22:47] Accepted normal client request.
[2026-06-07 19:22:48] Accepted normal client request.
[2026-06-07 19:22:49] Accepted normal client request.
[2026-06-07 19:22:49] Accepted normal client request.
[2026-06-07 19:22:50] Accepted normal client request.
[2026-06-07 19:22:51] Accepted normal client request.
[2026-06-07 19:22:51] Accepted normal client request.
[2026-06-07 19:22:52] Accepted normal client request.
[2026-06-07 19:22:53] Accepted normal client request.
[2026-06-07 19:22:54] Accepted normal client request.
[2026-06-07 19:22:54] Accepted normal client request.
[2026-06-07 19:22:55] Accepted normal client request.
[2026-06-07 19:22:56] Accepted normal client request.
[2026-06-07 19:22:56] Accepted normal client request.
[2026-06-07 19:22:57] Accepted normal client request.
[2026-06-07 19:22:58] Accepted normal client request.
[2026-06-07 19:22:59] Accepted normal client request.
[2026-06-07 19:22:59] Accepted normal client request.
[2026-06-07 19:23:00] Accepted normal client request.
[2026-06-07 19:23:01] Accepted normal client request.
[2026-06-07 19:23:01] Accepted normal client request.
[2026-06-07 19:23:02] Accepted normal client request.
[2026-06-07 19:23:03] Accepted normal client request.
[2026-06-07 19:23:03] Accepted normal client request.
[2026-06-07 19:23:04] Accepted normal client request.
[2026-06-07 19:23:05] Accepted normal client request.
[2026-06-07 19:23:06] Accepted normal client request.
[2026-06-07 19:23:06] Accepted normal client request.
[2026-06-07 19:23:07] Accepted normal client request.
[2026-06-07 19:23:08] Accepted normal client request.
[2026-06-07 19:23:08] Accepted normal client request.
[2026-06-07 19:23:09] Accepted normal client request.
[2026-06-07 19:23:10] Accepted normal client request.
[2026-06-07 19:23:10] Accepted normal client request.
[2026-06-07 19:23:11] Accepted normal client request.
[2026-06-07 19:23:12] Accepted normal client request.
[2026-06-07 19:23:13] Accepted normal client request.
[2026-06-07 19:23:13] Accepted normal client request.
[2026-06-07 19:23:14] Accepted normal client request.
[2026-06-07 19:23:15] Accepted normal client request.
[2026-06-07 19:23:15] Accepted normal client request.
[2026-06-07 19:23:16] Accepted normal client request.
[2026-06-07 19:23:17] Accepted normal client request.
[2026-06-07 19:23:18] Accepted normal client request.
[2026-06-07 19:23:18] Accepted normal client request.
[2026-06-07 19:23:19] Accepted normal client request.
[2026-06-07 19:23:20] Accepted normal client request.
[2026-06-07 19:23:20] Accepted normal client request.
[2026-06-07 19:23:21] Accepted normal client request.
[2026-06-07 19:23:22] Accepted normal client request.
[2026-06-07 19:23:22] Accepted normal client request.
[2026-06-07 19:23:23] Accepted normal client request.
[2026-06-07 19:23:24] Accepted normal client request.
[2026-06-07 19:23:25] Accepted normal client request.
[2026-06-07 19:23:25] Accepted normal client request.
[2026-06-07 19:23:26] Accepted normal client request.
[2026-06-07 19:23:27] Accepted normal client request.
[2026-06-07 19:23:27] Accepted normal client request.
[2026-06-07 19:23:28] Accepted normal client request.
[2026-06-07 19:23:29] Accepted normal client request.
[2026-06-07 19:23:30] Accepted normal client request.
[2026-06-07 19:23:30] Accepted normal client request.
[2026-06-07 19:23:31] Accepted normal client request.
[2026-06-07 19:23:32] Accepted normal client request.
[2026-06-07 19:23:32] Accepted normal client request.
[2026-06-07 19:23:33] Accepted normal client request.
[2026-06-07 19:23:34] Accepted normal client request.
[2026-06-07 19:23:34] Accepted normal client request.
[2026-06-07 19:23:35] Accepted normal client request.
[2026-06-07 19:23:36] Accepted normal client request.
[2026-06-07 19:23:37] Accepted normal client request.
[2026-06-07 19:23:37] Accepted normal client request.
[2026-06-07 19:23:38] Accepted normal client request.
[2026-06-07 19:23:39] Accepted normal client request.
[2026-06-07 19:23:39] Accepted normal client request.
[2026-06-07 19:23:40] Accepted normal client request.
[2026-06-07 19:23:41] Accepted normal client request.
[2026-06-07 19:23:41] Accepted normal client request.
[2026-06-07 19:23:42] Accepted normal client request.
[2026-06-07 19:23:43] Accepted normal client request.
[2026-06-07 19:23:44] Accepted normal client request.
[2026-06-07 19:23:44] Accepted normal client request.
[2026-06-07 19:23:45] Accepted normal client request.
[2026-06-07 19:23:46] Accepted normal client request.
[2026-06-07 19:23:46] Accepted normal client request.
[2026-06-07 19:23:47] Accepted normal client request.
[2026-06-07 19:23:48] Accepted normal client request.
[2026-06-07 19:23:49] Accepted normal client request.
[2026-06-07 19:23:49] Accepted normal client request.
[2026-06-07 19:23:50] Accepted normal client request.
[2026-06-07 19:23:51] Accepted normal client request.
[2026-06-07 19:23:51] Accepted normal client request.
[2026-06-07 19:23:52] Accepted normal client request.
[2026-06-07 19:23:53] Accepted normal client request.
[2026-06-07 19:23:53] Accepted normal client request.
[2026-06-07 19:23:54] Accepted normal client request.
[2026-06-07 19:23:55] Accepted normal client request.
[2026-06-07 19:23:56] Accepted normal client request.
[2026-06-07 19:23:56] Accepted normal client request.
[2026-06-07 19:23:57] Accepted normal client request.
[2026-06-07 19:23:58] Accepted normal client request.
[2026-06-07 19:23:58] Accepted normal client request.
[2026-06-07 19:23:59] Accepted normal client request.
[2026-06-07 19:24:00] Accepted normal client request.
[2026-06-07 19:24:00] Accepted normal client request.
[2026-06-07 19:24:01] Accepted normal client request.
[2026-06-07 19:24:02] Accepted normal client request.
[2026-06-07 19:24:03] Accepted normal client request.
[2026-06-07 19:24:03] Accepted normal client request.
[2026-06-07 19:24:04] Accepted normal client request.
[2026-06-07 19:24:05] Accepted normal client request.
[2026-06-07 19:24:05] Accepted normal client request.
[2026-06-07 19:24:06] Accepted normal client request.
[2026-06-07 19:24:07] Accepted normal client request.
[2026-06-07 19:24:08] Accepted normal client request.
[2026-06-07 19:24:08] Accepted normal client request.
[2026-06-07 19:24:09] Accepted normal client request.
[2026-06-07 19:24:10] Accepted normal client request.
[2026-06-07 19:24:10] Accepted normal client request.
[2026-06-07 19:24:11] Accepted normal client request.
[2026-06-07 19:24:12] Accepted normal client request.
[2026-06-07 19:24:12] Accepted normal client request.
[2026-06-07 19:24:13] Accepted normal client request.
[2026-06-07 19:24:14] Accepted normal client request.
[2026-06-07 19:24:15] Accepted normal client request.
[2026-06-07 19:24:15] Accepted normal client request.
[2026-06-07 19:24:16] Accepted normal client request.
[2026-06-07 19:24:17] Accepted normal client request.
[2026-06-07 19:24:17] Accepted normal client request.
[2026-06-07 19:24:18] Accepted normal client request.
[2026-06-07 19:24:19] Accepted normal client request.
[2026-06-07 19:24:19] Accepted normal client request.
[2026-06-07 19:24:20] Accepted normal client request.
[2026-06-07 19:24:21] Accepted normal client request.
[2026-06-07 19:24:22] Accepted normal client request.
[2026-06-07 19:24:22] Accepted normal client request.
[2026-06-07 19:24:23] Accepted normal client request.
[2026-06-07 19:24:24] Accepted normal client request.
[2026-06-07 19:24:24] Accepted normal client request.
[2026-06-07 19:24:25] Accepted normal client request.
[2026-06-07 19:24:26] Accepted normal client request.
[2026-06-07 19:24:27] Accepted normal client request.
[2026-06-07 19:24:27] Accepted normal client request.
[2026-06-07 19:24:28] Accepted normal client request.
[2026-06-07 19:24:29] Accepted normal client request.
[2026-06-07 19:24:29] Accepted normal client request.
[2026-06-07 19:24:30] Accepted normal client request.
[2026-06-07 19:24:31] Accepted normal client request.
[2026-06-07 19:24:31] Accepted normal client request.
[2026-06-07 19:24:32] Accepted normal client request.
[2026-06-07 19:24:33] Accepted normal client request.
[2026-06-07 19:24:34] Accepted normal client request.
[2026-06-07 19:24:34] Accepted normal client request.
[2026-06-07 19:24:35] Accepted normal client request.
[2026-06-07 19:24:36] Accepted normal client request.
[2026-06-07 19:24:36] Accepted normal client request.
[2026-06-07 19:24:37] Accepted normal client request.
[2026-06-07 19:24:38] Accepted normal client request.
[2026-06-07 19:24:38] Accepted normal client request.
[2026-06-07 19:24:39] Accepted normal client request.
[2026-06-07 19:24:40] Accepted normal client request.
[2026-06-07 19:24:41] Accepted normal client request.
[2026-06-07 19:24:41] Accepted normal client request.
[2026-06-07 19:24:42] Accepted normal client request.
[2026-06-07 19:24:43] Accepted normal client request.
[2026-06-07 19:24:43] Accepted normal client request.
[2026-06-07 19:24:44] Accepted normal client request.
[2026-06-07 19:24:45] Accepted normal client request.
[2026-06-07 19:24:46] Accepted normal client request.
[2026-06-07 19:24:46] Accepted normal client request.
[2026-06-07 19:24:47] Accepted normal client request.
[2026-06-07 19:24:48] Accepted normal client request.
[2026-06-07 19:24:48] Accepted normal client request.
[2026-06-07 19:24:49] Accepted normal client request.
[2026-06-07 19:24:50] Accepted normal client request.
[2026-06-07 19:24:50] Accepted normal client request.
[2026-06-07 19:24:51] Accepted normal client request.
[2026-06-07 19:24:52] Accepted normal client request.
[2026-06-07 19:24:53] Accepted normal client request.
[2026-06-07 19:24:53] Accepted normal client request.
[2026-06-07 19:24:54] Accepted normal client request.
[2026-06-07 19:24:55] Accepted normal client request.
[2026-06-07 19:24:55] Accepted normal client request.
[2026-06-07 19:24:56] Accepted normal client request.
[2026-06-07 19:24:57] Accepted normal client request.
[2026-06-07 19:24:58] Accepted normal client request.
[2026-06-07 19:24:58] Accepted normal client request.
[2026-06-07 19:24:59] Accepted normal client request.
[2026-06-07 19:25:00] Accepted normal client request.
[2026-06-07 19:25:00] Accepted normal client request.
[2026-06-07 19:25:01] Accepted normal client request.
[2026-06-07 19:25:02] Accepted normal client request.
[2026-06-07 19:25:02] Accepted normal client request.
[2026-06-07 19:25:03] Accepted normal client request.
[2026-06-07 19:25:04] Accepted normal client request.
[2026-06-07 19:25:05] Accepted normal client request.
[2026-06-07 19:25:05] Accepted normal client request.
[2026-06-07 19:25:06] Accepted normal client request.
[2026-06-07 19:25:07] Accepted normal client request.
[2026-06-07 19:25:07] Accepted normal client request.
[2026-06-07 19:25:08] Accepted normal client request.
[2026-06-07 19:25:09] Accepted normal client request.
[2026-06-07 19:25:09] Accepted normal client request.
[2026-06-07 19:25:10] Accepted normal client request.
[2026-06-07 19:25:11] Accepted normal client request.
[2026-06-07 19:25:12] Accepted normal client request.
[2026-06-07 19:25:12] Accepted normal client request.
[2026-06-07 19:25:13] Accepted normal client request.
[2026-06-07 19:25:14] Accepted normal client request.
[2026-06-07 19:25:14] Accepted normal client request.
[2026-06-07 19:25:15] Accepted normal client request.
[2026-06-07 19:25:16] Accepted normal client request.
[2026-06-07 19:25:17] Accepted normal client request.
[2026-06-07 19:25:17] Accepted normal client request.
[2026-06-07 19:25:18] Accepted normal client request.
[2026-06-07 19:25:19] Accepted normal client request.
[2026-06-07 19:25:19] Accepted normal client request.
[2026-06-07 19:25:20] Accepted normal client request.
[2026-06-07 19:25:21] Accepted normal client request.
[2026-06-07 19:25:21] Accepted normal client request.
[2026-06-07 19:25:22] Accepted normal client request.
[2026-06-07 19:25:23] Accepted normal client request.
[2026-06-07 19:25:24] Accepted normal client request.
[2026-06-07 19:25:24] Accepted normal client request.
[2026-06-07 19:25:25] Accepted normal client request.
[2026-06-07 19:25:26] Accepted normal client request.
[2026-06-07 19:25:26] Accepted normal client request.
[2026-06-07 19:25:27] Accepted normal client request.
[2026-06-07 19:25:28] Accepted normal client request.
[2026-06-07 19:25:28] Accepted normal client request.
[2026-06-07 19:25:29] Accepted normal client request.
[2026-06-07 19:25:30] Accepted normal client request.
[2026-06-07 19:25:31] Accepted normal client request.
[2026-06-07 19:25:31] Accepted normal client request.
[2026-06-07 19:25:32] Accepted normal client request.
[2026-06-07 19:25:33] Accepted normal client request.
[2026-06-07 19:25:33] Accepted normal client request.
[2026-06-07 19:25:34] Accepted normal client request.
[2026-06-07 19:25:35] Accepted normal client request.
[2026-06-07 19:25:36] Accepted normal client request.
[2026-06-07 19:25:36] Accepted normal client request.
[2026-06-07 19:25:37] Accepted normal client request.
[2026-06-07 19:25:38] Accepted normal client request.
[2026-06-07 19:25:38] Accepted normal client request.
[2026-06-07 19:25:39] Accepted normal client request.
[2026-06-07 19:25:40] Accepted normal client request.
[2026-06-07 19:25:40] Accepted normal client request.
[2026-06-07 19:25:41] Accepted normal client request.
[2026-06-07 19:25:42] Accepted normal client request.
[2026-06-07 19:25:43] Accepted normal client request.
[2026-06-07 19:25:43] Accepted normal client request.
[2026-06-07 19:25:44] Accepted normal client request.
[2026-06-07 19:25:45] Accepted normal client request.
[2026-06-07 19:25:45] Accepted normal client request.
[2026-06-07 19:25:46] Accepted normal client request.
[2026-06-07 19:25:47] Accepted normal client request.
[2026-06-07 19:25:47] Accepted normal client request.
[2026-06-07 19:25:48] Accepted normal client request.
[2026-06-07 19:25:49] Accepted normal client request.
[2026-06-07 19:25:50] Accepted normal client request.
[2026-06-07 19:25:50] Accepted normal client request.
[2026-06-07 19:25:51] Accepted normal client request.
[2026-06-07 19:25:52] Accepted normal client request.
[2026-06-07 19:25:52] Accepted normal client request.
[2026-06-07 19:25:53] Accepted normal client request.
[2026-06-07 19:25:54] Accepted normal client request.
[2026-06-07 19:25:55] Accepted normal client request.
[2026-06-07 19:25:55] Accepted normal client request.
[2026-06-07 19:25:56] Accepted normal client request.
[2026-06-07 19:25:57] Accepted normal client request.
[2026-06-07 19:25:57] Accepted normal client request.
[2026-06-07 19:25:58] Accepted normal client request.
[2026-06-07 19:25:59] Accepted normal client request.
[2026-06-07 19:25:59] Accepted normal client request.
[2026-06-07 19:26:00] Accepted normal client request.
[2026-06-07 19:26:01] Accepted normal client request.
[2026-06-07 19:26:02] Accepted normal client request.
[2026-06-07 19:26:02] Accepted normal client request.
[2026-06-07 19:26:03] Accepted normal client request.
[2026-06-07 19:26:04] Accepted normal client request.
[2026-06-07 19:26:04] Accepted normal client request.
[2026-06-07 19:26:05] Accepted normal client request.
[2026-06-07 19:26:06] Accepted normal client request.
[2026-06-07 19:26:06] Accepted normal client request.
[2026-06-07 19:26:07] Accepted normal client request.
[2026-06-07 19:26:08] Accepted normal client request.
[2026-06-07 19:26:09] Accepted normal client request.
[2026-06-07 19:26:09] Accepted normal client request.
[2026-06-07 19:26:10] Accepted normal client request.
[2026-06-07 19:26:11] Accepted normal client request.
[2026-06-07 19:26:11] Accepted normal client request.
[2026-06-07 19:26:12] Accepted normal client request.
[2026-06-07 19:26:13] Accepted normal client request.
[2026-06-07 19:26:14] Accepted normal client request.
[2026-06-07 19:26:14] Accepted normal client request.
[2026-06-07 19:26:15] Accepted normal client request.
[2026-06-07 19:26:16] Accepted normal client request.
[2026-06-07 19:26:16] Accepted normal client request.
[2026-06-07 19:26:17] Accepted normal client request.
[2026-06-07 19:26:18] Accepted normal client request.
[2026-06-07 19:26:18] Accepted normal client request.
[2026-06-07 19:26:19] Accepted normal client request.
[2026-06-07 19:26:20] Accepted normal client request.
[2026-06-07 19:26:21] Accepted normal client request.
[2026-06-07 19:26:21] Accepted normal client request.
[2026-06-07 19:26:22] Accepted normal client request.
[2026-06-07 19:26:23] Accepted normal client request.
[2026-06-07 19:26:23] Accepted normal client request.
[2026-06-07 19:26:24] Accepted normal client request.
[2026-06-07 19:26:25] Accepted normal client request.
[2026-06-07 19:26:26] Accepted normal client request.
[2026-06-07 19:26:26] Accepted normal client request.
[2026-06-07 19:26:27] Accepted normal client request.
[2026-06-07 19:26:28] Accepted normal client request.
[2026-06-07 19:26:28] Accepted normal client request.
[2026-06-07 19:26:29] Accepted normal client request.
[2026-06-07 19:26:30] Accepted normal client request.
[2026-06-07 19:26:30] Accepted normal client request.
[2026-06-07 19:26:31] Accepted normal client request.
[2026-06-07 19:26:32] Accepted normal client request.
[2026-06-07 19:26:33] Accepted normal client request.
[2026-06-07 19:26:33] Accepted normal client request.
[2026-06-07 19:26:34] Accepted normal client request.
[2026-06-07 19:26:35] Accepted normal client request.
[2026-06-07 19:26:35] Accepted normal client request.
[2026-06-07 19:26:36] Accepted normal client request.
[2026-06-07 19:26:37] Accepted normal client request.
[2026-06-07 19:26:37] Accepted normal client request.
[2026-06-07 19:26:38] Accepted normal client request.
[2026-06-07 19:26:39] Accepted normal client request.
[2026-06-07 19:26:40] Accepted normal client request.
[2026-06-07 19:26:40] Accepted normal client request.
[2026-06-07 19:26:41] Accepted normal client request.
[2026-06-07 19:26:42] Accepted normal client request.
[2026-06-07 19:26:42] Accepted normal client request.
[2026-06-07 19:26:43] Accepted normal client request.
[2026-06-07 19:26:44] Accepted normal client request.
[2026-06-07 19:26:45] Accepted normal client request.
[2026-06-07 19:26:45] Accepted normal client request.
[2026-06-07 19:26:46] Accepted normal client request.
[2026-06-07 19:26:47] Accepted normal client request.
[2026-06-07 19:26:47] Accepted normal client request.
[2026-06-07 19:26:48] Accepted normal client request.
[2026-06-07 19:26:49] Accepted normal client request.
[2026-06-07 19:26:49] Accepted normal client request.
[2026-06-07 19:26:50] Accepted normal client request.
[2026-06-07 19:26:51] Accepted normal client request.
[2026-06-07 19:26:52] Accepted normal client request.
[2026-06-07 19:26:52] Accepted normal client request.
[2026-06-07 19:26:53] Accepted normal client request.
[2026-06-07 19:26:54] Accepted normal client request.
[2026-06-07 19:26:54] Accepted normal client request.
[2026-06-07 19:26:55] Accepted normal client request.
[2026-06-07 19:26:56] Accepted normal client request.
[2026-06-07 19:26:56] Accepted normal client request.
[2026-06-07 19:26:57] Accepted normal client request.
[2026-06-07 19:26:58] Accepted normal client request.
[2026-06-07 19:26:59] Accepted normal client request.
[2026-06-07 19:26:59] Accepted normal client request.
[2026-06-07 19:27:00] Accepted normal client request.
[2026-06-07 19:27:01] Accepted normal client request.
[2026-06-07 19:27:01] Accepted normal client request.
[2026-06-07 19:27:02] Accepted normal client request.
[2026-06-07 19:27:03] Accepted normal client request.
[2026-06-07 19:27:04] Accepted normal client request.
[2026-06-07 19:27:04] Accepted normal client request.
[2026-06-07 19:27:05] Accepted normal client request.
[2026-06-07 19:27:06] Accepted normal client request.
[2026-06-07 19:27:06] Accepted normal client request.
[2026-06-07 19:27:07] Accepted normal client request.
[2026-06-07 19:27:08] Accepted normal client request.
[2026-06-07 19:27:08] Accepted normal client request.
[2026-06-07 19:27:09] Accepted normal client request.
[2026-06-07 19:27:10] Accepted normal client request.
[2026-06-07 19:27:11] Accepted normal client request.
[2026-06-07 19:27:11] Accepted normal client request.
[2026-06-07 19:27:12] Accepted normal client request.
[2026-06-07 19:27:13] Accepted normal client request.
[2026-06-07 19:27:13] Accepted normal client request.
[2026-06-07 19:27:14] Accepted normal client request.
[2026-06-07 19:27:15] Accepted normal client request.
[2026-06-07 19:27:15] Accepted normal client request.
[2026-06-07 19:27:16] Accepted normal client request.
[2026-06-07 19:27:17] Accepted normal client request.
[2026-06-07 19:27:18] Accepted normal client request.
[2026-06-07 19:27:18] Accepted normal client request.
[2026-06-07 19:27:19] Accepted normal client request.
[2026-06-07 19:27:20] Accepted normal client request.
[2026-06-07 19:27:20] Accepted normal client request.
[2026-06-07 19:27:21] Accepted normal client request.
[2026-06-07 19:27:22] Accepted normal client request.
[2026-06-07 19:27:23] Accepted normal client request.
[2026-06-07 19:27:23] Accepted normal client request.
[2026-06-07 19:27:24] Accepted normal client request.
[2026-06-07 19:27:25] Accepted normal client request.
[2026-06-07 19:27:25] Accepted normal client request.
[2026-06-07 19:27:26] Accepted normal client request.
[2026-06-07 19:27:27] Accepted normal client request.
[2026-06-07 19:27:27] Accepted normal client request.
[2026-06-07 19:27:28] Accepted normal client request.
[2026-06-07 19:27:29] Accepted normal client request.
[2026-06-07 19:27:30] Accepted normal client request.
[2026-06-07 19:27:30] Accepted normal client request.
[2026-06-07 19:27:31] Accepted normal client request.
[2026-06-07 19:27:32] Accepted normal client request.
[2026-06-07 19:27:32] Accepted normal client request.
[2026-06-07 19:27:33] Accepted normal client request.
[2026-06-07 19:27:34] Accepted normal client request.
[2026-06-07 19:27:34] Accepted normal client request.
[2026-06-07 19:27:35] Accepted normal client request.
[2026-06-07 19:27:36] Accepted normal client request.
[2026-06-07 19:27:37] Accepted normal client request.
[2026-06-07 19:27:37] Accepted normal client request.
[2026-06-07 19:27:38] Accepted normal client request.
[2026-06-07 19:27:39] Accepted normal client request.
[2026-06-07 19:27:39] Accepted normal client request.
[2026-06-07 19:27:40] Accepted normal client request.
[2026-06-07 19:27:41] Accepted normal client request.
[2026-06-07 19:27:42] Accepted normal client request.
[2026-06-07 19:27:42] Accepted normal client request.
[2026-06-07 19:27:43] Accepted normal client request.
[2026-06-07 19:27:44] Accepted normal client request.
[2026-06-07 19:27:44] Accepted normal client request.
[2026-06-07 19:27:45] Accepted normal client request.
[2026-06-07 19:27:46] Accepted normal client request.
[2026-06-07 19:27:46] Accepted normal client request.
[2026-06-07 19:27:47] Accepted normal client request.
[2026-06-07 19:27:48] Accepted normal client request.
[2026-06-07 19:27:49] Accepted normal client request.
[2026-06-07 19:27:49] Accepted normal client request.
[2026-06-07 19:27:50] Accepted normal client request.
[2026-06-07 19:27:51] Accepted normal client request.
[2026-06-07 19:27:51] Accepted normal client request.
[2026-06-07 19:27:52] Accepted normal client request.
[2026-06-07 19:27:53] Accepted normal client request.
[2026-06-07 19:27:54] Accepted normal client request.
[2026-06-07 19:27:54] Accepted normal client request.
[2026-06-07 19:27:55] Accepted normal client request.
[2026-06-07 19:27:56] Accepted normal client request.
[2026-06-07 19:27:56] Accepted normal client request.
[2026-06-07 19:27:57] Accepted normal client request.
[2026-06-07 19:27:58] Accepted normal client request.
[2026-06-07 19:27:58] Accepted normal client request.
[2026-06-07 19:27:59] Accepted normal client request.
[2026-06-07 19:28:00] Accepted normal client request.
[2026-06-07 19:28:01] Accepted normal client request.
[2026-06-07 19:28:01] Accepted normal client request.
[2026-06-07 19:28:02] Accepted normal client request.
[2026-06-07 19:28:03] Accepted normal client request.
[2026-06-07 19:28:03] Accepted normal client request.
[2026-06-07 19:28:04] Accepted normal client request.
[2026-06-07 19:28:05] Accepted normal client request.
[2026-06-07 19:28:05] Accepted normal client request.
[2026-06-07 19:28:06] Accepted normal client request.
[2026-06-07 19:28:07] Accepted normal client request.
[2026-06-07 19:28:08] Accepted normal client request.
[2026-06-07 19:28:08] Accepted normal client request.
[2026-06-07 19:28:09] Accepted normal client request.
[2026-06-07 19:28:10] Accepted normal client request.
[2026-06-07 19:28:10] Accepted normal client request.
[2026-06-07 19:28:11] Accepted normal client request.
[2026-06-07 19:28:12] Accepted normal client request.
[2026-06-07 19:28:13] Accepted normal client request.
[2026-06-07 19:28:13] Accepted normal client request.
[2026-06-07 19:28:14] Accepted normal client request.
[2026-06-07 19:28:15] Accepted normal client request.
[2026-06-07 19:28:15] Accepted normal client request.
[2026-06-07 19:28:16] Accepted normal client request.
[2026-06-07 19:28:17] Accepted normal client request.
[2026-06-07 19:28:17] Accepted normal client request.
[2026-06-07 19:28:18] Accepted normal client request.
[2026-06-07 19:28:19] Accepted normal client request.
[2026-06-07 19:28:20] Accepted normal client request.
[2026-06-07 19:28:20] Accepted normal client request.
[2026-06-07 19:28:21] Accepted normal client request.
[2026-06-07 19:28:22] Accepted normal client request.
[2026-06-07 19:28:22] Accepted normal client request.
[2026-06-07 19:28:23] Accepted normal client request.
[2026-06-07 19:28:24] Accepted normal client request.
[2026-06-07 19:28:24] Accepted normal client request.
[2026-06-07 19:28:25] Accepted normal client request.
[2026-06-07 19:28:26] Accepted normal client request.
[2026-06-07 19:28:27] Accepted normal client request.
[2026-06-07 19:28:27] Accepted normal client request.
[2026-06-07 19:28:28] Accepted normal client request.
[2026-06-07 19:28:29] Accepted normal client request.
[2026-06-07 19:28:29] Accepted normal client request.
[2026-06-07 19:28:30] Accepted normal client request.
[2026-06-07 19:28:31] Accepted normal client request.
[2026-06-07 19:28:32] Accepted normal client request.
[2026-06-07 19:28:32] Accepted normal client request.
[2026-06-07 19:28:33] Accepted normal client request.
[2026-06-07 19:28:34] Accepted normal client request.
[2026-06-07 19:28:34] Accepted normal client request.
[2026-06-07 19:28:35] Accepted normal client request.
[2026-06-07 19:28:36] Accepted normal client request.
[2026-06-07 19:28:36] Accepted normal client request.
[2026-06-07 19:28:37] Accepted normal client request.
[2026-06-07 19:28:38] Accepted normal client request.
[2026-06-07 19:28:39] Accepted normal client request.
[2026-06-07 19:28:39] Accepted normal client request.
[2026-06-07 19:28:40] Accepted normal client request.
[2026-06-07 19:28:41] Accepted normal client request.
[2026-06-07 19:28:41] Accepted normal client request.
[2026-06-07 19:28:42] Accepted normal client request.
[2026-06-07 19:28:43] Accepted normal client request.
[2026-06-07 19:28:43] Accepted normal client request.
[2026-06-07 19:28:44] Accepted normal client request.
[2026-06-07 19:28:45] Accepted normal client request.
[2026-06-07 19:28:46] Accepted normal client request.
[2026-06-07 19:28:46] Accepted normal client request.
[2026-06-07 19:28:47] Accepted normal client request.
[2026-06-07 19:28:48] Accepted normal client request.
[2026-06-07 19:28:48] Accepted normal client request.
[2026-06-07 19:28:49] Accepted normal client request.
[2026-06-07 19:28:50] Accepted normal client request.
[2026-06-07 19:28:51] Accepted normal client request.
[2026-06-07 19:28:51] Accepted normal client request.
[2026-06-07 19:28:52] Accepted normal client request.
[2026-06-07 19:28:53] Accepted normal client request.
[2026-06-07 19:28:53] Accepted normal client request.
[2026-06-07 19:28:54] Accepted normal client request.
[2026-06-07 19:28:55] Accepted normal client request.
[2026-06-07 19:28:55] Accepted normal client request.
[2026-06-07 19:28:56] Accepted normal client request.
[2026-06-07 19:28:57] Accepted normal client request.
[2026-06-07 19:28:58] Accepted normal client request.
[2026-06-07 19:28:58] Accepted normal client request.
[2026-06-07 19:28:59] Accepted normal client request.
[2026-06-07 19:29:00] Accepted normal client request.
[2026-06-07 19:29:00] Accepted normal client request.
[2026-06-07 19:29:01] Accepted normal client request.
[2026-06-07 19:29:02] Accepted normal client request.
[2026-06-07 19:29:02] Accepted normal client request.
[2026-06-07 19:29:03] Accepted normal client request.
[2026-06-07 19:29:04] Accepted normal client request.
[2026-06-07 19:29:05] Accepted normal client request.
[2026-06-07 19:29:05] Accepted normal client request.
[2026-06-07 19:29:06] Accepted normal client request.
[2026-06-07 19:29:07] Accepted normal client request.
[2026-06-07 19:29:07] Accepted normal client request.
[2026-06-07 19:29:08] Accepted normal client request.
[2026-06-07 19:29:09] Accepted normal client request.
[2026-06-07 19:29:10] Accepted normal client request.
[2026-06-07 19:29:10] Accepted normal client request.
[2026-06-07 19:29:11] Accepted normal client request.
[2026-06-07 19:29:12] Accepted normal client request.
[2026-06-07 19:29:12] Accepted normal client request.
[2026-06-07 19:29:13] Accepted normal client request.
[2026-06-07 19:29:14] Accepted normal client request.
[2026-06-07 19:29:14] Accepted normal client request.
[2026-06-07 19:29:15] Accepted normal client request.
[2026-06-07 19:29:16] Accepted normal client request.
[2026-06-07 19:29:17] Accepted normal client request.
[2026-06-07 19:29:17] Accepted normal client request.
[2026-06-07 19:29:18] Accepted normal client request.
[2026-06-07 19:29:19] Accepted normal client request.
[2026-06-07 19:29:19] Accepted normal client request.
[2026-06-07 19:29:20] Accepted normal client request.
[2026-06-07 19:29:21] Accepted normal client request.
[2026-06-07 19:29:22] Accepted normal client request.
[2026-06-07 19:29:22] Accepted normal client request.
[2026-06-07 19:29:23] Accepted normal client request.
[2026-06-07 19:29:24] Accepted normal client request.
[2026-06-07 19:29:24] Accepted normal client request.
[2026-06-07 19:29:25] Accepted normal client request.
[2026-06-07 19:29:26] Accepted normal client request.
[2026-06-07 19:29:26] Accepted normal client request.
[2026-06-07 19:29:27] Accepted normal client request.
[2026-06-07 19:29:28] Accepted normal client request.
[2026-06-07 19:29:29] Accepted normal client request.
[2026-06-07 19:29:29] Accepted normal client request.
[2026-06-07 19:29:30] Accepted normal client request.
[2026-06-07 19:29:31] Accepted normal client request.
[2026-06-07 19:29:31] Accepted normal client request.
[2026-06-07 19:29:32] Accepted normal client request.
[2026-06-07 19:29:33] Accepted normal client request.
[2026-06-07 19:29:33] Accepted normal client request.
[2026-06-07 19:29:34] Accepted normal client request.
[2026-06-07 19:29:35] Accepted normal client request.
[2026-06-07 19:29:36] Accepted normal client request.
[2026-06-07 19:29:36] Accepted normal client request.
[2026-06-07 19:29:37] Accepted normal client request.
[2026-06-07 19:29:38] Accepted normal client request.
[2026-06-07 19:29:38] Accepted normal client request.
[2026-06-07 19:29:39] Accepted normal client request.
[2026-06-07 19:29:40] Accepted normal client request.
[2026-06-07 19:29:41] Accepted normal client request.
[2026-06-07 19:29:41] Accepted normal client request.
[2026-06-07 19:29:42] Accepted normal client request.
[2026-06-07 19:29:43] Accepted normal client request.
[2026-06-07 19:29:43] Accepted normal client request.
[2026-06-07 19:29:44] Accepted normal client request.
[2026-06-07 19:29:45] Accepted normal client request.
[2026-06-07 19:29:45] Accepted normal client request.
[2026-06-07 19:29:46] Accepted normal client request.
[2026-06-07 19:29:47] Accepted normal client request.
[2026-06-07 19:29:48] Accepted normal client request.
[2026-06-07 19:29:48] Accepted normal client request.
[2026-06-07 19:29:49] Accepted normal client request.
[2026-06-07 19:29:50] Accepted normal client request.
[2026-06-07 19:29:50] Accepted normal client request.
[2026-06-07 19:29:51] Accepted normal client request.
[2026-06-07 19:29:52] Accepted normal client request.
[2026-06-07 19:29:52] Accepted normal client request.
[2026-06-07 19:29:53] Accepted normal client request.
[2026-06-07 19:29:54] Accepted normal client request.
[2026-06-07 19:29:55] Accepted normal client request.
[2026-06-07 19:29:55] Accepted normal client request.
[2026-06-07 19:29:56] Accepted normal client request.
[2026-06-07 19:29:57] Accepted normal client request.
[2026-06-07 19:29:57] Accepted normal client request.
[2026-06-07 19:29:58] Accepted normal client request.
[2026-06-07 19:29:59] Accepted normal client request.
[2026-06-07 19:30:00] Accepted normal client request.
[2026-06-07 19:30:00] Accepted normal client request.
[2026-06-07 19:30:01] Accepted normal client request.
[2026-06-07 19:30:02] Accepted normal client request.
[2026-06-07 19:30:02] Accepted normal client request.
[2026-06-07 19:30:03] Accepted normal client request.
[2026-06-07 19:30:04] Accepted normal client request.
[2026-06-07 19:30:04] Accepted normal client request.
[2026-06-07 19:30:05] Accepted normal client request.
[2026-06-07 19:30:06] Accepted normal client request.
[2026-06-07 19:30:07] Accepted normal client request.
[2026-06-07 19:30:07] Accepted normal client request.
[2026-06-07 19:30:08] Accepted normal client request.
[2026-06-07 19:30:09] Accepted normal client request.
[2026-06-07 19:30:09] Accepted normal client request.
[2026-06-07 19:30:10] Accepted normal client request.
[2026-06-07 19:30:11] Accepted normal client request.
[2026-06-07 19:30:11] Accepted normal client request.
[2026-06-07 19:30:12] Accepted normal client request.
[2026-06-07 19:30:13] Accepted normal client request.
[2026-06-07 19:30:14] Accepted normal client request.
[2026-06-07 19:30:14] Accepted normal client request.
[2026-06-07 19:30:15] Accepted normal client request.
[2026-06-07 19:30:16] Accepted normal client request.
[2026-06-07 19:30:16] Accepted normal client request.
[2026-06-07 19:30:17] Accepted normal client request.
[2026-06-07 19:30:18] Accepted normal client request.
[2026-06-07 19:30:19] Accepted normal client request.
[2026-06-07 19:30:19] Accepted normal client request.
[2026-06-07 19:30:20] Accepted normal client request.
[2026-06-07 19:30:21] Accepted normal client request.
[2026-06-07 19:30:21] Accepted normal client request.
[2026-06-07 19:30:22] Accepted normal client request.
[2026-06-07 19:30:23] Accepted normal client request.
[2026-06-07 19:30:23] Accepted normal client request.
[2026-06-07 19:30:24] Accepted normal client request.
[2026-06-07 19:30:25] Accepted normal client request.
[2026-06-07 19:30:26] Accepted normal client request.
[2026-06-07 19:30:26] Accepted normal client request.
[2026-06-07 19:30:27] Accepted normal client request.
[2026-06-07 19:30:28] Accepted normal client request.
[2026-06-07 19:30:28] Accepted normal client request.
[2026-06-07 19:30:29] Accepted normal client request.
[2026-06-07 19:30:30] Accepted normal client request.
[2026-06-07 19:30:30] Accepted normal client request.
[2026-06-07 19:30:31] Accepted normal client request.
[2026-06-07 19:30:32] Accepted normal client request.
[2026-06-07 19:30:33] Accepted normal client request.
[2026-06-07 19:30:33] Accepted normal client request.
[2026-06-07 19:30:34] Accepted normal client request.
[2026-06-07 19:30:35] Accepted normal client request.
[2026-06-07 19:30:35] Accepted normal client request.
[2026-06-07 19:30:36] Accepted normal client request.
[2026-06-07 19:30:37] Accepted normal client request.
[2026-06-07 19:30:38] Accepted normal client request.
[2026-06-07 19:30:38] Accepted normal client request.
[2026-06-07 19:30:39] Accepted normal client request.
[2026-06-07 19:30:40] Accepted normal client request.
[2026-06-07 19:30:40] Accepted normal client request.
[2026-06-07 19:30:41] Accepted normal client request.
[2026-06-07 19:30:42] Accepted normal client request.
[2026-06-07 19:30:42] Accepted normal client request.
[2026-06-07 19:30:43] Accepted normal client request.
[2026-06-07 19:30:44] Accepted normal client request.
[2026-06-07 19:30:45] Accepted normal client request.
[2026-06-07 19:30:45] Accepted normal client request.
[2026-06-07 19:30:46] Accepted normal client request.
[2026-06-07 19:30:47] Accepted normal client request.
[2026-06-07 19:30:47] Accepted normal client request.
[2026-06-07 19:30:48] Accepted normal client request.
[2026-06-07 19:30:49] Accepted normal client request.
[2026-06-07 19:30:50] Accepted normal client request.
[2026-06-07 19:30:50] Accepted normal client request.
[2026-06-07 19:30:51] Accepted normal client request.
[2026-06-07 19:30:52] Accepted normal client request.
[2026-06-07 19:30:52] Accepted normal client request.
[2026-06-07 19:30:53] Accepted normal client request.
[2026-06-07 19:30:54] Accepted normal client request.
[2026-06-07 19:30:54] Accepted normal client request.
[2026-06-07 19:30:55] Accepted normal client request.
[2026-06-07 19:30:56] Accepted normal client request.
[2026-06-07 19:30:57] Accepted normal client request.
[2026-06-07 19:30:57] Accepted normal client request.
[2026-06-07 19:30:58] Accepted normal client request.
[2026-06-07 19:30:59] Accepted normal client request.
[2026-06-07 19:30:59] Accepted normal client request.
[2026-06-07 19:31:00] Accepted normal client request.
[2026-06-07 19:31:01] Accepted normal client request.
[2026-06-07 19:31:01] Accepted normal client request.
[2026-06-07 19:31:02] Accepted normal client request.
[2026-06-07 19:31:03] Accepted normal client request.
[2026-06-07 19:31:04] Accepted normal client request.
[2026-06-07 19:31:04] Accepted normal client request.
[2026-06-07 19:31:05] Accepted normal client request.
[2026-06-07 19:31:06] Accepted normal client request.
[2026-06-07 19:31:06] Accepted normal client request.
[2026-06-07 19:31:07] Accepted normal client request.
[2026-06-07 19:31:08] Accepted normal client request.
[2026-06-07 19:31:09] Accepted normal client request.
[2026-06-07 19:31:09] Accepted normal client request.
[2026-06-07 19:31:10] Accepted normal client request.
[2026-06-07 19:31:11] Accepted normal client request.
[2026-06-07 19:31:11] Accepted normal client request.
[2026-06-07 19:31:12] Accepted normal client request.
[2026-06-07 19:31:13] Accepted normal client request.
[2026-06-07 19:31:13] Accepted normal client request.
[2026-06-07 19:31:14] Accepted normal client request.
[2026-06-07 19:31:15] Accepted normal client request.
[2026-06-07 19:31:16] Accepted normal client request.
[2026-06-07 19:31:16] Accepted normal client request.
[2026-06-07 19:31:17] Accepted normal client request.
[2026-06-07 19:31:18] Accepted normal client request.
[2026-06-07 19:31:18] Accepted normal client request.
[2026-06-07 19:31:19] Accepted normal client request.
[2026-06-07 19:31:20] Accepted normal client request.
[2026-06-07 19:31:20] Accepted normal client request.
[2026-06-07 19:31:21] Accepted normal client request.
[2026-06-07 19:31:22] Accepted normal client request.
[2026-06-07 19:31:23] Accepted normal client request.
[2026-06-07 19:31:23] Accepted normal client request.
[2026-06-07 19:31:24] Accepted normal client request.
[2026-06-07 19:31:25] Accepted normal client request.
[2026-06-07 19:31:25] Accepted normal client request.
[2026-06-07 19:31:26] Accepted normal client request.
[2026-06-07 19:31:27] Accepted normal client request.
[2026-06-07 19:31:28] Accepted normal client request.
[2026-06-07 19:31:28] Accepted normal client request.
[2026-06-07 19:31:29] Accepted normal client request.
[2026-06-07 19:31:30] Accepted normal client request.
[2026-06-07 19:31:30] Accepted normal client request.
[2026-06-07 19:31:31] Accepted normal client request.
[2026-06-07 19:31:32] Accepted normal client request.
[2026-06-07 19:31:32] Accepted normal client request.
[2026-06-07 19:31:33] Accepted normal client request.
[2026-06-07 19:31:34] Accepted normal client request.
[2026-06-07 19:31:35] Accepted normal client request.
[2026-06-07 19:31:35] Accepted normal client request.
[2026-06-07 19:31:36] Accepted normal client request.
[2026-06-07 19:31:37] Accepted normal client request.
[2026-06-07 19:31:37] Accepted normal client request.
[2026-06-07 19:31:38] Accepted normal client request.
[2026-06-07 19:31:39] Accepted normal client request.
[2026-06-07 19:31:39] Accepted normal client request.
[2026-06-07 19:31:40] Accepted normal client request.
[2026-06-07 19:31:41] Accepted normal client request.
[2026-06-07 19:31:42] Accepted normal client request.
[2026-06-07 19:31:42] Accepted normal client request.
[2026-06-07 19:31:43] Accepted normal client request.
[2026-06-07 19:31:44] Accepted normal client request.
[2026-06-07 19:31:44] Accepted normal client request.
[2026-06-07 19:31:45] Accepted normal client request.
[2026-06-07 19:31:46] Accepted normal client request.
[2026-06-07 19:31:47] Accepted normal client request.
[2026-06-07 19:31:47] Accepted normal client request.
[2026-06-07 19:31:48] Accepted normal client request.
[2026-06-07 19:31:49] Accepted normal client request.
[2026-06-07 19:31:49] Accepted normal client request.
[2026-06-07 19:31:50] Accepted normal client request.
[2026-06-07 19:31:51] Accepted normal client request.
[2026-06-07 19:31:51] Accepted normal client request.
[2026-06-07 19:31:52] Accepted normal client request.
[2026-06-07 19:31:53] Accepted normal client request.
[2026-06-07 19:31:54] Accepted normal client request.
[2026-06-07 19:31:54] Accepted normal client request.
[2026-06-07 19:31:55] Accepted normal client request.
[2026-06-07 19:31:56] Accepted normal client request.
[2026-06-07 19:31:56] Accepted normal client request.
[2026-06-07 19:31:57] Accepted normal client request.
[2026-06-07 19:31:58] Accepted normal client request.
[2026-06-07 19:31:58] Accepted normal client request.
[2026-06-07 19:31:59] Accepted normal client request.
[2026-06-07 19:32:00] Accepted normal client request.
[2026-06-07 19:32:01] Accepted normal client request.
[2026-06-07 19:32:01] Accepted normal client request.
[2026-06-07 19:32:02] Accepted normal client request.
[2026-06-07 19:32:03] Accepted normal client request.
[2026-06-07 19:32:03] Accepted normal client request.
[2026-06-07 19:32:04] Accepted normal client request.
[2026-06-07 19:32:05] Accepted normal client request.
[2026-06-07 19:32:06] Accepted normal client request.
[2026-06-07 19:32:06] Accepted normal client request.
[2026-06-07 19:32:07] Accepted normal client request.
[2026-06-07 19:32:08] Accepted normal client request.
[2026-06-07 19:32:08] Accepted normal client request.
[2026-06-07 19:32:09] Accepted normal client request.
[2026-06-07 19:32:10] Accepted normal client request.
[2026-06-07 19:32:10] Accepted normal client request.
[2026-06-07 19:32:11] Accepted normal client request.
[2026-06-07 19:32:12] Accepted normal client request.
[2026-06-07 19:32:13] Accepted normal client request.
[2026-06-07 19:32:13] Accepted normal client request.
[2026-06-07 19:32:14] Accepted normal client request.
[2026-06-07 19:32:15] Accepted normal client request.
[2026-06-07 19:32:15] Accepted normal client request.
[2026-06-07 19:32:16] Accepted normal client request.
[2026-06-07 19:32:17] Accepted normal client request.
[2026-06-07 19:32:18] Accepted normal client request.
[2026-06-07 19:32:18] Accepted normal client request.
[2026-06-07 19:32:19] Accepted normal client request.
[2026-06-07 19:32:20] Accepted normal client request.
[2026-06-07 19:32:20] Accepted normal client request.
[2026-06-07 19:32:21] Accepted normal client request.
[2026-06-07 19:32:22] Accepted normal client request.
[2026-06-07 19:32:22] Accepted normal client request.
[2026-06-07 19:32:23] Accepted normal client request.
[2026-06-07 19:32:24] Accepted normal client request.
[2026-06-07 19:32:25] Accepted normal client request.
[2026-06-07 19:32:25] Accepted normal client request.
[2026-06-07 19:32:26] Accepted normal client request.
[2026-06-07 19:32:27] Accepted normal client request.
[2026-06-07 19:32:27] Accepted normal client request.
[2026-06-07 19:32:28] Accepted normal client request.
[2026-06-07 19:32:29] Accepted normal client request.
[2026-06-07 19:32:29] Accepted normal client request.
[2026-06-07 19:32:30] Accepted normal client request.
[2026-06-07 19:32:31] Accepted normal client request.
[2026-06-07 19:32:32] Accepted normal client request.
[2026-06-07 19:32:32] Accepted normal client request.
[2026-06-07 19:32:33] Accepted normal client request.
[2026-06-07 19:32:34] Accepted normal client request.
[2026-06-07 19:32:34] Accepted normal client request.
[2026-06-07 19:32:35] Accepted normal client request.
[2026-06-07 19:32:36] Accepted normal client request.
[2026-06-07 19:32:37] Accepted normal client request.
[2026-06-07 19:32:37] Accepted normal client request.
[2026-06-07 19:32:38] Accepted normal client request.
[2026-06-07 19:32:39] Accepted normal client request.
[2026-06-07 19:32:39] Accepted normal client request.
[2026-06-07 19:32:40] Accepted normal client request.
[2026-06-07 19:32:41] Accepted normal client request.
[2026-06-07 19:32:41] Accepted normal client request.
[2026-06-07 19:32:42] Accepted normal client request.
[2026-06-07 19:32:43] Accepted normal client request.
[2026-06-07 19:32:44] Accepted normal client request.
[2026-06-07 19:32:44] Accepted normal client request.
[2026-06-07 19:32:45] Accepted normal client request.
[2026-06-07 19:32:46] Accepted normal client request.
[2026-06-07 19:32:46] Accepted normal client request.
[2026-06-07 19:32:47] Accepted normal client request.
[2026-06-07 19:32:48] Accepted normal client request.
[2026-06-07 19:32:48] Accepted normal client request.
[2026-06-07 19:32:49] Accepted normal client request.
[2026-06-07 19:32:50] Accepted normal client request.
[2026-06-07 19:32:51] Accepted normal client request.
[2026-06-07 19:32:51] Accepted normal client request.
[2026-06-07 19:32:52] Accepted normal client request.
[2026-06-07 19:32:53] Accepted normal client request.
[2026-06-07 19:32:53] Accepted normal client request.
[2026-06-07 19:32:54] Accepted normal client request.
[2026-06-07 19:32:55] Accepted normal client request.
[2026-06-07 19:32:56] Accepted normal client request.
[2026-06-07 19:32:56] Accepted normal client request.
[2026-06-07 19:32:57] Accepted normal client request.
[2026-06-07 19:32:58] Accepted normal client request.
[2026-06-07 19:32:58] Accepted normal client request.
[2026-06-07 19:32:59] Accepted normal client request.
[2026-06-07 19:33:00] Accepted normal client request.
[2026-06-07 19:33:00] Accepted normal client request.
[2026-06-07 19:33:01] Accepted normal client request.
[2026-06-07 19:33:02] Accepted normal client request.
[2026-06-07 19:33:03] Accepted normal client request.
[2026-06-07 19:33:03] Accepted normal client request.
[2026-06-07 19:33:04] Accepted normal client request.
[2026-06-07 19:33:05] Accepted normal client request.
[2026-06-07 19:33:05] Accepted normal client request.
[2026-06-07 19:33:06] Accepted normal client request.
[2026-06-07 19:33:07] Accepted normal client request.
[2026-06-07 19:33:07] Accepted normal client request.
[2026-06-07 19:33:08] Accepted normal client request.
[2026-06-07 19:33:09] Accepted normal client request.
[2026-06-07 19:33:10] Accepted normal client request.
[2026-06-07 19:33:10] Accepted normal client request.
[2026-06-07 19:33:11] Accepted normal client request.
[2026-06-07 19:33:12] Accepted normal client request.
[2026-06-07 19:33:12] Accepted normal client request.
[2026-06-07 19:33:13] Accepted normal client request.
[2026-06-07 19:33:14] Accepted normal client request.
[2026-06-07 19:33:15] Accepted normal client request.
[2026-06-07 19:33:15] Accepted normal client request.
[2026-06-07 19:33:16] Accepted normal client request.
[2026-06-07 19:33:17] Accepted normal client request.
[2026-06-07 19:33:17] Accepted normal client request.
[2026-06-07 19:33:18] Accepted normal client request.
[2026-06-07 19:33:19] Accepted normal client request.
[2026-06-07 19:33:19] Accepted normal client request.
[2026-06-07 19:33:20] Accepted normal client request.
[2026-06-07 19:33:21] Accepted normal client request.
[2026-06-07 19:33:22] Accepted normal client request.
[2026-06-07 19:33:22] Accepted normal client request.
[2026-06-07 19:33:23] Accepted normal client request.
[2026-06-07 19:33:24] Accepted normal client request.
[2026-06-07 19:33:24] Accepted normal client request.
[2026-06-07 19:33:25] Accepted normal client request.
[2026-06-07 19:33:26] Accepted normal client request.
[2026-06-07 19:33:26] Accepted normal client request.
[2026-06-07 19:33:27] Accepted normal client request.
[2026-06-07 19:33:28] Accepted normal client request.
[2026-06-07 19:33:29] Accepted normal client request.
[2026-06-07 19:33:29] Accepted normal client request.
[2026-06-07 19:33:30] Accepted normal client request.
[2026-06-07 19:33:31] Accepted normal client request.
[2026-06-07 19:33:31] Accepted normal client request.
[2026-06-07 19:33:32] Accepted normal client request.
[2026-06-07 19:33:33] Accepted normal client request.
[2026-06-07 19:33:34] Accepted normal client request.
[2026-06-07 19:33:34] Accepted normal client request.
[2026-06-07 19:33:35] Accepted normal client request.
[2026-06-07 19:33:36] Accepted normal client request.
[2026-06-07 19:33:36] Accepted normal client request.
[2026-06-07 19:33:37] Accepted normal client request.
[2026-06-07 19:33:38] Accepted normal client request.
[2026-06-07 19:33:38] Accepted normal client request.
[2026-06-07 19:33:39] Accepted normal client request.
[2026-06-07 19:33:40] Accepted normal client request.
[2026-06-07 19:33:41] Accepted normal client request.
[2026-06-07 19:33:41] Accepted normal client request.
[2026-06-07 19:33:42] Accepted normal client request.
[2026-06-07 19:33:43] Accepted normal client request.
[2026-06-07 19:33:43] Accepted normal client request.
[2026-06-07 19:33:44] Accepted normal client request.
[2026-06-07 19:33:45] Accepted normal client request.
[2026-06-07 19:33:46] Accepted normal client request.
[2026-06-07 19:33:46] Accepted normal client request.
[2026-06-07 19:33:47] Accepted normal client request.
[2026-06-07 19:33:48] Accepted normal client request.
[2026-06-07 19:33:48] Accepted normal client request.
[2026-06-07 19:33:49] Accepted normal client request.
[2026-06-07 19:33:50] Accepted normal client request.
[2026-06-07 19:33:50] Accepted normal client request.
[2026-06-07 19:33:51] Accepted normal client request.
[2026-06-07 19:33:52] Accepted normal client request.
[2026-06-07 19:33:53] Accepted normal client request.
[2026-06-07 19:33:53] Accepted normal client request.
[2026-06-07 19:33:54] Accepted normal client request.
[2026-06-07 19:33:55] Accepted normal client request.
[2026-06-07 19:33:55] Accepted normal client request.
[2026-06-07 19:33:56] Accepted normal client request.
[2026-06-07 19:33:57] Accepted normal client request.
[2026-06-07 19:33:57] Accepted normal client request.
[2026-06-07 19:33:58] Accepted normal client request.
[2026-06-07 19:33:59] Accepted normal client request.
[2026-06-07 19:34:00] Accepted normal client request.
[2026-06-07 19:34:00] Accepted normal client request.
[2026-06-07 19:34:01] Accepted normal client request.
[2026-06-07 19:34:02] Accepted normal client request.
[2026-06-07 19:34:02] Accepted normal client request.
[2026-06-07 19:34:03] Accepted normal client request.
[2026-06-07 19:34:04] Accepted normal client request.
[2026-06-07 19:34:05] Accepted normal client request.
[2026-06-07 19:34:05] Accepted normal client request.
[2026-06-07 19:34:06] Accepted normal client request.
[2026-06-07 19:34:07] Accepted normal client request.
[2026-06-07 19:34:07] Accepted normal client request.
[2026-06-07 19:34:08] Accepted normal client request.
[2026-06-07 19:34:09] Accepted normal client request.
[2026-06-07 19:34:09] Accepted normal client request.
[2026-06-07 19:34:10] Accepted normal client request.
[2026-06-07 19:34:11] Accepted normal client request.
[2026-06-07 19:34:12] Accepted normal client request.
[2026-06-07 19:34:12] Accepted normal client request.
[2026-06-07 19:34:13] Accepted normal client request.
[2026-06-07 19:34:14] Accepted normal client request.
[2026-06-07 19:34:14] Accepted normal client request.
[2026-06-07 19:34:15] Accepted normal client request.
[2026-06-07 19:34:16] Accepted normal client request.
[2026-06-07 19:34:16] Accepted normal client request.
[2026-06-07 19:34:17] Accepted normal client request.
[2026-06-07 19:34:18] Accepted normal client request.
[2026-06-07 19:34:19] Accepted normal client request.
[2026-06-07 19:34:19] Accepted normal client request.
[2026-06-07 19:34:20] Accepted normal client request.
[2026-06-07 19:34:21] Accepted normal client request.
[2026-06-07 19:34:21] Accepted normal client request.
[2026-06-07 19:34:22] Accepted normal client request.
[2026-06-07 19:34:23] Accepted normal client request.
[2026-06-07 19:34:24] Accepted normal client request.
[2026-06-07 19:34:24] Accepted normal client request.
[2026-06-07 19:34:25] Accepted normal client request.
[2026-06-07 19:34:26] Accepted normal client request.
[2026-06-07 19:34:26] Accepted normal client request.
[2026-06-07 19:34:27] Accepted normal client request.
[2026-06-07 19:34:28] Accepted normal client request.
[2026-06-07 19:34:28] Accepted normal client request.
[2026-06-07 19:34:29] Accepted normal client request.
[2026-06-07 19:34:30] Accepted normal client request.
[2026-06-07 19:34:31] Accepted normal client request.
[2026-06-07 19:34:31] Accepted normal client request.
[2026-06-07 19:34:32] Accepted normal client request.
[2026-06-07 19:34:33] Accepted normal client request.
[2026-06-07 19:34:33] Accepted normal client request.
[2026-06-07 19:34:34] Accepted normal client request.
[2026-06-07 19:34:35] Accepted normal client request.
[2026-06-07 19:34:35] Accepted normal client request.
[2026-06-07 19:34:36] Accepted normal client request.
[2026-06-07 19:34:37] Accepted normal client request.
[2026-06-07 19:34:38] Accepted normal client request.
[2026-06-07 19:34:38] Accepted normal client request.
[2026-06-07 19:34:39] Accepted normal client request.
[2026-06-07 19:34:40] Accepted normal client request.
[2026-06-07 19:34:40] Accepted normal client request.
[2026-06-07 19:34:41] Accepted normal client request.
[2026-06-07 19:34:42] Accepted normal client request.
[2026-06-07 19:34:43] Accepted normal client request.
[2026-06-07 19:34:43] Accepted normal client request.
[2026-06-07 19:34:44] Accepted normal client request.
[2026-06-07 19:34:45] Accepted normal client request.
[2026-06-07 19:34:45] Accepted normal client request.
[2026-06-07 19:34:46] Accepted normal client request.
[2026-06-07 19:34:47] Accepted normal client request.
[2026-06-07 19:34:47] Accepted normal client request.
[2026-06-07 19:34:48] Accepted normal client request.
[2026-06-07 19:34:49] Accepted normal client request.
[2026-06-07 19:34:50] Accepted normal client request.
[2026-06-07 19:34:50] Accepted normal client request.
[2026-06-07 19:34:51] Accepted normal client request.
[2026-06-07 19:34:52] Accepted normal client request.
[2026-06-07 19:34:52] Accepted normal client request.
[2026-06-07 19:34:53] Accepted normal client request.
[2026-06-07 19:34:54] Accepted normal client request.
[2026-06-07 19:34:54] Accepted normal client request.
[2026-06-07 19:34:55] Accepted normal client request.
[2026-06-07 19:34:56] Accepted normal client request.
[2026-06-07 19:34:57] Accepted normal client request.
[2026-06-07 19:34:57] Accepted normal client request.
[2026-06-07 19:34:58] Accepted normal client request.
[2026-06-07 19:34:59] Accepted normal client request.
[2026-06-07 19:34:59] Accepted normal client request.
[2026-06-07 19:35:00] Accepted normal client request.
[2026-06-07 19:35:01] Accepted normal client request.
[2026-06-07 19:35:02] Accepted normal client request.
[2026-06-07 19:35:02] Accepted normal client request.
[2026-06-07 19:35:03] Accepted normal client request.
[2026-06-07 19:35:04] Accepted normal client request.
[2026-06-07 19:35:04] Accepted normal client request.
[2026-06-07 19:35:05] Accepted normal client request.
[2026-06-07 19:35:06] Accepted normal client request.
[2026-06-07 19:35:06] Accepted normal client request.
[2026-06-07 19:35:07] Accepted normal client request.
[2026-06-07 19:35:08] Accepted normal client request.
[2026-06-07 19:35:09] Accepted normal client request.
[2026-06-07 19:35:09] Accepted normal client request.
[2026-06-07 19:35:10] Accepted normal client request.
[2026-06-07 19:35:11] Accepted normal client request.
[2026-06-07 19:35:11] Accepted normal client request.
[2026-06-07 19:35:12] Accepted normal client request.
[2026-06-07 19:35:13] Accepted normal client request.
[2026-06-07 19:35:13] Accepted normal client request.
[2026-06-07 19:35:14] Accepted normal client request.
[2026-06-07 19:35:15] Accepted normal client request.
[2026-06-07 19:35:16] Accepted normal client request.
[2026-06-07 19:35:16] Accepted normal client request.
[2026-06-07 19:35:17] Accepted normal client request.
[2026-06-07 19:35:18] Accepted normal client request.
[2026-06-07 19:35:18] Accepted normal client request.
[2026-06-07 19:35:19] Accepted normal client request.
[2026-06-07 19:35:20] Accepted normal client request.
[2026-06-07 19:35:21] Accepted normal client request.
[2026-06-07 19:35:21] Accepted normal client request.
[2026-06-07 19:35:22] Accepted normal client request.
[2026-06-07 19:35:23] Accepted normal client request.
[2026-06-07 19:35:23] Accepted normal client request.
[2026-06-07 19:35:24] Accepted normal client request.
[2026-06-07 19:35:25] Accepted normal client request.
[2026-06-07 19:35:25] Accepted normal client request.
[2026-06-07 19:35:26] Accepted normal client request.
[2026-06-07 19:35:27] Accepted normal client request.
[2026-06-07 19:35:28] Accepted normal client request.
[2026-06-07 19:35:28] Accepted normal client request.
[2026-06-07 19:35:29] Accepted normal client request.
[2026-06-07 19:35:30] Accepted normal client request.
[2026-06-07 19:35:30] Accepted normal client request.
[2026-06-07 19:35:31] Accepted normal client request.
[2026-06-07 19:35:32] Accepted normal client request.
[2026-06-07 19:35:33] Accepted normal client request.
[2026-06-07 19:35:33] Accepted normal client request.
[2026-06-07 19:35:34] Accepted normal client request.
[2026-06-07 19:35:35] Accepted normal client request.
[2026-06-07 19:35:35] Accepted normal client request.
[2026-06-07 19:35:36] Accepted normal client request.
[2026-06-07 19:35:37] Accepted normal client request.
[2026-06-07 19:35:37] Accepted normal client request.
[2026-06-07 19:35:38] Accepted normal client request.
[2026-06-07 19:35:39] Accepted normal client request.
[2026-06-07 19:35:40] Accepted normal client request.
[2026-06-07 19:35:40] Accepted normal client request.
[2026-06-07 19:35:41] Accepted normal client request.
[2026-06-07 19:35:42] Accepted normal client request.
[2026-06-07 19:35:42] Accepted normal client request.
[2026-06-07 19:35:43] Accepted normal client request.
[2026-06-07 19:35:44] Accepted normal client request.
[2026-06-07 19:35:44] Accepted normal client request.
[2026-06-07 19:35:45] Accepted normal client request.
[2026-06-07 19:35:46] Accepted normal client request.
[2026-06-07 19:35:47] Accepted normal client request.
[2026-06-07 19:35:47] Accepted normal client request.
[2026-06-07 19:35:48] Accepted normal client request.
[2026-06-07 19:35:49] Accepted normal client request.
[2026-06-07 19:35:49] Accepted normal client request.
[2026-06-07 19:35:50] Accepted normal client request.
[2026-06-07 19:35:51] Accepted normal client request.
[2026-06-07 19:35:52] Accepted normal client request.
[2026-06-07 19:35:52] Accepted normal client request.
[2026-06-07 19:35:53] Accepted normal client request.
[2026-06-07 19:35:54] Accepted normal client request.
[2026-06-07 19:35:54] Accepted normal client request.
[2026-06-07 19:35:55] Accepted normal client request.
[2026-06-07 19:35:56] Accepted normal client request.
[2026-06-07 19:35:56] Accepted normal client request.
[2026-06-07 19:35:57] Accepted normal client request.
[2026-06-07 19:35:58] Accepted normal client request.
[2026-06-07 19:35:59] Accepted normal client request.
[2026-06-07 19:35:59] Accepted normal client request.
[2026-06-07 19:36:00] Accepted normal client request.
[2026-06-07 19:36:01] Accepted normal client request.
[2026-06-07 19:36:01] Accepted normal client request.
[2026-06-07 19:36:02] Accepted normal client request.
[2026-06-07 19:36:03] Accepted normal client request.
[2026-06-07 19:36:03] Accepted normal client request.
[2026-06-07 19:36:04] Accepted normal client request.
[2026-06-07 19:36:05] Accepted normal client request.
[2026-06-07 19:36:06] Accepted normal client request.
[2026-06-07 19:36:06] Accepted normal client request.
[2026-06-07 19:36:07] Accepted normal client request.
[2026-06-07 19:36:08] Accepted normal client request.
[2026-06-07 19:36:08] Accepted normal client request.
[2026-06-07 19:36:09] Accepted normal client request.
[2026-06-07 19:36:10] Accepted normal client request.
[2026-06-07 19:36:11] Accepted normal client request.
[2026-06-07 19:36:11] Accepted normal client request.
[2026-06-07 19:36:12] Accepted normal client request.
[2026-06-07 19:36:13] Accepted normal client request.
[2026-06-07 19:36:13] Accepted normal client request.
[2026-06-07 19:36:14] Accepted normal client request.
[2026-06-07 19:36:15] Accepted normal client request.
[2026-06-07 19:36:15] Accepted normal client request.
[2026-06-07 19:36:16] Accepted normal client request.
[2026-06-07 19:36:17] Accepted normal client request.
[2026-06-07 19:36:18] Accepted normal client request.
[2026-06-07 19:36:18] Accepted normal client request.
[2026-06-07 19:36:19] Accepted normal client request.
[2026-06-07 19:36:20] Accepted normal client request.
[2026-06-07 19:36:20] Accepted normal client request.
[2026-06-07 19:36:21] Accepted normal client request.
[2026-06-07 19:36:22] Accepted normal client request.
[2026-06-07 19:36:22] Accepted normal client request.
[2026-06-07 19:36:23] Accepted normal client request.
[2026-06-07 19:36:24] Accepted normal client request.
[2026-06-07 19:36:25] Accepted normal client request.
[2026-06-07 19:36:25] Accepted normal client request.
[2026-06-07 19:36:26] Accepted normal client request.
[2026-06-07 19:36:27] Accepted normal client request.
[2026-06-07 19:36:27] Accepted normal client request.
[2026-06-07 19:36:28] Accepted normal client request.
[2026-06-07 19:36:29] Accepted normal client request.
[2026-06-07 19:36:30] Accepted normal client request.
[2026-06-07 19:36:30] Accepted normal client request.
[2026-06-07 19:36:31] Accepted normal client request.
[2026-06-07 19:36:32] Accepted normal client request.
[2026-06-07 19:36:32] Accepted normal client request.
[2026-06-07 19:36:33] Accepted normal client request.
[2026-06-07 19:36:34] Accepted normal client request.
[2026-06-07 19:36:34] Accepted normal client request.
[2026-06-07 19:36:35] Accepted normal client request.
[2026-06-07 19:36:36] Accepted normal client request.
[2026-06-07 19:36:37] Accepted normal client request.
[2026-06-07 19:36:37] Accepted normal client request.
[2026-06-07 19:36:38] Accepted normal client request.
[2026-06-07 19:36:39] Accepted normal client request.
[2026-06-07 19:36:39] Accepted normal client request.
[2026-06-07 19:36:40] Accepted normal client request.
[2026-06-07 19:36:41] Accepted normal client request.
[2026-06-07 19:36:41] Accepted normal client request.
[2026-06-07 19:36:42] Accepted normal client request.
[2026-06-07 19:36:43] Accepted normal client request.
[2026-06-07 19:36:44] Accepted normal client request.
[2026-06-07 19:36:44] Accepted normal client request.
[2026-06-07 19:36:45] Accepted normal client request.
[2026-06-07 19:36:46] Accepted normal client request.
[2026-06-07 19:36:46] Accepted normal client request.
[2026-06-07 19:36:47] Accepted normal client request.
[2026-06-07 19:36:48] Accepted normal client request.
[2026-06-07 19:36:49] Accepted normal client request.
[2026-06-07 19:36:49] Accepted normal client request.
[2026-06-07 19:36:50] Accepted normal client request.
[2026-06-07 19:36:51] Accepted normal client request.
[2026-06-07 19:36:51] Accepted normal client request.
[2026-06-07 19:36:52] Accepted normal client request.
[2026-06-07 19:36:53] Accepted normal client request.
[2026-06-07 19:36:53] Accepted normal client request.
[2026-06-07 19:36:54] Accepted normal client request.
[2026-06-07 19:36:55] Accepted normal client request.
[2026-06-07 19:36:56] Accepted normal client request.
[2026-06-07 19:36:56] Accepted normal client request.
[2026-06-07 19:36:57] Accepted normal client request.
[2026-06-07 19:36:58] Accepted normal client request.
[2026-06-07 19:36:58] Accepted normal client request.
[2026-06-07 19:36:59] Accepted normal client request.
[2026-06-07 19:37:00] Accepted normal client request.
[2026-06-07 19:37:01] Accepted normal client request.
[2026-06-07 19:37:01] Accepted normal client request.
[2026-06-07 19:37:02] Accepted normal client request.
[2026-06-07 19:37:03] Accepted normal client request.
[2026-06-07 19:37:03] Accepted normal client request.
[2026-06-07 19:37:04] Accepted normal client request.
[2026-06-07 19:37:05] Accepted normal client request.
[2026-06-07 19:37:05] Accepted normal client request.
[2026-06-07 19:37:06] Accepted normal client request.
[2026-06-07 19:37:07] Accepted normal client request.
[2026-06-07 19:37:08] Accepted normal client request.
[2026-06-07 19:37:08] Accepted normal client request.
[2026-06-07 19:37:09] Accepted normal client request.
[2026-06-07 19:37:10] Accepted normal client request.
[2026-06-07 19:37:10] Accepted normal client request.
[2026-06-07 19:37:11] Accepted normal client request.
[2026-06-07 19:37:12] Accepted normal client request.
[2026-06-07 19:37:12] Accepted normal client request.
[2026-06-07 19:37:13] Accepted normal client request.
[2026-06-07 19:37:14] Accepted normal client request.
[2026-06-07 19:37:15] Accepted normal client request.
[2026-06-07 19:37:15] Accepted normal client request.
[2026-06-07 19:37:16] Accepted normal client request.
[2026-06-07 19:37:17] Accepted normal client request.
[2026-06-07 19:37:17] Accepted normal client request.
[2026-06-07 19:37:18] Accepted normal client request.
[2026-06-07 19:37:19] Accepted normal client request.
[2026-06-07 19:37:20] Accepted normal client request.
[2026-06-07 19:37:20] Accepted normal client request.
[2026-06-07 19:37:21] Accepted normal client request.
[2026-06-07 19:37:22] Accepted normal client request.
[2026-06-07 19:37:22] Accepted normal client request.
[2026-06-07 19:37:23] Accepted normal client request.
[2026-06-07 19:37:24] Accepted normal client request.
[2026-06-07 19:37:24] Accepted normal client request.
[2026-06-07 19:37:25] Accepted normal client request.
[2026-06-07 19:37:26] Accepted normal client request.
[2026-06-07 19:37:27] Accepted normal client request.
[2026-06-07 19:37:27] Accepted normal client request.
[2026-06-07 19:37:28] Accepted normal client request.
[2026-06-07 19:37:29] Accepted normal client request.
[2026-06-07 19:37:29] Accepted normal client request.
[2026-06-07 19:37:30] Accepted normal client request.
[2026-06-07 19:37:31] Accepted normal client request.
[2026-06-07 19:37:31] Accepted normal client request.
[2026-06-07 19:37:32] Accepted normal client request.
[2026-06-07 19:37:33] Accepted normal client request.
[2026-06-07 19:37:34] Accepted normal client request.
[2026-06-07 19:37:34] Accepted normal client request.
[2026-06-07 19:37:35] Accepted normal client request.
[2026-06-07 19:37:36] Accepted normal client request.
[2026-06-07 19:37:36] Accepted normal client request.
[2026-06-07 19:37:37] Accepted normal client request.
[2026-06-07 19:37:38] Accepted normal client request.
[2026-06-07 19:37:39] Accepted normal client request.
[2026-06-07 19:37:39] Accepted normal client request.
[2026-06-07 19:37:40] Accepted normal client request.
[2026-06-07 19:37:41] Accepted normal client request.
[2026-06-07 19:37:41] Accepted normal client request.
[2026-06-07 19:37:42] Accepted normal client request.
[2026-06-07 19:37:43] Accepted normal client request.
[2026-06-07 19:37:43] Accepted normal client request.
[2026-06-07 19:37:44] Accepted normal client request.
[2026-06-07 19:37:45] Accepted normal client request.
[2026-06-07 19:37:46] Accepted normal client request.
[2026-06-07 19:37:46] Accepted normal client request.
[2026-06-07 19:37:47] Accepted normal client request.
[2026-06-07 19:37:48] Accepted normal client request.
[2026-06-07 19:37:48] Accepted normal client request.
[2026-06-07 19:37:49] Accepted normal client request.
[2026-06-07 19:37:50] Accepted normal client request.
[2026-06-07 19:37:50] Accepted normal client request.
[2026-06-07 19:37:51] Accepted normal client request.
[2026-06-07 19:37:52] Accepted normal client request.
[2026-06-07 19:37:53] Accepted normal client request.
[2026-06-07 19:37:53] Accepted normal client request.
[2026-06-07 19:37:54] Accepted normal client request.
[2026-06-07 19:37:55] Accepted normal client request.
[2026-06-07 19:37:55] Accepted normal client request.
[2026-06-07 19:37:56] Accepted normal client request.
[2026-06-07 19:37:57] Accepted normal client request.
[2026-06-07 19:37:58] Accepted normal client request.
[2026-06-07 19:37:58] Accepted normal client request.
[2026-06-07 19:37:59] Accepted normal client request.
[2026-06-07 19:38:00] Accepted normal client request.
[2026-06-07 19:38:00] Accepted normal client request.
[2026-06-07 19:38:01] Accepted normal client request.
[2026-06-07 19:38:02] Accepted normal client request.
[2026-06-07 19:38:02] Accepted normal client request.
[2026-06-07 19:38:03] Accepted normal client request.
[2026-06-07 19:38:04] Accepted normal client request.
[2026-06-07 19:38:05] Accepted normal client request.
[2026-06-07 19:38:05] Accepted normal client request.
[2026-06-07 19:38:06] Accepted normal client request.
[2026-06-07 19:38:07] Accepted normal client request.
[2026-06-07 19:38:07] Accepted normal client request.
[2026-06-07 19:38:08] Accepted normal client request.
[2026-06-07 19:38:09] Accepted normal client request.
[2026-06-07 19:38:10] Accepted normal client request.
[2026-06-07 19:38:10] Accepted normal client request.
[2026-06-07 19:38:11] Accepted normal client request.
[2026-06-07 19:38:12] Accepted normal client request.
[2026-06-07 19:38:12] Accepted normal client request.
[2026-06-07 19:38:13] Accepted normal client request.
[2026-06-07 19:38:14] Accepted normal client request.
[2026-06-07 19:38:14] Accepted normal client request.
[2026-06-07 19:38:15] Accepted normal client request.
[2026-06-07 19:38:16] Accepted normal client request.
[2026-06-07 19:38:17] Accepted normal client request.
[2026-06-07 19:38:17] Accepted normal client request.
[2026-06-07 19:38:18] Accepted normal client request.
[2026-06-07 19:38:19] Accepted normal client request.
[2026-06-07 19:38:19] Accepted normal client request.
[2026-06-07 19:38:20] Accepted normal client request.
[2026-06-07 19:38:21] Accepted normal client request.
[2026-06-07 19:38:21] Accepted normal client request.
[2026-06-07 19:38:22] Accepted normal client request.
[2026-06-07 19:38:23] Accepted normal client request.
[2026-06-07 19:38:24] Accepted normal client request.
[2026-06-07 19:38:24] Accepted normal client request.
[2026-06-07 19:38:25] Accepted normal client request.
[2026-06-07 19:38:26] Accepted normal client request.
[2026-06-07 19:38:26] Accepted normal client request.
[2026-06-07 19:38:27] Accepted normal client request.
[2026-06-07 19:38:28] Accepted normal client request.
[2026-06-07 19:38:29] Accepted normal client request.
[2026-06-07 19:38:29] Accepted normal client request.
[2026-06-07 19:38:30] Accepted normal client request.
[2026-06-07 19:38:31] Accepted normal client request.
[2026-06-07 19:38:31] Accepted normal client request.
[2026-06-07 19:38:32] Accepted normal client request.
[2026-06-07 19:38:33] Accepted normal client request.
[2026-06-07 19:38:33] Accepted normal client request.
[2026-06-07 19:38:34] Accepted normal client request.
[2026-06-07 19:38:35] Accepted normal client request.
[2026-06-07 19:38:36] Accepted normal client request.
[2026-06-07 19:38:36] Accepted normal client request.
[2026-06-07 19:38:37] Accepted normal client request.
[2026-06-07 19:38:38] Accepted normal client request.
[2026-06-07 19:38:38] Accepted normal client request.
[2026-06-07 19:38:39] Accepted normal client request.
[2026-06-07 19:38:40] Accepted normal client request.
[2026-06-07 19:38:40] Accepted normal client request.
[2026-06-07 19:38:41] Accepted normal client request.
[2026-06-07 19:38:42] Accepted normal client request.
[2026-06-07 19:38:43] Accepted normal client request.
[2026-06-07 19:38:43] Accepted normal client request.
[2026-06-07 19:38:44] Accepted normal client request.
[2026-06-07 19:38:45] Accepted normal client request.
[2026-06-07 19:38:45] Accepted normal client request.
[2026-06-07 19:38:46] Accepted normal client request.
[2026-06-07 19:38:47] Accepted normal client request.
[2026-06-07 19:38:48] Accepted normal client request.
[2026-06-07 19:38:48] Accepted normal client request.
[2026-06-07 19:38:49] Accepted normal client request.
[2026-06-07 19:38:50] Accepted normal client request.
[2026-06-07 19:38:50] Accepted normal client request.
[2026-06-07 19:38:51] Accepted normal client request.
[2026-06-07 19:38:52] Accepted normal client request.
[2026-06-07 19:38:52] Accepted normal client request.
[2026-06-07 19:38:53] Accepted normal client request.
[2026-06-07 19:38:54] Accepted normal client request.
[2026-06-07 19:38:55] Accepted normal client request.
[2026-06-07 19:38:55] Accepted normal client request.
[2026-06-07 19:38:56] Accepted normal client request.
[2026-06-07 19:38:57] Accepted normal client request.
[2026-06-07 19:38:57] Accepted normal client request.
[2026-06-07 19:38:58] Accepted normal client request.
[2026-06-07 19:38:59] Accepted normal client request.
[2026-06-07 19:38:59] Accepted normal client request.
[2026-06-07 19:39:00] Accepted normal client request.
[2026-06-07 19:39:01] Accepted normal client request.
[2026-06-07 19:39:02] Accepted normal client request.
[2026-06-07 19:39:02] Accepted normal client request.
[2026-06-07 19:39:03] Accepted normal client request.
[2026-06-07 19:39:04] Accepted normal client request.
[2026-06-07 19:39:04] Accepted normal client request.
[2026-06-07 19:39:05] Accepted normal client request.
[2026-06-07 19:39:06] Accepted normal client request.
[2026-06-07 19:39:07] Accepted normal client request.
[2026-06-07 19:39:07] Accepted normal client request.
[2026-06-07 19:39:08] Accepted normal client request.
[2026-06-07 19:39:09] Accepted normal client request.
[2026-06-07 19:39:09] Accepted normal client request.
[2026-06-07 19:39:10] Accepted normal client request.
[2026-06-07 19:39:11] Accepted normal client request.
[2026-06-07 19:39:11] Accepted normal client request.
[2026-06-07 19:39:12] Accepted normal client request.
[2026-06-07 19:39:13] Accepted normal client request.
[2026-06-07 19:39:14] Accepted normal client request.
[2026-06-07 19:39:14] Accepted normal client request.
[2026-06-07 19:39:15] Accepted normal client request.
[2026-06-07 19:39:16] Accepted normal client request.
[2026-06-07 19:39:16] Accepted normal client request.
[2026-06-07 19:39:17] Accepted normal client request.
[2026-06-07 19:39:18] Accepted normal client request.
[2026-06-07 19:39:18] Accepted normal client request.
[2026-06-07 19:39:19] Accepted normal client request.
[2026-06-07 19:39:20] Accepted normal client request.
[2026-06-07 19:39:21] Accepted normal client request.
[2026-06-07 19:39:21] Accepted normal client request.
[2026-06-07 19:39:22] Accepted normal client request.
[2026-06-07 19:39:23] Accepted normal client request.
[2026-06-07 19:39:23] Accepted normal client request.
[2026-06-07 19:39:24] Accepted normal client request.
[2026-06-07 19:39:25] Accepted normal client request.
[2026-06-07 19:39:26] Accepted normal client request.
[2026-06-07 19:39:26] Accepted normal client request.
[2026-06-07 19:39:27] Accepted normal client request.
[2026-06-07 19:39:28] Accepted normal client request.
[2026-06-07 19:39:28] Accepted normal client request.
[2026-06-07 19:39:29] Accepted normal client request.
[2026-06-07 19:39:30] Accepted normal client request.
[2026-06-07 19:39:30] Accepted normal client request.
[2026-06-07 19:39:31] Accepted normal client request.
[2026-06-07 19:39:32] Accepted normal client request.
[2026-06-07 19:39:33] Accepted normal client request.
[2026-06-07 19:39:33] Accepted normal client request.
[2026-06-07 19:39:34] Accepted normal client request.
[2026-06-07 19:39:35] Accepted normal client request.
[2026-06-07 19:39:35] Accepted normal client request.
[2026-06-07 19:39:36] Accepted normal client request.
[2026-06-07 19:39:37] Accepted normal client request.
[2026-06-07 19:39:38] Accepted normal client request.
[2026-06-07 19:39:38] Accepted normal client request.
[2026-06-07 19:39:39] Accepted normal client request.
[2026-06-07 19:39:40] Accepted normal client request.
[2026-06-07 19:39:40] Accepted normal client request.
[2026-06-07 19:39:41] Accepted normal client request.
[2026-06-07 19:39:42] Accepted normal client request.
[2026-06-07 19:39:42] Accepted normal client request.
[2026-06-07 19:39:43] Accepted normal client request.
[2026-06-07 19:39:44] Accepted normal client request.
[2026-06-07 19:39:45] Accepted normal client request.
[2026-06-07 19:39:45] Accepted normal client request.
[2026-06-07 19:39:46] Accepted normal client request.
[2026-06-07 19:39:47] Accepted normal client request.
[2026-06-07 19:39:47] Accepted normal client request.
[2026-06-07 19:39:48] Accepted normal client request.
[2026-06-07 19:39:49] Accepted normal client request.
[2026-06-07 19:39:49] Accepted normal client request.
[2026-06-07 19:39:50] Accepted normal client request.
[2026-06-07 19:39:51] Accepted normal client request.
[2026-06-07 19:39:52] Accepted normal client request.
[2026-06-07 19:39:52] Accepted normal client request.
[2026-06-07 19:39:53] Accepted normal client request.
[2026-06-07 19:39:54] Accepted normal client request.
[2026-06-07 19:39:54] Accepted normal client request.
[2026-06-07 19:39:55] Accepted normal client request.
[2026-06-07 19:39:56] Accepted normal client request.
[2026-06-07 19:39:57] Accepted normal client request.
[2026-06-07 19:39:57] Accepted normal client request.
[2026-06-07 19:39:58] Accepted normal client request.
[2026-06-07 19:39:59] Accepted normal client request.
[2026-06-07 19:39:59] Accepted normal client request.
[2026-06-07 19:40:00] Accepted normal client request.
[2026-06-07 19:40:01] Accepted normal client request.
[2026-06-07 19:40:01] Accepted normal client request.
[2026-06-07 19:40:02] Accepted normal client request.
[2026-06-07 19:40:03] Accepted normal client request.
[2026-06-07 19:40:04] Accepted normal client request.
[2026-06-07 19:40:04] Accepted normal client request.
[2026-06-07 19:40:05] Accepted normal client request.
[2026-06-07 19:40:06] Accepted normal client request.
[2026-06-07 19:40:06] Accepted normal client request.
[2026-06-07 19:40:07] Accepted normal client request.
[2026-06-07 19:40:08] Accepted normal client request.
[2026-06-07 19:40:08] Accepted normal client request.
[2026-06-07 19:40:09] Accepted normal client request.
[2026-06-07 19:40:10] Accepted normal client request.
[2026-06-07 19:40:11] Accepted normal client request.
[2026-06-07 19:40:11] Accepted normal client request.
[2026-06-07 19:40:12] Accepted normal client request.
[2026-06-07 19:40:13] Accepted normal client request.
[2026-06-07 19:40:13] Accepted normal client request.
[2026-06-07 19:40:14] Accepted normal client request.
[2026-06-07 19:40:15] Accepted normal client request.
[2026-06-07 19:40:16] Accepted normal client request.
[2026-06-07 19:40:16] Accepted normal client request.
[2026-06-07 19:40:17] Accepted normal client request.
[2026-06-07 19:40:18] Accepted normal client request.
[2026-06-07 19:40:18] Accepted normal client request.
[2026-06-07 19:40:19] Accepted normal client request.
[2026-06-07 19:40:20] Accepted normal client request.
[2026-06-07 19:40:20] Accepted normal client request.
[2026-06-07 19:40:21] Accepted normal client request.
[2026-06-07 19:40:22] Accepted normal client request.
[2026-06-07 19:40:23] Accepted normal client request.
[2026-06-07 19:40:23] Accepted normal client request.
[2026-06-07 19:40:24] Accepted normal client request.
[2026-06-07 19:40:25] Accepted normal client request.
[2026-06-07 19:40:25] Accepted normal client request.
[2026-06-07 19:40:26] Accepted normal client request.
[2026-06-07 19:40:27] Accepted normal client request.
[2026-06-07 19:40:27] Accepted normal client request.
[2026-06-07 19:40:28] Accepted normal client request.
[2026-06-07 19:40:29] Accepted normal client request.
[2026-06-07 19:40:30] Accepted normal client request.
[2026-06-07 19:40:30] Accepted normal client request.
[2026-06-07 19:40:31] Accepted normal client request.
[2026-06-07 19:40:32] Accepted normal client request.
[2026-06-07 19:40:32] Accepted normal client request.
[2026-06-07 19:40:33] Accepted normal client request.
[2026-06-07 19:40:34] Accepted normal client request.
[2026-06-07 19:40:35] Accepted normal client request.
[2026-06-07 19:40:35] Accepted normal client request.
[2026-06-07 19:40:36] Accepted normal client request.
[2026-06-07 19:40:37] Accepted normal client request.
[2026-06-07 19:40:37] Accepted normal client request.
[2026-06-07 19:40:38] Accepted normal client request.
[2026-06-07 19:40:39] Accepted normal client request.
[2026-06-07 19:40:39] Accepted normal client request.
[2026-06-07 19:40:40] Accepted normal client request.
[2026-06-07 19:40:41] Accepted normal client request.
[2026-06-07 19:40:42] Accepted normal client request.
[2026-06-07 19:40:42] Accepted normal client request.
[2026-06-07 19:40:43] Accepted normal client request.
[2026-06-07 19:40:44] Accepted normal client request.
[2026-06-07 19:40:44] Accepted normal client request.
[2026-06-07 19:40:45] Accepted normal client request.
[2026-06-07 19:40:46] Accepted normal client request.
[2026-06-07 19:40:46] Accepted normal client request.
[2026-06-07 19:40:47] Accepted normal client request.
[2026-06-07 19:40:48] Accepted normal client request.
[2026-06-07 19:40:49] Accepted normal client request.
[2026-06-07 19:40:49] Accepted normal client request.
[2026-06-07 19:40:50] Accepted normal client request.
[2026-06-07 19:40:51] Accepted normal client request.
[2026-06-07 19:40:51] Accepted normal client request.
[2026-06-07 19:40:52] Accepted normal client request.
[2026-06-07 19:40:53] Accepted normal client request.
[2026-06-07 19:40:54] Accepted normal client request.
[2026-06-07 19:40:54] Accepted normal client request.
[2026-06-07 19:40:55] Accepted normal client request.
[2026-06-07 19:40:56] Accepted normal client request.
[2026-06-07 19:40:56] Accepted normal client request.
[2026-06-07 19:40:57] Accepted normal client request.
[2026-06-07 19:40:58] Accepted normal client request.
[2026-06-07 19:40:58] Accepted normal client request.
[2026-06-07 19:40:59] Accepted normal client request.
[2026-06-07 19:41:00] Accepted normal client request.
[2026-06-07 19:41:01] Accepted normal client request.
[2026-06-07 19:41:01] Accepted normal client request.
[2026-06-07 19:41:02] Accepted normal client request.
[2026-06-07 19:41:03] Accepted normal client request.
[2026-06-07 19:41:03] Accepted normal client request.
[2026-06-07 19:41:04] Accepted normal client request.
[2026-06-07 19:41:05] Accepted normal client request.
[2026-06-07 19:41:06] Accepted normal client request.
[2026-06-07 19:41:06] Accepted normal client request.
[2026-06-07 19:41:07] Accepted normal client request.
[2026-06-07 19:41:08] Accepted normal client request.
[2026-06-07 19:41:08] Accepted normal client request.
[2026-06-07 19:41:09] Accepted normal client request.
[2026-06-07 19:41:10] Accepted normal client request.
[2026-06-07 19:41:10] Accepted normal client request.
[2026-06-07 19:41:11] Accepted normal client request.
[2026-06-07 19:41:12] Accepted normal client request.
[2026-06-07 19:41:13] Accepted normal client request.
[2026-06-07 19:41:13] Accepted normal client request.
[2026-06-07 19:41:14] Accepted normal client request.
[2026-06-07 19:41:15] Accepted normal client request.
[2026-06-07 19:41:15] Accepted normal client request.
[2026-06-07 19:41:16] Accepted normal client request.
[2026-06-07 19:41:17] Accepted normal client request.
[2026-06-07 19:41:17] Accepted normal client request.
[2026-06-07 19:41:18] Accepted normal client request.
[2026-06-07 19:41:19] Accepted normal client request.
[2026-06-07 19:41:20] Accepted normal client request.
[2026-06-07 19:41:20] Accepted normal client request.
[2026-06-07 19:41:21] Accepted normal client request.
[2026-06-07 19:41:22] Accepted normal client request.
[2026-06-07 19:41:22] Accepted normal client request.
[2026-06-07 19:41:23] Accepted normal client request.
[2026-06-07 19:41:24] Accepted normal client request.
[2026-06-07 19:41:25] Accepted normal client request.
[2026-06-07 19:41:25] Accepted normal client request.
[2026-06-07 19:41:26] Accepted normal client request.
[2026-06-07 19:41:27] Accepted normal client request.
[2026-06-07 19:41:27] Accepted normal client request.
[2026-06-07 19:41:28] Accepted normal client request.
[2026-06-07 19:41:29] Accepted normal client request.
[2026-06-07 19:41:29] Accepted normal client request.
[2026-06-07 19:41:30] Accepted normal client request.
[2026-06-07 19:41:31] Accepted normal client request.
[2026-06-07 19:41:32] Accepted normal client request.
[2026-06-07 19:41:32] Accepted normal client request.
[2026-06-07 19:41:33] Accepted normal client request.
[2026-06-07 19:41:34] Accepted normal client request.
[2026-06-07 19:41:34] Accepted normal client request.
[2026-06-07 19:41:35] Accepted normal client request.
[2026-06-07 19:41:36] Accepted normal client request.
[2026-06-07 19:41:36] Accepted normal client request.
[2026-06-07 19:41:37] Accepted normal client request.
[2026-06-07 19:41:38] Accepted normal client request.
[2026-06-07 19:41:39] Accepted normal client request.
[2026-06-07 19:41:39] Accepted normal client request.
[2026-06-07 19:41:40] Accepted normal client request.
[2026-06-07 19:41:41] Accepted normal client request.
[2026-06-07 19:41:41] Accepted normal client request.
[2026-06-07 19:41:42] Accepted normal client request.
[2026-06-07 19:41:43] Accepted normal client request.
[2026-06-07 19:41:44] Accepted normal client request.
[2026-06-07 19:41:44] Accepted normal client request.
[2026-06-07 19:41:45] Accepted normal client request.
[2026-06-07 19:41:46] Accepted normal client request.
[2026-06-07 19:41:46] Accepted normal client request.
[2026-06-07 19:41:47] Accepted normal client request.
[2026-06-07 19:41:48] Accepted normal client request.
[2026-06-07 19:41:48] Accepted normal client request.
[2026-06-07 19:41:49] Accepted normal client request.
[2026-06-07 19:41:50] Accepted normal client request.
[2026-06-07 19:41:51] Accepted normal client request.
[2026-06-07 19:41:51] Accepted normal client request.
[2026-06-07 19:41:52] Accepted normal client request.
[2026-06-07 19:41:53] Accepted normal client request.
[2026-06-07 19:41:53] Accepted normal client request.
[2026-06-07 19:41:54] Accepted normal client request.
[2026-06-07 19:41:55] Accepted normal client request.
[2026-06-07 19:41:55] Accepted normal client request.
[2026-06-07 19:41:56] Accepted normal client request.
[2026-06-07 19:41:57] Accepted normal client request.
[2026-06-07 19:41:58] Accepted normal client request.
[2026-06-07 19:41:59] Accepted normal client request.
[2026-06-07 19:42:01] Accepted normal client request.
[2026-06-07 19:42:05] Accepted normal client request.
